participantId,task,startTime,endTime,duration_sec,duration_min,format
67895b7d6400163124042af7,introduction,1747333693203,1747334088951,395.748,6.5958,jsonc
67895b7d6400163124042af7,qualifications,1747334089201,1747334099483,10.282,0.17136666666666667,jsonc
67895b7d6400163124042af7,consent,1747334099654,1747334162722,63.068,1.0511333333333333,jsonc
67895b7d6400163124042af7,task,1747334162959,1747334177569,14.61,0.2435,jsonc
67895b7d6400163124042af7,writing-task-NL,1747334177671,1747334653501,475.83,7.930499999999999,jsonc
67895b7d6400163124042af7,writing-task-NL_post-task-question,1747334653715,1747334665864,12.149,0.20248333333333332,jsonc
67895b7d6400163124042af7,tutorial-part1,1747334665961,1747335707140,1041.179,17.352983333333334,jsonc
67895b7d6400163124042af7,tutorial-part2,1747335707598,1747335881836,174.238,2.903966666666667,jsonc
67895b7d6400163124042af7,reading-task-config-1,1747335882150,1747335947784,65.634,1.0939,jsonc
67895b7d6400163124042af7,reading-task-config-1_post-task-question,1747335948071,1747335955384,7.313,0.12188333333333333,jsonc
67895b7d6400163124042af7,reading-task-config-2,1747335955819,1747336024757,68.938,1.1489666666666667,jsonc
67895b7d6400163124042af7,reading-task-config-2_post-task-question,1747336025084,1747336031368,6.284,0.10473333333333333,jsonc
67895b7d6400163124042af7,reading-task-config-3,1747336031704,1747336066889,35.185,0.5864166666666667,jsonc
67895b7d6400163124042af7,reading-task-config-3_post-task-question,1747336067277,1747336075982,8.705,0.14508333333333334,jsonc
67895b7d6400163124042af7,reading-task-config-4,1747336076341,1747336151040,74.699,1.2449833333333333,jsonc
67895b7d6400163124042af7,reading-task-config-4_post-task-question,1747336151419,1747336156501,5.082,0.0847,jsonc
67895b7d6400163124042af7,reading-task-config-5,1747336156746,1747336187067,30.321,0.5053500000000001,jsonc
67895b7d6400163124042af7,reading-task-config-5_post-task-question,1747336187448,1747336193744,6.296,0.10493333333333334,jsonc
67895b7d6400163124042af7,writing-task-config,1747336194056,1747336876921,682.865,11.381083333333333,jsonc
67895b7d6400163124042af7,writing-task-config_post-task-question,1747336877323,1747336883587,6.264,0.1044,jsonc
67895b7d6400163124042af7,modifying-task-config-1,1747336883833,1747336908273,24.44,0.4073333333333334,jsonc
67895b7d6400163124042af7,modifying-task-config-1_post-task-question,1747336908705,1747336913032,4.327,0.07211666666666666,jsonc
67895b7d6400163124042af7,modifying-task-config-2,1747336913465,1747336918230,4.765,0.07941666666666666,jsonc
67895b7d6400163124042af7,modifying-task-config-2_post-task-question,1747336918623,1747336924594,5.971,0.09951666666666667,jsonc
67895b7d6400163124042af7,modifying-task-config-3,1747336924996,1747336928923,3.927,0.06545,jsonc
67895b7d6400163124042af7,modifying-task-config-3_post-task-question,1747336929267,1747336934772,5.505,0.09175,jsonc
67895b7d6400163124042af7,modifying-task-config-4,1747336935098,1747336939555,4.457,0.07428333333333333,jsonc
67895b7d6400163124042af7,modifying-task-config-4_post-task-question,1747336939981,1747336945878,5.897,0.09828333333333333,jsonc
67895b7d6400163124042af7,$nasa-tlx.co.nasa-tlx,1747336946502,1747336981574,35.072,0.5845333333333333,jsonc
67895b7d6400163124042af7,post-task-survey-tlx,1747336981956,1747337105186,123.23,2.0538333333333334,jsonc
67895b7d6400163124042af7,unqualified,0,-1,-0.001,-1.6666666666666667e-05,jsonc
659960f32faa4ff4b116de92,introduction,1747172532319,1747172564009,31.69,0.5281666666666667,toml
659960f32faa4ff4b116de92,qualifications,1747172564086,1747172573042,8.956,0.14926666666666666,toml
659960f32faa4ff4b116de92,consent,1747172573111,1747172661358,88.247,1.4707833333333333,toml
659960f32faa4ff4b116de92,task,1747172661428,1747172738792,77.364,1.2894,toml
659960f32faa4ff4b116de92,writing-task-NL,1747172738839,1747172873881,135.042,2.2507,toml
659960f32faa4ff4b116de92,writing-task-NL_post-task-question,1747172873965,1747172880942,6.977,0.11628333333333334,toml
659960f32faa4ff4b116de92,tutorial-part1,1747172880984,1747173468994,588.01,9.800166666666666,toml
659960f32faa4ff4b116de92,tutorial-part2,1747173469058,1747173689924,220.866,3.6811000000000003,toml
659960f32faa4ff4b116de92,reading-task-config-1,1747173689983,1747173743824,53.841,0.89735,toml
659960f32faa4ff4b116de92,reading-task-config-1_post-task-question,1747173743902,1747173752623,8.721,0.14535,toml
659960f32faa4ff4b116de92,reading-task-config-2,1747173752673,1747173772256,19.583,0.3263833333333333,toml
659960f32faa4ff4b116de92,reading-task-config-2_post-task-question,1747173772330,1747173784041,11.711,0.19518333333333335,toml
659960f32faa4ff4b116de92,reading-task-config-3,1747173784086,1747173817307,33.221,0.5536833333333333,toml
659960f32faa4ff4b116de92,reading-task-config-3_post-task-question,1747173817375,1747173826391,9.016,0.15026666666666666,toml
659960f32faa4ff4b116de92,reading-task-config-4,1747173826434,1747174200055,373.621,6.227016666666667,toml
659960f32faa4ff4b116de92,reading-task-config-4_post-task-question,1747174200137,1747174204872,4.735,0.07891666666666668,toml
659960f32faa4ff4b116de92,reading-task-config-5,1747174204925,1747174233272,28.347,0.47245000000000004,toml
659960f32faa4ff4b116de92,reading-task-config-5_post-task-question,1747174233353,1747174236739,3.386,0.056433333333333335,toml
659960f32faa4ff4b116de92,writing-task-config,1747174236780,1747175177415,940.635,15.677249999999999,toml
659960f32faa4ff4b116de92,writing-task-config_post-task-question,1747175177504,1747175182642,5.138,0.08563333333333333,toml
659960f32faa4ff4b116de92,modifying-task-config-1,1747175182689,1747175283192,100.503,1.67505,toml
659960f32faa4ff4b116de92,modifying-task-config-1_post-task-question,1747175283276,1747175287876,4.6,0.07666666666666666,toml
659960f32faa4ff4b116de92,modifying-task-config-2,1747175287923,1747175427510,139.587,2.32645,toml
659960f32faa4ff4b116de92,modifying-task-config-2_post-task-question,1747175427599,1747175433608,6.009,0.10015,toml
659960f32faa4ff4b116de92,modifying-task-config-3,1747175433658,1747175500893,67.235,1.1205833333333333,toml
659960f32faa4ff4b116de92,modifying-task-config-3_post-task-question,1747175500972,1747175504108,3.136,0.05226666666666667,toml
659960f32faa4ff4b116de92,modifying-task-config-4,1747175504154,1747175790380,286.226,4.770433333333333,toml
659960f32faa4ff4b116de92,modifying-task-config-4_post-task-question,1747175790477,1747175794908,4.431,0.07385,toml
659960f32faa4ff4b116de92,$nasa-tlx.co.nasa-tlx,1747175794991,1747175841492,46.501,0.7750166666666666,toml
659960f32faa4ff4b116de92,post-task-survey-tlx,1747175841601,1747175950196,108.595,1.8099166666666666,toml
659960f32faa4ff4b116de92,unqualified,0,-1,-0.001,-1.6666666666666667e-05,toml
5f7f239e9b204e05b6c36538,introduction,1746769764275,1746769823330,59.055,0.98425,json5
5f7f239e9b204e05b6c36538,qualifications,1746769823735,1746769834788,11.053,0.18421666666666667,json5
5f7f239e9b204e05b6c36538,consent,1746769835168,1746769874878,39.71,0.6618333333333334,json5
5f7f239e9b204e05b6c36538,task,1746770069196,1746770081541,12.345,0.20575000000000002,json5
5f7f239e9b204e05b6c36538,writing-task-NL,1746770081866,1746770313410,231.544,3.8590666666666666,json5
5f7f239e9b204e05b6c36538,writing-task-NL_post-task-question,1746770313980,1746770319498,5.518,0.09196666666666667,json5
5f7f239e9b204e05b6c36538,tutorial-part1,1746770319785,1746771454957,1135.172,18.919533333333334,json5
5f7f239e9b204e05b6c36538,tutorial-part2,1746771455277,1746771964575,509.298,8.4883,json5
5f7f239e9b204e05b6c36538,reading-task-config-1,1746771964989,1746772270889,305.9,5.098333333333333,json5
5f7f239e9b204e05b6c36538,reading-task-config-1_post-task-question,1746772271344,1746772277804,6.46,0.10766666666666666,json5
5f7f239e9b204e05b6c36538,reading-task-config-2,1746772278059,1746772305330,27.271,0.4545166666666667,json5
5f7f239e9b204e05b6c36538,reading-task-config-2_post-task-question,1746772305775,1746772309961,4.186,0.06976666666666667,json5
5f7f239e9b204e05b6c36538,reading-task-config-3,1746772310223,1746772343380,33.157,0.5526166666666666,json5
5f7f239e9b204e05b6c36538,reading-task-config-3_post-task-question,1746772343794,1746772347826,4.032,0.0672,json5
5f7f239e9b204e05b6c36538,reading-task-config-4,1746772348071,1746772452894,104.823,1.74705,json5
5f7f239e9b204e05b6c36538,reading-task-config-4_post-task-question,1746772453323,1746772457096,3.773,0.06288333333333333,json5
5f7f239e9b204e05b6c36538,reading-task-config-5,1746772457329,1746772535622,78.293,1.3048833333333334,json5
5f7f239e9b204e05b6c36538,reading-task-config-5_post-task-question,1746772536042,1746772539184,3.142,0.052366666666666666,json5
5f7f239e9b204e05b6c36538,writing-task-config,1746772539421,1746773057599,518.178,8.6363,json5
5f7f239e9b204e05b6c36538,writing-task-config_post-task-question,1746773058260,1746773064137,5.877,0.09795,json5
5f7f239e9b204e05b6c36538,modifying-task-config-1,1746773064376,1746773384797,320.421,5.34035,json5
5f7f239e9b204e05b6c36538,modifying-task-config-1_post-task-question,1746773385312,1746773389225,3.913,0.06521666666666666,json5
5f7f239e9b204e05b6c36538,modifying-task-config-2,1746773389488,1746773642919,253.431,4.2238500000000005,json5
5f7f239e9b204e05b6c36538,modifying-task-config-2_post-task-question,1746773643389,1746773648144,4.755,0.07925,json5
5f7f239e9b204e05b6c36538,modifying-task-config-3,1746773648411,1746773705168,56.757,0.94595,json5
5f7f239e9b204e05b6c36538,modifying-task-config-3_post-task-question,1746773705623,1746773709790,4.167,0.06945,json5
5f7f239e9b204e05b6c36538,modifying-task-config-4,1746773710054,1746773787394,77.34,1.2890000000000001,json5
5f7f239e9b204e05b6c36538,modifying-task-config-4_post-task-question,1746773787859,1746773791728,3.869,0.06448333333333334,json5
5f7f239e9b204e05b6c36538,$nasa-tlx.co.nasa-tlx,1746773792213,1746773826494,34.281,0.57135,json5
5f7f239e9b204e05b6c36538,post-task-survey-tlx,1746773827098,1746773877141,50.043,0.83405,json5
5f7f239e9b204e05b6c36538,unqualified,0,-1,-0.001,-1.6666666666666667e-05,json5
67b8636acd5ed420cc098b64,introduction,1747173197000,1747173212910,15.91,0.26516666666666666,toml
67b8636acd5ed420cc098b64,qualifications,1747173214413,1747173219066,4.653,0.07755,toml
67b8636acd5ed420cc098b64,consent,1747173221307,1747173265583,44.276,0.7379333333333334,toml
67b8636acd5ed420cc098b64,task,1747173267050,1747173277202,10.152,0.1692,toml
67b8636acd5ed420cc098b64,writing-task-NL,1747173830716,1747174181518,350.802,5.8467,toml
67b8636acd5ed420cc098b64,writing-task-NL_post-task-question,1747174183116,1747174219764,36.648,0.6108,toml
67b8636acd5ed420cc098b64,tutorial-part1,1747174220590,1747174546478,325.888,5.431466666666666,toml
67b8636acd5ed420cc098b64,tutorial-part2,1747174547418,1747174616142,68.724,1.1454,toml
67b8636acd5ed420cc098b64,reading-task-config-1,1747174617563,1747174757130,139.567,2.3261166666666666,toml
67b8636acd5ed420cc098b64,reading-task-config-1_post-task-question,1747174758667,1747174775442,16.775,0.2795833333333333,toml
67b8636acd5ed420cc098b64,reading-task-config-2,1747174776360,1747174871127,94.767,1.57945,toml
67b8636acd5ed420cc098b64,reading-task-config-2_post-task-question,1747174872855,1747174894602,21.747,0.36245,toml
67b8636acd5ed420cc098b64,reading-task-config-3,1747174895679,1747174960807,65.128,1.0854666666666666,toml
67b8636acd5ed420cc098b64,reading-task-config-3_post-task-question,1747174962565,1747174978276,15.711,0.26185,toml
67b8636acd5ed420cc098b64,reading-task-config-4,1747174979304,1747175118550,139.246,2.3207666666666666,toml
67b8636acd5ed420cc098b64,reading-task-config-4_post-task-question,1747175120280,1747175136736,16.456,0.27426666666666666,toml
67b8636acd5ed420cc098b64,reading-task-config-5,1747175137655,1747175196325,58.67,0.9778333333333333,toml
67b8636acd5ed420cc098b64,reading-task-config-5_post-task-question,1747175198267,1747175206836,8.569,0.14281666666666668,toml
67b8636acd5ed420cc098b64,writing-task-config,1747175207986,1747176367954,1159.968,19.332800000000002,toml
67b8636acd5ed420cc098b64,writing-task-config_post-task-question,1747176369539,1747176376722,7.183,0.11971666666666667,toml
67b8636acd5ed420cc098b64,modifying-task-config-1,1747176811464,1747177105263,293.799,4.896649999999999,toml
67b8636acd5ed420cc098b64,modifying-task-config-1_post-task-question,1747177107491,1747177119232,11.741,0.19568333333333332,toml
67b8636acd5ed420cc098b64,modifying-task-config-2,1747177232512,1747177706252,473.74,7.895666666666667,toml
67b8636acd5ed420cc098b64,modifying-task-config-2_post-task-question,1747177707005,1747177728554,21.549,0.35914999999999997,toml
67b8636acd5ed420cc098b64,modifying-task-config-3,1747177728906,1747178109065,380.159,6.335983333333333,toml
67b8636acd5ed420cc098b64,modifying-task-config-3_post-task-question,1747178109671,1747178131502,21.831,0.36385,toml
67b8636acd5ed420cc098b64,modifying-task-config-4,1747178131884,1747178344965,213.081,3.55135,toml
67b8636acd5ed420cc098b64,modifying-task-config-4_post-task-question,1747178345734,1747178361046,15.312,0.2552,toml
67b8636acd5ed420cc098b64,$nasa-tlx.co.nasa-tlx,1747178361717,1747178406544,44.827,0.7471166666666667,toml
67b8636acd5ed420cc098b64,post-task-survey-tlx,1747178407423,1747178508446,101.023,1.6837166666666665,toml
67b8636acd5ed420cc098b64,unqualified,0,-1,-0.001,-1.6666666666666667e-05,toml
57ca4b09993b08000192297b,introduction,1747172464888,1747172491634,26.746,0.44576666666666664,xml
57ca4b09993b08000192297b,qualifications,1747172491804,1747172498816,7.012,0.11686666666666666,xml
57ca4b09993b08000192297b,consent,1747172498978,1747172551178,52.2,0.87,xml
57ca4b09993b08000192297b,task,1747172551379,1747172589704,38.325,0.63875,xml
57ca4b09993b08000192297b,writing-task-NL,1747172589788,1747172725694,135.906,2.2651,xml
57ca4b09993b08000192297b,writing-task-NL_post-task-question,1747172725872,1747172733392,7.52,0.12533333333333332,xml
57ca4b09993b08000192297b,tutorial-part1,1747172733479,1747172809696,76.217,1.2702833333333332,xml
57ca4b09993b08000192297b,tutorial-part2,1747172809834,1747172985465,175.631,2.9271833333333332,xml
57ca4b09993b08000192297b,reading-task-config-1,1747172985562,1747173007897,22.335,0.37225,xml
57ca4b09993b08000192297b,reading-task-config-1_post-task-question,1747173008054,1747173015257,7.203,0.12005,xml
57ca4b09993b08000192297b,reading-task-config-2,1747173015417,1747173034863,19.446,0.3241,xml
57ca4b09993b08000192297b,reading-task-config-2_post-task-question,1747173035030,1747173039833,4.803,0.08005,xml
57ca4b09993b08000192297b,reading-task-config-3,1747173039926,1747173122672,82.746,1.3791,xml
57ca4b09993b08000192297b,reading-task-config-3_post-task-question,1747173122825,1747173127440,4.615,0.07691666666666667,xml
57ca4b09993b08000192297b,reading-task-config-4,1747173127529,1747173178336,50.807,0.8467833333333333,xml
57ca4b09993b08000192297b,reading-task-config-4_post-task-question,1747173178494,1747173185224,6.73,0.11216666666666668,xml
57ca4b09993b08000192297b,reading-task-config-5,1747173185343,1747173234257,48.914,0.8152333333333334,xml
57ca4b09993b08000192297b,reading-task-config-5_post-task-question,1747173234422,1747173238664,4.242,0.0707,xml
57ca4b09993b08000192297b,writing-task-config,1747173238748,1747173603870,365.122,6.085366666666667,xml
57ca4b09993b08000192297b,writing-task-config_post-task-question,1747173604042,1747173608799,4.757,0.07928333333333333,xml
57ca4b09993b08000192297b,modifying-task-config-1,1747173608894,1747173693519,84.625,1.4104166666666667,xml
57ca4b09993b08000192297b,modifying-task-config-1_post-task-question,1747173693676,1747173696672,2.996,0.049933333333333337,xml
57ca4b09993b08000192297b,modifying-task-config-2,1747173696761,1747173853835,157.074,2.6179,xml
57ca4b09993b08000192297b,modifying-task-config-2_post-task-question,1747173854008,1747173859568,5.56,0.09266666666666666,xml
57ca4b09993b08000192297b,modifying-task-config-3,1747173859666,1747173939640,79.974,1.3329,xml
57ca4b09993b08000192297b,modifying-task-config-3_post-task-question,1747173939832,1747173946296,6.464,0.10773333333333333,xml
57ca4b09993b08000192297b,modifying-task-config-4,1747173946392,1747174412454,466.062,7.7677000000000005,xml
57ca4b09993b08000192297b,modifying-task-config-4_post-task-question,1747174412724,1747174419840,7.116,0.1186,xml
57ca4b09993b08000192297b,$nasa-tlx.co.nasa-tlx,1747174420084,1747174450113,30.029,0.5004833333333333,xml
57ca4b09993b08000192297b,post-task-survey-tlx,1747174450463,1747174588117,137.654,2.294233333333333,xml
57ca4b09993b08000192297b,unqualified,0,-1,-0.001,-1.6666666666666667e-05,xml
67d1cc8044430e99a7d91b4a,introduction,1746776758888,1746776763202,4.314,0.0719,toml
67d1cc8044430e99a7d91b4a,qualifications,1746776763659,1746776772944,9.285,0.15475,toml
67d1cc8044430e99a7d91b4a,consent,1746776773309,1746776799123,25.814,0.43023333333333336,toml
67d1cc8044430e99a7d91b4a,task,1746776799519,1746776802650,3.131,0.05218333333333333,toml
67d1cc8044430e99a7d91b4a,writing-task-NL,1746776802831,1746777444787,641.956,10.699266666666666,toml
67d1cc8044430e99a7d91b4a,writing-task-NL_post-task-question,1746777445342,1746777450500,5.158,0.08596666666666668,toml
67d1cc8044430e99a7d91b4a,tutorial-part1,1746777450741,1746777960781,510.04,8.500666666666667,toml
67d1cc8044430e99a7d91b4a,tutorial-part2,1746777961053,1746778300807,339.754,5.662566666666667,toml
67d1cc8044430e99a7d91b4a,reading-task-config-1,1746778301140,1746778364201,63.061,1.0510166666666667,toml
67d1cc8044430e99a7d91b4a,reading-task-config-1_post-task-question,1746778364617,1746778385823,21.206,0.3534333333333333,toml
67d1cc8044430e99a7d91b4a,reading-task-config-2,1746778386050,1746778411074,25.024,0.4170666666666667,toml
67d1cc8044430e99a7d91b4a,reading-task-config-2_post-task-question,1746778411478,1746778423363,11.885,0.19808333333333333,toml
67d1cc8044430e99a7d91b4a,reading-task-config-3,1746778423599,1746778538521,114.922,1.9153666666666667,toml
67d1cc8044430e99a7d91b4a,reading-task-config-3_post-task-question,1746778538871,1746778554744,15.873,0.26455,toml
67d1cc8044430e99a7d91b4a,reading-task-config-4,1746778554937,1746778670535,115.598,1.9266333333333334,toml
67d1cc8044430e99a7d91b4a,reading-task-config-4_post-task-question,1746778670983,1746778675788,4.805,0.08008333333333333,toml
67d1cc8044430e99a7d91b4a,reading-task-config-5,1746778675989,1746778896151,220.162,3.669366666666667,toml
67d1cc8044430e99a7d91b4a,reading-task-config-5_post-task-question,1746778896604,1746778903711,7.107,0.11845,toml
67d1cc8044430e99a7d91b4a,writing-task-config,1746779635799,1746780186521,550.722,9.1787,toml
67d1cc8044430e99a7d91b4a,writing-task-config_post-task-question,1746780187170,1746780209035,21.865,0.36441666666666667,toml
67d1cc8044430e99a7d91b4a,modifying-task-config-1,1746780209378,1746780363273,153.895,2.564916666666667,toml
67d1cc8044430e99a7d91b4a,modifying-task-config-1_post-task-question,1746780363632,1746780372666,9.034,0.15056666666666668,toml
67d1cc8044430e99a7d91b4a,modifying-task-config-2,1746780372867,1746781196969,824.102,13.735033333333332,toml
67d1cc8044430e99a7d91b4a,modifying-task-config-2_post-task-question,1746781197532,1746781213929,16.397,0.2732833333333333,toml
67d1cc8044430e99a7d91b4a,modifying-task-config-3,1746781214151,1746781320310,106.159,1.7693166666666669,toml
67d1cc8044430e99a7d91b4a,modifying-task-config-3_post-task-question,1746781320849,1746781325876,5.027,0.08378333333333333,toml
67d1cc8044430e99a7d91b4a,modifying-task-config-4,1746781326144,1746781755993,429.849,7.16415,toml
67d1cc8044430e99a7d91b4a,modifying-task-config-4_post-task-question,1746781757152,1746781769299,12.147,0.20245,toml
67d1cc8044430e99a7d91b4a,$nasa-tlx.co.nasa-tlx,1746781769828,1746781819359,49.531,0.8255166666666667,toml
67d1cc8044430e99a7d91b4a,post-task-survey-tlx,1746781820153,1746781927543,107.39,1.7898333333333334,toml
67d1cc8044430e99a7d91b4a,unqualified,0,-1,-0.001,-1.6666666666666667e-05,toml
6693ce87e76d32ccf07fbcd8,introduction,1746767554657,1746767704359,149.702,2.495033333333333,xml
6693ce87e76d32ccf07fbcd8,qualifications,1746767704694,1746767722105,17.411,0.29018333333333335,xml
6693ce87e76d32ccf07fbcd8,consent,1746767722323,1746767925528,203.205,3.38675,xml
6693ce87e76d32ccf07fbcd8,task,1746767925959,1746768180694,254.735,4.245583333333333,xml
6693ce87e76d32ccf07fbcd8,writing-task-NL,1746768180891,1746768655826,474.935,7.915583333333333,xml
6693ce87e76d32ccf07fbcd8,writing-task-NL_post-task-question,1746768656064,1746768673759,17.695,0.29491666666666666,xml
6693ce87e76d32ccf07fbcd8,tutorial-part1,1746768673900,1746769014058,340.158,5.669300000000001,xml
6693ce87e76d32ccf07fbcd8,tutorial-part2,1746769014278,1746769543427,529.149,8.81915,xml
6693ce87e76d32ccf07fbcd8,reading-task-config-1,1746769543614,1746769644330,100.716,1.6785999999999999,xml
6693ce87e76d32ccf07fbcd8,reading-task-config-1_post-task-question,1746769644624,1746769656205,11.581,0.19301666666666667,xml
6693ce87e76d32ccf07fbcd8,reading-task-config-2,1746769656370,1746769867012,210.642,3.5107,xml
6693ce87e76d32ccf07fbcd8,reading-task-config-2_post-task-question,1746769867289,1746769879922,12.633,0.21055,xml
6693ce87e76d32ccf07fbcd8,reading-task-config-3,1746769880093,1746769941804,61.711,1.0285166666666667,xml
6693ce87e76d32ccf07fbcd8,reading-task-config-3_post-task-question,1746769942076,1746769952520,10.444,0.17406666666666668,xml
6693ce87e76d32ccf07fbcd8,reading-task-config-4,1746769952687,1746770157877,205.19,3.4198333333333335,xml
6693ce87e76d32ccf07fbcd8,reading-task-config-4_post-task-question,1746770158181,1746770168363,10.182,0.16970000000000002,xml
6693ce87e76d32ccf07fbcd8,reading-task-config-5,1746770168521,1746770247034,78.513,1.30855,xml
6693ce87e76d32ccf07fbcd8,reading-task-config-5_post-task-question,1746770247299,1746770255008,7.709,0.12848333333333334,xml
6693ce87e76d32ccf07fbcd8,writing-task-config,1746770255182,1746771314848,1059.666,17.661099999999998,xml
6693ce87e76d32ccf07fbcd8,writing-task-config_post-task-question,1746771315110,1746771327397,12.287,0.20478333333333334,xml
6693ce87e76d32ccf07fbcd8,modifying-task-config-1,1746771327578,1746771648896,321.318,5.3553,xml
6693ce87e76d32ccf07fbcd8,modifying-task-config-1_post-task-question,1746771649202,1746771655675,6.473,0.10788333333333333,xml
6693ce87e76d32ccf07fbcd8,modifying-task-config-2,1746771655848,1746771923283,267.435,4.45725,xml
6693ce87e76d32ccf07fbcd8,modifying-task-config-2_post-task-question,1746771923566,1746771934141,10.575,0.17625,xml
6693ce87e76d32ccf07fbcd8,modifying-task-config-3,1746771934334,1746772509266,574.932,9.5822,xml
6693ce87e76d32ccf07fbcd8,modifying-task-config-3_post-task-question,1746772509558,1746772524732,15.174,0.2529,xml
6693ce87e76d32ccf07fbcd8,modifying-task-config-4,1746772524911,1746772835751,310.84,5.180666666666666,xml
6693ce87e76d32ccf07fbcd8,modifying-task-config-4_post-task-question,1746772836086,1746772841444,5.358,0.08929999999999999,xml
6693ce87e76d32ccf07fbcd8,$nasa-tlx.co.nasa-tlx,1746772841777,1746772939535,97.758,1.6293,xml
6693ce87e76d32ccf07fbcd8,post-task-survey-tlx,1746772939969,1746773186766,246.797,4.113283333333333,xml
6693ce87e76d32ccf07fbcd8,unqualified,0,-1,-0.001,-1.6666666666666667e-05,xml
680ebf035ab59d342f31726e,introduction,1747172554859,1747172690128,135.269,2.2544833333333334,hjson
680ebf035ab59d342f31726e,qualifications,1747172690827,1747172700395,9.568,0.15946666666666667,hjson
680ebf035ab59d342f31726e,consent,1747172701006,1747172729924,28.918,0.48196666666666665,hjson
680ebf035ab59d342f31726e,task,1747172730574,1747172829095,98.521,1.6420166666666667,hjson
680ebf035ab59d342f31726e,writing-task-NL,1747172829495,1747173130856,301.361,5.022683333333333,hjson
680ebf035ab59d342f31726e,writing-task-NL_post-task-question,1747173131732,1747173143883,12.151,0.20251666666666665,hjson
680ebf035ab59d342f31726e,tutorial-part1,1747173144286,1747173694605,550.319,9.171983333333333,hjson
680ebf035ab59d342f31726e,tutorial-part2,1747173695430,1747175242498,1547.068,25.784466666666667,hjson
680ebf035ab59d342f31726e,reading-task-config-1,1747175242900,1747175340164,97.264,1.6210666666666667,hjson
680ebf035ab59d342f31726e,reading-task-config-1_post-task-question,1747175340818,1747175351004,10.186,0.16976666666666668,hjson
680ebf035ab59d342f31726e,reading-task-config-2,1747175351423,1747175407960,56.537,0.9422833333333334,hjson
680ebf035ab59d342f31726e,reading-task-config-2_post-task-question,1747175408661,1747175418053,9.392,0.15653333333333333,hjson
680ebf035ab59d342f31726e,reading-task-config-3,1747175418469,1747175455755,37.286,0.6214333333333334,hjson
680ebf035ab59d342f31726e,reading-task-config-3_post-task-question,1747175456404,1747175463354,6.95,0.11583333333333333,hjson
680ebf035ab59d342f31726e,reading-task-config-4,1747175463783,1747175573321,109.538,1.8256333333333332,hjson
680ebf035ab59d342f31726e,reading-task-config-4_post-task-question,1747175573967,1747175580640,6.673,0.11121666666666667,hjson
680ebf035ab59d342f31726e,reading-task-config-5,1747175581053,1747175674247,93.194,1.5532333333333335,hjson
680ebf035ab59d342f31726e,reading-task-config-5_post-task-question,1747175674937,1747175682449,7.512,0.1252,hjson
680ebf035ab59d342f31726e,writing-task-config,1747175682882,1747176992386,1309.504,21.825066666666665,hjson
680ebf035ab59d342f31726e,writing-task-config_post-task-question,1747176993064,1747177000157,7.093,0.11821666666666666,hjson
680ebf035ab59d342f31726e,modifying-task-config-1,1747177000554,1747177098693,98.139,1.6356499999999998,hjson
680ebf035ab59d342f31726e,modifying-task-config-1_post-task-question,1747177099395,1747177104781,5.386,0.08976666666666668,hjson
680ebf035ab59d342f31726e,modifying-task-config-2,1747177105201,1747177316331,211.13,3.5188333333333333,hjson
680ebf035ab59d342f31726e,modifying-task-config-2_post-task-question,1747177317007,1747177323497,6.49,0.10816666666666667,hjson
680ebf035ab59d342f31726e,modifying-task-config-3,1747177323906,1747177439399,115.493,1.9248833333333333,hjson
680ebf035ab59d342f31726e,modifying-task-config-3_post-task-question,1747177440090,1747177446106,6.016,0.10026666666666667,hjson
680ebf035ab59d342f31726e,modifying-task-config-4,1747177446550,1747177776139,329.589,5.49315,hjson
680ebf035ab59d342f31726e,modifying-task-config-4_post-task-question,1747177776816,1747177785661,8.845,0.14741666666666667,hjson
680ebf035ab59d342f31726e,$nasa-tlx.co.nasa-tlx,1747177786428,1747177845239,58.811,0.9801833333333333,hjson
680ebf035ab59d342f31726e,post-task-survey-tlx,1747177846210,1747177981056,134.846,2.2474333333333334,hjson
680ebf035ab59d342f31726e,unqualified,0,-1,-0.001,-1.6666666666666667e-05,hjson
67f0d86fabc081fdc410e828,introduction,1746768060762,1746768109669,48.907,0.8151166666666666,yaml
67f0d86fabc081fdc410e828,qualifications,1746768110513,1746768123018,12.505,0.20841666666666667,yaml
67f0d86fabc081fdc410e828,consent,1746768123795,1746768186916,63.121,1.0520166666666666,yaml
67f0d86fabc081fdc410e828,task,1746768187733,1746768308182,120.449,2.0074833333333335,yaml
67f0d86fabc081fdc410e828,writing-task-NL,1746768308846,1746768597229,288.383,4.806383333333333,yaml
67f0d86fabc081fdc410e828,writing-task-NL_post-task-question,1746768598232,1746768607281,9.049,0.15081666666666665,yaml
67f0d86fabc081fdc410e828,tutorial-part1,1746768608017,1746768940770,332.753,5.545883333333333,yaml
67f0d86fabc081fdc410e828,tutorial-part2,1746768941207,1746769427879,486.672,8.1112,yaml
67f0d86fabc081fdc410e828,reading-task-config-1,1746769428495,1746769724289,295.794,4.9299,yaml
67f0d86fabc081fdc410e828,reading-task-config-1_post-task-question,1746769725546,1746769740118,14.572,0.24286666666666665,yaml
67f0d86fabc081fdc410e828,reading-task-config-2,1746769740762,1746769934498,193.736,3.228933333333333,yaml
67f0d86fabc081fdc410e828,reading-task-config-2_post-task-question,1746769935302,1746769944415,9.113,0.15188333333333331,yaml
67f0d86fabc081fdc410e828,reading-task-config-3,1746769945121,1746769986040,40.919,0.6819833333333333,yaml
67f0d86fabc081fdc410e828,reading-task-config-3_post-task-question,1746769986864,1746769995388,8.524,0.14206666666666665,yaml
67f0d86fabc081fdc410e828,reading-task-config-4,1746769995975,1746770187823,191.848,3.1974666666666667,yaml
67f0d86fabc081fdc410e828,reading-task-config-4_post-task-question,1746770188769,1746770197765,8.996,0.14993333333333334,yaml
67f0d86fabc081fdc410e828,reading-task-config-5,1746770198193,1746770264425,66.232,1.1038666666666666,yaml
67f0d86fabc081fdc410e828,reading-task-config-5_post-task-question,1746770265347,1746770270889,5.542,0.09236666666666667,yaml
67f0d86fabc081fdc410e828,writing-task-config,1746770271259,1746770948891,677.632,11.293866666666666,yaml
67f0d86fabc081fdc410e828,writing-task-config_post-task-question,1746770949894,1746770958643,8.749,0.14581666666666668,yaml
67f0d86fabc081fdc410e828,modifying-task-config-1,1746770959294,1746771041437,82.143,1.36905,yaml
67f0d86fabc081fdc410e828,modifying-task-config-1_post-task-question,1746771042170,1746771049385,7.215,0.12025,yaml
67f0d86fabc081fdc410e828,modifying-task-config-2,1746771049914,1746771260796,210.882,3.5147,yaml
67f0d86fabc081fdc410e828,modifying-task-config-2_post-task-question,1746771261670,1746771266754,5.084,0.08473333333333333,yaml
67f0d86fabc081fdc410e828,modifying-task-config-3,1746771267395,1746771412618,145.223,2.4203833333333336,yaml
67f0d86fabc081fdc410e828,modifying-task-config-3_post-task-question,1746771413552,1746771422808,9.256,0.15426666666666666,yaml
67f0d86fabc081fdc410e828,modifying-task-config-4,1746771423455,1746771585556,162.101,2.7016833333333334,yaml
67f0d86fabc081fdc410e828,modifying-task-config-4_post-task-question,1746771586478,1746771592861,6.383,0.10638333333333333,yaml
67f0d86fabc081fdc410e828,$nasa-tlx.co.nasa-tlx,1746771593603,1746771655887,62.284,1.0380666666666667,yaml
67f0d86fabc081fdc410e828,post-task-survey-tlx,1746771656767,1746771814825,158.058,2.6343,yaml
67f0d86fabc081fdc410e828,unqualified,0,-1,-0.001,-1.6666666666666667e-05,yaml
6691809035e52ca9b2b0f39a,introduction,1747172463039,1747172517694,54.655,0.9109166666666667,yaml
6691809035e52ca9b2b0f39a,qualifications,1747172517848,1747172529964,12.116,0.20193333333333333,yaml
6691809035e52ca9b2b0f39a,consent,1747172530109,1747172801924,271.815,4.53025,yaml
6691809035e52ca9b2b0f39a,task,1747172802074,1747172895220,93.146,1.5524333333333333,yaml
6691809035e52ca9b2b0f39a,writing-task-NL,1747172895299,1747173479020,583.721,9.728683333333333,yaml
6691809035e52ca9b2b0f39a,writing-task-NL_post-task-question,1747173479198,1747173496260,17.062,0.2843666666666667,yaml
6691809035e52ca9b2b0f39a,tutorial-part1,1747173496342,1747174004829,508.487,8.474783333333333,yaml
6691809035e52ca9b2b0f39a,tutorial-part2,1747174004922,1747174137389,132.467,2.2077833333333334,yaml
6691809035e52ca9b2b0f39a,reading-task-config-1,1747174137473,1747174226949,89.476,1.4912666666666667,yaml
6691809035e52ca9b2b0f39a,reading-task-config-1_post-task-question,1747174227101,1747174237877,10.776,0.1796,yaml
6691809035e52ca9b2b0f39a,reading-task-config-2,1747174237961,1747174373213,135.252,2.2542,yaml
6691809035e52ca9b2b0f39a,reading-task-config-2_post-task-question,1747174373364,1747174382669,9.305,0.15508333333333332,yaml
6691809035e52ca9b2b0f39a,reading-task-config-3,1747174382761,1747174421021,38.26,0.6376666666666666,yaml
6691809035e52ca9b2b0f39a,reading-task-config-3_post-task-question,1747174421170,1747174428037,6.867,0.11445,yaml
6691809035e52ca9b2b0f39a,reading-task-config-4,1747174428119,1747174732342,304.223,5.070383333333334,yaml
6691809035e52ca9b2b0f39a,reading-task-config-4_post-task-question,1747174732496,1747174744053,11.557,0.19261666666666669,yaml
6691809035e52ca9b2b0f39a,reading-task-config-5,1747174744144,1747174784565,40.421,0.6736833333333333,yaml
6691809035e52ca9b2b0f39a,reading-task-config-5_post-task-question,1747174784713,1747174790341,5.628,0.09380000000000001,yaml
6691809035e52ca9b2b0f39a,writing-task-config,1747174790424,1747176308267,1517.843,25.297383333333336,yaml
6691809035e52ca9b2b0f39a,writing-task-config_post-task-question,1747176308429,1747176317062,8.633,0.1438833333333333,yaml
6691809035e52ca9b2b0f39a,modifying-task-config-1,1747176317148,1747176482411,165.263,2.7543833333333336,yaml
6691809035e52ca9b2b0f39a,modifying-task-config-1_post-task-question,1747176482568,1747176492502,9.934,0.16556666666666667,yaml
6691809035e52ca9b2b0f39a,modifying-task-config-2,1747176492589,1747176743800,251.211,4.186850000000001,yaml
6691809035e52ca9b2b0f39a,modifying-task-config-2_post-task-question,1747176743960,1747176749126,5.166,0.08610000000000001,yaml
6691809035e52ca9b2b0f39a,modifying-task-config-3,1747176749219,1747176897999,148.78,2.4796666666666667,yaml
6691809035e52ca9b2b0f39a,modifying-task-config-3_post-task-question,1747176898160,1747176903582,5.422,0.09036666666666666,yaml
6691809035e52ca9b2b0f39a,modifying-task-config-4,1747176903673,1747177145440,241.767,4.02945,yaml
6691809035e52ca9b2b0f39a,modifying-task-config-4_post-task-question,1747177145607,1747177150814,5.207,0.08678333333333334,yaml
6691809035e52ca9b2b0f39a,$nasa-tlx.co.nasa-tlx,1747177150984,1747177203935,52.951,0.8825166666666667,yaml
6691809035e52ca9b2b0f39a,post-task-survey-tlx,1747177204148,1747177373632,169.484,2.8247333333333335,yaml
6691809035e52ca9b2b0f39a,unqualified,0,-1,-0.001,-1.6666666666666667e-05,yaml
678faf5b31008609fd85b185,introduction,1747345324607,1747345356936,32.329,0.5388166666666667,json5
678faf5b31008609fd85b185,qualifications,1747345357370,1747345375383,18.013,0.3002166666666667,json5
678faf5b31008609fd85b185,consent,1747345375799,1747345491112,115.313,1.9218833333333334,json5
678faf5b31008609fd85b185,task,1747345491556,1747345564283,72.727,1.2121166666666667,json5
678faf5b31008609fd85b185,writing-task-NL,1747345564486,1747345726732,162.246,2.7041,json5
678faf5b31008609fd85b185,writing-task-NL_post-task-question,1747345727154,1747345734985,7.831,0.13051666666666667,json5
678faf5b31008609fd85b185,tutorial-part1,1747345735212,1747346096113,360.901,6.015016666666667,json5
678faf5b31008609fd85b185,tutorial-part2,1747346096331,1747346158258,61.927,1.0321166666666666,json5
678faf5b31008609fd85b185,reading-task-config-1,1747346158522,1747346176153,17.631,0.29385,json5
678faf5b31008609fd85b185,reading-task-config-1_post-task-question,1747346176467,1747346187603,11.136,0.1856,json5
678faf5b31008609fd85b185,reading-task-config-2,1747346187873,1747346231637,43.764,0.7294,json5
678faf5b31008609fd85b185,reading-task-config-2_post-task-question,1747346231994,1747346239993,7.999,0.13331666666666667,json5
678faf5b31008609fd85b185,reading-task-config-3,1747346240240,1747346263484,23.244,0.3874,json5
678faf5b31008609fd85b185,reading-task-config-3_post-task-question,1747346263836,1747346273826,9.99,0.1665,json5
678faf5b31008609fd85b185,reading-task-config-4,1747346274028,1747346323678,49.65,0.8275,json5
678faf5b31008609fd85b185,reading-task-config-4_post-task-question,1747346324030,1747346330761,6.731,0.11218333333333333,json5
678faf5b31008609fd85b185,reading-task-config-5,1747346330970,1747346451834,120.864,2.0144,json5
678faf5b31008609fd85b185,reading-task-config-5_post-task-question,1747346452186,1747346458941,6.755,0.11258333333333333,json5
678faf5b31008609fd85b185,writing-task-config,1747346459131,1747346828168,369.037,6.150616666666666,json5
678faf5b31008609fd85b185,writing-task-config_post-task-question,1747346828490,1747346835352,6.862,0.11436666666666667,json5
678faf5b31008609fd85b185,modifying-task-config-1,1747346835544,1747346926650,91.106,1.5184333333333333,json5
678faf5b31008609fd85b185,modifying-task-config-1_post-task-question,1747346926986,1747346932574,5.588,0.09313333333333333,json5
678faf5b31008609fd85b185,modifying-task-config-2,1747346932760,1747347081206,148.446,2.4741,json5
678faf5b31008609fd85b185,modifying-task-config-2_post-task-question,1747347081566,1747347093155,11.589,0.19315000000000002,json5
678faf5b31008609fd85b185,modifying-task-config-3,1747347093372,1747347140522,47.15,0.7858333333333333,json5
678faf5b31008609fd85b185,modifying-task-config-3_post-task-question,1747347140914,1747347146850,5.936,0.09893333333333333,json5
678faf5b31008609fd85b185,modifying-task-config-4,1747347147080,1747347273694,126.614,2.1102333333333334,json5
678faf5b31008609fd85b185,modifying-task-config-4_post-task-question,1747347274109,1747347281187,7.078,0.11796666666666668,json5
678faf5b31008609fd85b185,$nasa-tlx.co.nasa-tlx,1747347281565,1747347318596,37.031,0.6171833333333333,json5
678faf5b31008609fd85b185,post-task-survey-tlx,1747347319015,1747347382216,63.201,1.05335,json5
678faf5b31008609fd85b185,unqualified,0,-1,-0.001,-1.6666666666666667e-05,json5
65e85a421f2dee53c62fbf45,introduction,1746768868491,1746769091702,223.211,3.7201833333333334,json5
65e85a421f2dee53c62fbf45,qualifications,1746769092472,1746769128312,35.84,0.5973333333333334,json5
65e85a421f2dee53c62fbf45,consent,1746769129018,1746769393341,264.323,4.405383333333333,json5
65e85a421f2dee53c62fbf45,task,1746769394199,1746769468004,73.805,1.2300833333333334,json5
65e85a421f2dee53c62fbf45,writing-task-NL,1746769468434,1746769838821,370.387,6.173116666666667,json5
65e85a421f2dee53c62fbf45,writing-task-NL_post-task-question,1746769839579,1746769849849,10.27,0.17116666666666666,json5
65e85a421f2dee53c62fbf45,tutorial-part1,1746769850283,1746774551988,4701.705,78.36175,json5
65e85a421f2dee53c62fbf45,tutorial-part2,1746774552752,1746775157322,604.57,10.076166666666667,json5
65e85a421f2dee53c62fbf45,reading-task-config-1,1746775157842,1746775410255,252.413,4.206883333333334,json5
65e85a421f2dee53c62fbf45,reading-task-config-1_post-task-question,1746775411061,1746775431106,20.045,0.33408333333333334,json5
65e85a421f2dee53c62fbf45,reading-task-config-2,1746775431606,1746775499265,67.659,1.12765,json5
65e85a421f2dee53c62fbf45,reading-task-config-2_post-task-question,1746775500207,1746775513078,12.871,0.21451666666666666,json5
65e85a421f2dee53c62fbf45,reading-task-config-3,1746775513555,1746775624373,110.818,1.8469666666666666,json5
65e85a421f2dee53c62fbf45,reading-task-config-3_post-task-question,1746775625252,1746775633905,8.653,0.1442166666666667,json5
65e85a421f2dee53c62fbf45,reading-task-config-4,1746775634347,1746776160812,526.465,8.774416666666667,json5
65e85a421f2dee53c62fbf45,reading-task-config-4_post-task-question,1746776161733,1746776170935,9.202,0.15336666666666668,json5
65e85a421f2dee53c62fbf45,reading-task-config-5,1746776171421,1746776578527,407.106,6.7851,json5
65e85a421f2dee53c62fbf45,reading-task-config-5_post-task-question,1746776579481,1746776587274,7.793,0.12988333333333332,json5
65e85a421f2dee53c62fbf45,writing-task-config,1746776587756,1746778178576,1590.82,26.513666666666666,json5
65e85a421f2dee53c62fbf45,writing-task-config_post-task-question,1746778179608,1746778187150,7.542,0.1257,json5
65e85a421f2dee53c62fbf45,modifying-task-config-1,1746778187601,1746778636713,449.112,7.485200000000001,json5
65e85a421f2dee53c62fbf45,modifying-task-config-1_post-task-question,1746778637600,1746778650843,13.243,0.22071666666666667,json5
65e85a421f2dee53c62fbf45,modifying-task-config-2,1746778651359,1746779508412,857.053,14.284216666666667,json5
65e85a421f2dee53c62fbf45,modifying-task-config-2_post-task-question,1746779509373,1746779516338,6.965,0.11608333333333333,json5
65e85a421f2dee53c62fbf45,modifying-task-config-3,1746779516904,1746780023677,506.773,8.446216666666666,json5
65e85a421f2dee53c62fbf45,modifying-task-config-3_post-task-question,1746780024712,1746780035058,10.346,0.17243333333333333,json5
65e85a421f2dee53c62fbf45,modifying-task-config-4,1746780035612,1746780416909,381.297,6.3549500000000005,json5
65e85a421f2dee53c62fbf45,modifying-task-config-4_post-task-question,1746780417899,1746780429881,11.982,0.1997,json5
65e85a421f2dee53c62fbf45,$nasa-tlx.co.nasa-tlx,1746780430845,1746780612412,181.567,3.026116666666667,json5
65e85a421f2dee53c62fbf45,post-task-survey-tlx,1746780613447,1746781519627,906.18,15.103,json5
65e85a421f2dee53c62fbf45,unqualified,0,-1,-0.001,-1.6666666666666667e-05,json5
666b0b42bb6fa2822fa27a32,introduction,1746767261889,1746767466564,204.675,3.4112500000000003,json5
666b0b42bb6fa2822fa27a32,qualifications,1746767466964,1746767482362,15.398,0.2566333333333333,json5
666b0b42bb6fa2822fa27a32,consent,1746767482718,1746767538530,55.812,0.9301999999999999,json5
666b0b42bb6fa2822fa27a32,task,1746767538998,1746767770019,231.021,3.8503499999999997,json5
666b0b42bb6fa2822fa27a32,writing-task-NL,1746767770258,1746767993070,222.812,3.7135333333333334,json5
666b0b42bb6fa2822fa27a32,writing-task-NL_post-task-question,1746767993571,1746768002258,8.687,0.14478333333333332,json5
666b0b42bb6fa2822fa27a32,tutorial-part1,1746768002484,1746768954747,952.263,15.87105,json5
666b0b42bb6fa2822fa27a32,tutorial-part2,1746768955054,1746769072684,117.63,1.9605,json5
666b0b42bb6fa2822fa27a32,reading-task-config-1,1746769072942,1746769193835,120.893,2.014883333333333,json5
666b0b42bb6fa2822fa27a32,reading-task-config-1_post-task-question,1746769194230,1746769203467,9.237,0.15395,json5
666b0b42bb6fa2822fa27a32,reading-task-config-2,1746769203702,1746769317732,114.03,1.9005,json5
666b0b42bb6fa2822fa27a32,reading-task-config-2_post-task-question,1746769318127,1746769322739,4.612,0.07686666666666667,json5
666b0b42bb6fa2822fa27a32,reading-task-config-3,1746769322980,1746769423084,100.104,1.6683999999999999,json5
666b0b42bb6fa2822fa27a32,reading-task-config-3_post-task-question,1746769423455,1746769428067,4.612,0.07686666666666667,json5
666b0b42bb6fa2822fa27a32,reading-task-config-4,1746769428343,1746769524068,95.725,1.5954166666666665,json5
666b0b42bb6fa2822fa27a32,reading-task-config-4_post-task-question,1746769524422,1746769529603,5.181,0.08635,json5
666b0b42bb6fa2822fa27a32,reading-task-config-5,1746769529859,1746769658844,128.985,2.14975,json5
666b0b42bb6fa2822fa27a32,reading-task-config-5_post-task-question,1746769659337,1746769662700,3.363,0.05605,json5
666b0b42bb6fa2822fa27a32,writing-task-config,1746769662973,1746770323318,660.345,11.00575,json5
666b0b42bb6fa2822fa27a32,writing-task-config_post-task-question,1746770323733,1746770329252,5.519,0.09198333333333333,json5
666b0b42bb6fa2822fa27a32,modifying-task-config-1,1746770329550,1746770485958,156.408,2.6068,json5
666b0b42bb6fa2822fa27a32,modifying-task-config-1_post-task-question,1746770486380,1746770491300,4.92,0.082,json5
666b0b42bb6fa2822fa27a32,modifying-task-config-2,1746770491609,1746770635125,143.516,2.3919333333333332,json5
666b0b42bb6fa2822fa27a32,modifying-task-config-2_post-task-question,1746770635541,1746770642629,7.088,0.11813333333333334,json5
666b0b42bb6fa2822fa27a32,modifying-task-config-3,1746770642924,1746770753797,110.873,1.8478833333333333,json5
666b0b42bb6fa2822fa27a32,modifying-task-config-3_post-task-question,1746770754150,1746770760453,6.303,0.10505,json5
666b0b42bb6fa2822fa27a32,modifying-task-config-4,1746770760693,1746770922086,161.393,2.6898833333333334,json5
666b0b42bb6fa2822fa27a32,modifying-task-config-4_post-task-question,1746770922503,1746770928413,5.91,0.0985,json5
666b0b42bb6fa2822fa27a32,$nasa-tlx.co.nasa-tlx,1746770928874,1746770966878,38.004,0.6334,json5
666b0b42bb6fa2822fa27a32,post-task-survey-tlx,1746770967438,1746771048071,80.633,1.3438833333333333,json5
666b0b42bb6fa2822fa27a32,unqualified,0,-1,-0.001,-1.6666666666666667e-05,json5
6708da9c62672d0fe65b6683,introduction,1747172499162,1747172518475,19.313,0.3218833333333333,jsonc
6708da9c62672d0fe65b6683,qualifications,1747172519043,1747172540147,21.104,0.35173333333333334,jsonc
6708da9c62672d0fe65b6683,consent,1747172540722,1747172602964,62.242,1.0373666666666665,jsonc
6708da9c62672d0fe65b6683,task,1747172603522,1747172672369,68.847,1.1474499999999999,jsonc
6708da9c62672d0fe65b6683,writing-task-NL,1747172672673,1747172978457,305.784,5.0964,jsonc
6708da9c62672d0fe65b6683,writing-task-NL_post-task-question,1747172979055,1747172987153,8.098,0.13496666666666668,jsonc
6708da9c62672d0fe65b6683,tutorial-part1,1747172987461,1747173226645,239.184,3.9864,jsonc
6708da9c62672d0fe65b6683,tutorial-part2,1747173227070,1747173327025,99.955,1.6659166666666667,jsonc
6708da9c62672d0fe65b6683,reading-task-config-1,1747173327385,1747173391027,63.642,1.0607,jsonc
6708da9c62672d0fe65b6683,reading-task-config-1_post-task-question,1747173391607,1747173402979,11.372,0.18953333333333333,jsonc
6708da9c62672d0fe65b6683,reading-task-config-2,1747173403312,1747173439159,35.847,0.59745,jsonc
6708da9c62672d0fe65b6683,reading-task-config-2_post-task-question,1747173439764,1747173447422,7.658,0.12763333333333335,jsonc
6708da9c62672d0fe65b6683,reading-task-config-3,1747173447774,1747173478970,31.196,0.5199333333333334,jsonc
6708da9c62672d0fe65b6683,reading-task-config-3_post-task-question,1747173479537,1747173487164,7.627,0.12711666666666666,jsonc
6708da9c62672d0fe65b6683,reading-task-config-4,1747173487507,1747173579942,92.435,1.5405833333333334,jsonc
6708da9c62672d0fe65b6683,reading-task-config-4_post-task-question,1747173580558,1747173588534,7.976,0.13293333333333332,jsonc
6708da9c62672d0fe65b6683,reading-task-config-5,1747173588877,1747173623483,34.606,0.5767666666666666,jsonc
6708da9c62672d0fe65b6683,reading-task-config-5_post-task-question,1747173624042,1747173631372,7.33,0.12216666666666667,jsonc
6708da9c62672d0fe65b6683,writing-task-config,1747173631700,1747174056584,424.884,7.0814,jsonc
6708da9c62672d0fe65b6683,writing-task-config_post-task-question,1747174057151,1747174063655,6.504,0.1084,jsonc
6708da9c62672d0fe65b6683,modifying-task-config-1,1747174063976,1747174266584,202.608,3.3768000000000002,jsonc
6708da9c62672d0fe65b6683,modifying-task-config-1_post-task-question,1747174267181,1747174273985,6.804,0.1134,jsonc
6708da9c62672d0fe65b6683,modifying-task-config-2,1747174274336,1747174525938,251.602,4.193366666666667,jsonc
6708da9c62672d0fe65b6683,modifying-task-config-2_post-task-question,1747174526538,1747174532913,6.375,0.10625,jsonc
6708da9c62672d0fe65b6683,modifying-task-config-3,1747174533237,1747174632159,98.922,1.6487,jsonc
6708da9c62672d0fe65b6683,modifying-task-config-3_post-task-question,1747174632780,1747174639032,6.252,0.1042,jsonc
6708da9c62672d0fe65b6683,modifying-task-config-4,1747174639392,1747174771566,132.174,2.2029,jsonc
6708da9c62672d0fe65b6683,modifying-task-config-4_post-task-question,1747174772194,1747174778082,5.888,0.09813333333333334,jsonc
6708da9c62672d0fe65b6683,$nasa-tlx.co.nasa-tlx,1747174778713,1747174859697,80.984,1.3497333333333332,jsonc
6708da9c62672d0fe65b6683,post-task-survey-tlx,1747174860440,1747174975145,114.705,1.91175,jsonc
6708da9c62672d0fe65b6683,unqualified,0,-1,-0.001,-1.6666666666666667e-05,jsonc
60f70af563ef757f65e750e0,introduction,1746767406096,1746767475257,69.161,1.1526833333333333,xml
60f70af563ef757f65e750e0,qualifications,1746767475459,1746767486579,11.12,0.18533333333333332,xml
60f70af563ef757f65e750e0,consent,1746767486744,1746767559624,72.88,1.2146666666666666,xml
60f70af563ef757f65e750e0,task,1746767559818,1746767699636,139.818,2.3303000000000003,xml
60f70af563ef757f65e750e0,writing-task-NL,1746767699751,1746767855897,156.146,2.602433333333333,xml
60f70af563ef757f65e750e0,writing-task-NL_post-task-question,1746767856084,1746767867017,10.933,0.18221666666666667,xml
60f70af563ef757f65e750e0,tutorial-part1,1746767867123,1746768349360,482.237,8.037283333333333,xml
60f70af563ef757f65e750e0,tutorial-part2,1746768349480,1746768621936,272.456,4.540933333333333,xml
60f70af563ef757f65e750e0,reading-task-config-1,1746768622121,1746768677615,55.494,0.9248999999999999,xml
60f70af563ef757f65e750e0,reading-task-config-1_post-task-question,1746768677809,1746768690559,12.75,0.2125,xml
60f70af563ef757f65e750e0,reading-task-config-2,1746768690676,1746768768626,77.95,1.2991666666666668,xml
60f70af563ef757f65e750e0,reading-task-config-2_post-task-question,1746768768811,1746768780030,11.219,0.18698333333333333,xml
60f70af563ef757f65e750e0,reading-task-config-3,1746768780141,1746768807119,26.978,0.4496333333333334,xml
60f70af563ef757f65e750e0,reading-task-config-3_post-task-question,1746768807286,1746768816378,9.092,0.15153333333333335,xml
60f70af563ef757f65e750e0,reading-task-config-4,1746768816503,1746769101292,284.789,4.746483333333333,xml
60f70af563ef757f65e750e0,reading-task-config-4_post-task-question,1746769101492,1746769113050,11.558,0.19263333333333332,xml
60f70af563ef757f65e750e0,reading-task-config-5,1746769113161,1746769142055,28.894,0.48156666666666664,xml
60f70af563ef757f65e750e0,reading-task-config-5_post-task-question,1746769142208,1746769163466,21.258,0.3543,xml
60f70af563ef757f65e750e0,writing-task-config,1746769163580,1746769864211,700.631,11.677183333333334,xml
60f70af563ef757f65e750e0,writing-task-config_post-task-question,1746769864402,1746769883362,18.96,0.316,xml
60f70af563ef757f65e750e0,modifying-task-config-1,1746769883479,1746770056340,172.861,2.8810166666666666,xml
60f70af563ef757f65e750e0,modifying-task-config-1_post-task-question,1746770056551,1746770080098,23.547,0.39245,xml
60f70af563ef757f65e750e0,modifying-task-config-2,1746770080208,1746770354139,273.931,4.5655166666666664,xml
60f70af563ef757f65e750e0,modifying-task-config-2_post-task-question,1746770354330,1746770362954,8.624,0.14373333333333335,xml
60f70af563ef757f65e750e0,modifying-task-config-3,1746770363076,1746770504217,141.141,2.35235,xml
60f70af563ef757f65e750e0,modifying-task-config-3_post-task-question,1746770504397,1746770513283,8.886,0.14809999999999998,xml
60f70af563ef757f65e750e0,modifying-task-config-4,1746770513389,1746770752416,239.027,3.9837833333333332,xml
60f70af563ef757f65e750e0,modifying-task-config-4_post-task-question,1746770752613,1746770758564,5.951,0.09918333333333333,xml
60f70af563ef757f65e750e0,$nasa-tlx.co.nasa-tlx,1746770758760,1746770810508,51.748,0.8624666666666666,xml
60f70af563ef757f65e750e0,post-task-survey-tlx,1746770810802,1746770982582,171.78,2.863,xml
60f70af563ef757f65e750e0,unqualified,0,-1,-0.001,-1.6666666666666667e-05,xml
670f9ddb0e32533c222c3031,introduction,1746767415572,1746767483445,67.873,1.1312166666666668,json
670f9ddb0e32533c222c3031,qualifications,1746767483794,1746767511900,28.106,0.46843333333333337,json
670f9ddb0e32533c222c3031,consent,1746767739115,1746767834543,95.428,1.5904666666666667,json
670f9ddb0e32533c222c3031,task,1746767951065,1746768003451,52.386,0.8731000000000001,json
670f9ddb0e32533c222c3031,writing-task-NL,1746768003652,1746768863453,859.801,14.330016666666667,json
670f9ddb0e32533c222c3031,writing-task-NL_post-task-question,1746768863948,1746768880972,17.024,0.28373333333333334,json
670f9ddb0e32533c222c3031,tutorial-part1,1746768881417,1746768965003,83.586,1.3931,json
670f9ddb0e32533c222c3031,tutorial-part2,1746768965211,1746769045076,79.865,1.3310833333333332,json
670f9ddb0e32533c222c3031,reading-task-config-1,1746769045306,1746769065739,20.433,0.34055,json
670f9ddb0e32533c222c3031,reading-task-config-1_post-task-question,1746769066042,1746769074627,8.585,0.14308333333333334,json
670f9ddb0e32533c222c3031,reading-task-config-2,1746769075085,1746769112843,37.758,0.6293000000000001,json
670f9ddb0e32533c222c3031,reading-task-config-2_post-task-question,1746769113358,1746769117659,4.301,0.07168333333333334,json
670f9ddb0e32533c222c3031,reading-task-config-3,1746769117840,1746769144411,26.571,0.44285,json
670f9ddb0e32533c222c3031,reading-task-config-3_post-task-question,1746769144779,1746769148059,3.28,0.05466666666666666,json
670f9ddb0e32533c222c3031,reading-task-config-4,1746769148230,1746769162939,14.709,0.24515,json
670f9ddb0e32533c222c3031,reading-task-config-4_post-task-question,1746769163225,1746769169659,6.434,0.10723333333333333,json
670f9ddb0e32533c222c3031,reading-task-config-5,1746769169830,1746769226987,57.157,0.9526166666666666,json
670f9ddb0e32533c222c3031,reading-task-config-5_post-task-question,1746769227474,1746769235091,7.617,0.12695,json
670f9ddb0e32533c222c3031,writing-task-config,1746769235431,1746770101228,865.797,14.42995,json
670f9ddb0e32533c222c3031,writing-task-config_post-task-question,1746770101625,1746770107931,6.306,0.1051,json
670f9ddb0e32533c222c3031,modifying-task-config-1,1746770108135,1746770117434,9.299,0.15498333333333333,json
670f9ddb0e32533c222c3031,modifying-task-config-1_post-task-question,1746770117973,1746770123666,5.693,0.09488333333333333,json
670f9ddb0e32533c222c3031,modifying-task-config-2,1746770124014,1746770132290,8.276,0.13793333333333332,json
670f9ddb0e32533c222c3031,modifying-task-config-2_post-task-question,1746770132659,1746770138211,5.552,0.09253333333333333,json
670f9ddb0e32533c222c3031,modifying-task-config-3,1746770138524,1746770192812,54.288,0.9047999999999999,json
670f9ddb0e32533c222c3031,modifying-task-config-3_post-task-question,1746770193373,1746770199051,5.678,0.09463333333333333,json
670f9ddb0e32533c222c3031,modifying-task-config-4,1746770199306,1746770225210,25.904,0.43173333333333336,json
670f9ddb0e32533c222c3031,modifying-task-config-4_post-task-question,1746770225952,1746770231226,5.274,0.0879,json
670f9ddb0e32533c222c3031,$nasa-tlx.co.nasa-tlx,1746770231538,1746770266762,35.224,0.5870666666666666,json
670f9ddb0e32533c222c3031,post-task-survey-tlx,1746770267276,1746770327963,60.687,1.01145,json
670f9ddb0e32533c222c3031,unqualified,0,-1,-0.001,-1.6666666666666667e-05,json
67d03135f855dd0ff0994265,introduction,1746768537024,1746768556950,19.926,0.33209999999999995,toml
67d03135f855dd0ff0994265,qualifications,1746768557417,1746768564091,6.674,0.11123333333333334,toml
67d03135f855dd0ff0994265,consent,1746768564529,1746768665991,101.462,1.6910333333333334,toml
67d03135f855dd0ff0994265,task,1746768666475,1746768774832,108.357,1.80595,toml
67d03135f855dd0ff0994265,writing-task-NL,1746768775144,1746769129262,354.118,5.901966666666667,toml
67d03135f855dd0ff0994265,writing-task-NL_post-task-question,1746769129736,1746769147554,17.818,0.2969666666666667,toml
67d03135f855dd0ff0994265,tutorial-part1,1746769147911,1746769361595,213.684,3.5614,toml
67d03135f855dd0ff0994265,tutorial-part2,1746769361895,1746769567794,205.899,3.43165,toml
67d03135f855dd0ff0994265,reading-task-config-1,1746769568082,1746769647688,79.606,1.3267666666666666,toml
67d03135f855dd0ff0994265,reading-task-config-1_post-task-question,1746769648193,1746769657398,9.205,0.15341666666666667,toml
67d03135f855dd0ff0994265,reading-task-config-2,1746769657724,1746769748359,90.635,1.5105833333333334,toml
67d03135f855dd0ff0994265,reading-task-config-2_post-task-question,1746769748793,1746769761311,12.518,0.20863333333333334,toml
67d03135f855dd0ff0994265,reading-task-config-3,1746769761595,1746769823666,62.071,1.0345166666666665,toml
67d03135f855dd0ff0994265,reading-task-config-3_post-task-question,1746769824138,1746769830157,6.019,0.10031666666666667,toml
67d03135f855dd0ff0994265,reading-task-config-4,1746769830452,1746769970836,140.384,2.339733333333333,toml
67d03135f855dd0ff0994265,reading-task-config-4_post-task-question,1746769971262,1746769979558,8.296,0.13826666666666665,toml
67d03135f855dd0ff0994265,reading-task-config-5,1746769979830,1746770093568,113.738,1.8956333333333333,toml
67d03135f855dd0ff0994265,reading-task-config-5_post-task-question,1746770094025,1746770102389,8.364,0.13940000000000002,toml
67d03135f855dd0ff0994265,writing-task-config,1746770102648,1746771266799,1164.151,19.402516666666667,toml
67d03135f855dd0ff0994265,writing-task-config_post-task-question,1746771267352,1746771276737,9.385,0.15641666666666668,toml
67d03135f855dd0ff0994265,modifying-task-config-1,1746771277027,1746771428254,151.227,2.52045,toml
67d03135f855dd0ff0994265,modifying-task-config-1_post-task-question,1746771428702,1746771436337,7.635,0.12725,toml
67d03135f855dd0ff0994265,modifying-task-config-2,1746771436626,1746771646076,209.45,3.4908333333333332,toml
67d03135f855dd0ff0994265,modifying-task-config-2_post-task-question,1746771646664,1746771658119,11.455,0.19091666666666668,toml
67d03135f855dd0ff0994265,modifying-task-config-3,1746771658490,1746771793348,134.858,2.2476333333333334,toml
67d03135f855dd0ff0994265,modifying-task-config-3_post-task-question,1746771793836,1746771799899,6.063,0.10105,toml
67d03135f855dd0ff0994265,modifying-task-config-4,1746771800137,1746771967847,167.71,2.795166666666667,toml
67d03135f855dd0ff0994265,modifying-task-config-4_post-task-question,1746771968281,1746771975415,7.134,0.1189,toml
67d03135f855dd0ff0994265,$nasa-tlx.co.nasa-tlx,1746771975839,1746772027197,51.358,0.8559666666666667,toml
67d03135f855dd0ff0994265,post-task-survey-tlx,1746772027683,1746772149087,121.404,2.0234,toml
67d03135f855dd0ff0994265,unqualified,0,-1,-0.001,-1.6666666666666667e-05,toml
674f479b2a4ef75e4551f258,introduction,1747335782410,1747335804565,22.155,0.36925,json5
674f479b2a4ef75e4551f258,qualifications,1747335804735,1747335858066,53.331,0.88885,json5
674f479b2a4ef75e4551f258,consent,1747335858252,1747335973183,114.931,1.9155166666666665,json5
674f479b2a4ef75e4551f258,task,1747335973333,1747336144346,171.013,2.850216666666667,json5
674f479b2a4ef75e4551f258,writing-task-NL,1747336144435,1747336451558,307.123,5.118716666666667,json5
674f479b2a4ef75e4551f258,writing-task-NL_post-task-question,1747336451749,1747336466708,14.959,0.24931666666666666,json5
674f479b2a4ef75e4551f258,tutorial-part1,1747336466802,1747337573426,1106.624,18.443733333333334,json5
674f479b2a4ef75e4551f258,tutorial-part2,1747337573653,1747338078916,505.263,8.42105,json5
674f479b2a4ef75e4551f258,reading-task-config-1,1747338079039,1747338134383,55.344,0.9224,json5
674f479b2a4ef75e4551f258,reading-task-config-1_post-task-question,1747338134555,1747338145319,10.764,0.17939999999999998,json5
674f479b2a4ef75e4551f258,reading-task-config-2,1747338145442,1747338254489,109.047,1.81745,json5
674f479b2a4ef75e4551f258,reading-task-config-2_post-task-question,1747338254647,1747338263516,8.869,0.14781666666666665,json5
674f479b2a4ef75e4551f258,reading-task-config-3,1747338263633,1747338337646,74.013,1.2335500000000001,json5
674f479b2a4ef75e4551f258,reading-task-config-3_post-task-question,1747338337818,1747338342394,4.576,0.07626666666666666,json5
674f479b2a4ef75e4551f258,reading-task-config-4,1747338342515,1747338540097,197.582,3.2930333333333333,json5
674f479b2a4ef75e4551f258,reading-task-config-4_post-task-question,1747338540281,1747338547801,7.52,0.12533333333333332,json5
674f479b2a4ef75e4551f258,reading-task-config-5,1747338547927,1747338696842,148.915,2.4819166666666663,json5
674f479b2a4ef75e4551f258,reading-task-config-5_post-task-question,1747338697014,1747338704724,7.71,0.1285,json5
674f479b2a4ef75e4551f258,writing-task-config,1747338704836,1747339639412,934.576,15.576266666666667,json5
674f479b2a4ef75e4551f258,writing-task-config_post-task-question,1747339639580,1747339645852,6.272,0.10453333333333334,json5
674f479b2a4ef75e4551f258,modifying-task-config-1,1747339645960,1747339782123,136.163,2.2693833333333333,json5
674f479b2a4ef75e4551f258,modifying-task-config-1_post-task-question,1747339782297,1747339789436,7.139,0.11898333333333334,json5
674f479b2a4ef75e4551f258,modifying-task-config-2,1747339789530,1747340080244,290.714,4.845233333333334,json5
674f479b2a4ef75e4551f258,modifying-task-config-2_post-task-question,1747340080445,1747340088017,7.572,0.1262,json5
674f479b2a4ef75e4551f258,modifying-task-config-3,1747340088114,1747340214157,126.043,2.1007166666666666,json5
674f479b2a4ef75e4551f258,modifying-task-config-3_post-task-question,1747340214332,1747340220676,6.344,0.10573333333333333,json5
674f479b2a4ef75e4551f258,modifying-task-config-4,1747340220797,1747340385252,164.455,2.7409166666666667,json5
674f479b2a4ef75e4551f258,modifying-task-config-4_post-task-question,1747340385423,1747340394730,9.307,0.15511666666666668,json5
674f479b2a4ef75e4551f258,$nasa-tlx.co.nasa-tlx,1747340394932,1747340465514,70.582,1.1763666666666666,json5
674f479b2a4ef75e4551f258,post-task-survey-tlx,1747340465754,1747340643157,177.403,2.9567166666666664,json5
674f479b2a4ef75e4551f258,unqualified,0,-1,-0.001,-1.6666666666666667e-05,json5
5ee4a14b578f8a000b384376,introduction,1746767296103,1746767322280,26.177,0.4362833333333333,yaml
5ee4a14b578f8a000b384376,qualifications,1746767322566,1746767331102,8.536,0.14226666666666665,yaml
5ee4a14b578f8a000b384376,consent,1746767331398,1746767367926,36.528,0.6088,yaml
5ee4a14b578f8a000b384376,task,1746767368183,1746767427194,59.011,0.9835166666666667,yaml
5ee4a14b578f8a000b384376,writing-task-NL,1746767427359,1746767576638,149.279,2.487983333333333,yaml
5ee4a14b578f8a000b384376,writing-task-NL_post-task-question,1746767576896,1746767583775,6.879,0.11464999999999999,yaml
5ee4a14b578f8a000b384376,tutorial-part1,1746767583908,1746767857392,273.484,4.558066666666666,yaml
5ee4a14b578f8a000b384376,tutorial-part2,1746767857526,1746767934675,77.149,1.2858166666666666,yaml
5ee4a14b578f8a000b384376,reading-task-config-1,1746767934805,1746767950049,15.244,0.25406666666666666,yaml
5ee4a14b578f8a000b384376,reading-task-config-1_post-task-question,1746767950285,1746767957778,7.493,0.12488333333333333,yaml
5ee4a14b578f8a000b384376,reading-task-config-2,1746767957905,1746767993122,35.217,0.58695,yaml
5ee4a14b578f8a000b384376,reading-task-config-2_post-task-question,1746767993385,1746767998800,5.415,0.09025,yaml
5ee4a14b578f8a000b384376,reading-task-config-3,1746767998965,1746768011395,12.43,0.20716666666666667,yaml
5ee4a14b578f8a000b384376,reading-task-config-3_post-task-question,1746768011624,1746768017451,5.827,0.09711666666666667,yaml
5ee4a14b578f8a000b384376,reading-task-config-4,1746768017612,1746768090332,72.72,1.212,yaml
5ee4a14b578f8a000b384376,reading-task-config-4_post-task-question,1746768090593,1746768096424,5.831,0.09718333333333334,yaml
5ee4a14b578f8a000b384376,reading-task-config-5,1746768096563,1746768127426,30.863,0.5143833333333333,yaml
5ee4a14b578f8a000b384376,reading-task-config-5_post-task-question,1746768127713,1746768132772,5.059,0.08431666666666666,yaml
5ee4a14b578f8a000b384376,writing-task-config,1746768132942,1746768543997,411.055,6.8509166666666665,yaml
5ee4a14b578f8a000b384376,writing-task-config_post-task-question,1746768544227,1746768551201,6.974,0.11623333333333334,yaml
5ee4a14b578f8a000b384376,modifying-task-config-1,1746768551325,1746768617587,66.262,1.1043666666666667,yaml
5ee4a14b578f8a000b384376,modifying-task-config-1_post-task-question,1746768617848,1746768621810,3.962,0.06603333333333333,yaml
5ee4a14b578f8a000b384376,modifying-task-config-2,1746768621964,1746768821922,199.958,3.3326333333333333,yaml
5ee4a14b578f8a000b384376,modifying-task-config-2_post-task-question,1746768822187,1746768826685,4.498,0.07496666666666667,yaml
5ee4a14b578f8a000b384376,modifying-task-config-3,1746768826826,1746768997100,170.274,2.8379,yaml
5ee4a14b578f8a000b384376,modifying-task-config-3_post-task-question,1746768997404,1746769001978,4.574,0.07623333333333333,yaml
5ee4a14b578f8a000b384376,modifying-task-config-4,1746769002121,1746769444182,442.061,7.367683333333333,yaml
5ee4a14b578f8a000b384376,modifying-task-config-4_post-task-question,1746769444465,1746769450404,5.939,0.09898333333333334,yaml
5ee4a14b578f8a000b384376,$nasa-tlx.co.nasa-tlx,1746769450659,1746769486549,35.89,0.5981666666666666,yaml
5ee4a14b578f8a000b384376,post-task-survey-tlx,1746769486852,1746769661953,175.101,2.9183499999999998,yaml
5ee4a14b578f8a000b384376,unqualified,0,-1,-0.001,-1.6666666666666667e-05,yaml
63af557b3d4f219c3226b7d6,introduction,1747333491490,1747333506588,15.098,0.2516333333333333,yaml
63af557b3d4f219c3226b7d6,qualifications,1747333506692,1747333515689,8.997,0.14995,yaml
63af557b3d4f219c3226b7d6,consent,1747333515802,1747333536183,20.381,0.33968333333333334,yaml
63af557b3d4f219c3226b7d6,task,1747333536302,1747333614028,77.726,1.2954333333333332,yaml
63af557b3d4f219c3226b7d6,writing-task-NL,1747333614125,1747333717905,103.78,1.7296666666666667,yaml
63af557b3d4f219c3226b7d6,writing-task-NL_post-task-question,1747333718054,1747333725884,7.83,0.1305,yaml
63af557b3d4f219c3226b7d6,tutorial-part1,1747333725983,1747333868504,142.521,2.3753499999999996,yaml
63af557b3d4f219c3226b7d6,tutorial-part2,1747333868582,1747334019504,150.922,2.5153666666666665,yaml
63af557b3d4f219c3226b7d6,reading-task-config-1,1747334019575,1747334170411,150.836,2.5139333333333336,yaml
63af557b3d4f219c3226b7d6,reading-task-config-1_post-task-question,1747334170511,1747334179646,9.135,0.15225,yaml
63af557b3d4f219c3226b7d6,reading-task-config-2,1747334179718,1747334209432,29.714,0.4952333333333333,yaml
63af557b3d4f219c3226b7d6,reading-task-config-2_post-task-question,1747334209529,1747334215715,6.186,0.1031,yaml
63af557b3d4f219c3226b7d6,reading-task-config-3,1747334215783,1747334229884,14.101,0.23501666666666668,yaml
63af557b3d4f219c3226b7d6,reading-task-config-3_post-task-question,1747334229996,1747334236161,6.165,0.10275,yaml
63af557b3d4f219c3226b7d6,reading-task-config-4,1747334236241,1747334333292,97.051,1.6175166666666667,yaml
63af557b3d4f219c3226b7d6,reading-task-config-4_post-task-question,1747334333438,1747334339337,5.899,0.09831666666666666,yaml
63af557b3d4f219c3226b7d6,reading-task-config-5,1747334339439,1747334374501,35.062,0.5843666666666666,yaml
63af557b3d4f219c3226b7d6,reading-task-config-5_post-task-question,1747334374630,1747334379593,4.963,0.08271666666666667,yaml
63af557b3d4f219c3226b7d6,writing-task-config,1747334379641,1747334864641,485.0,8.083333333333334,yaml
63af557b3d4f219c3226b7d6,writing-task-config_post-task-question,1747334864806,1747334872207,7.401,0.12335,yaml
63af557b3d4f219c3226b7d6,modifying-task-config-1,1747334872280,1747334951754,79.474,1.3245666666666667,yaml
63af557b3d4f219c3226b7d6,modifying-task-config-1_post-task-question,1747334951866,1747334956976,5.11,0.08516666666666667,yaml
63af557b3d4f219c3226b7d6,modifying-task-config-2,1747334957036,1747335148967,191.931,3.19885,yaml
63af557b3d4f219c3226b7d6,modifying-task-config-2_post-task-question,1747335149085,1747335154192,5.107,0.08511666666666667,yaml
63af557b3d4f219c3226b7d6,modifying-task-config-3,1747335154263,1747335319889,165.626,2.7604333333333333,yaml
63af557b3d4f219c3226b7d6,modifying-task-config-3_post-task-question,1747335320049,1747335325808,5.759,0.09598333333333334,yaml
63af557b3d4f219c3226b7d6,modifying-task-config-4,1747335325884,1747335487228,161.344,2.6890666666666667,yaml
63af557b3d4f219c3226b7d6,modifying-task-config-4_post-task-question,1747335487339,1747335492856,5.517,0.09195,yaml
63af557b3d4f219c3226b7d6,$nasa-tlx.co.nasa-tlx,1747335492967,1747335517301,24.334,0.4055666666666667,yaml
63af557b3d4f219c3226b7d6,post-task-survey-tlx,1747335517447,1747335643103,125.656,2.094266666666667,yaml
63af557b3d4f219c3226b7d6,unqualified,0,-1,-0.001,-1.6666666666666667e-05,yaml
65583ffa38bfc41805a553cd,introduction,1747179411591,1747179517114,105.523,1.7587166666666667,hjson
65583ffa38bfc41805a553cd,qualifications,1747179517289,1747179549492,32.203,0.5367166666666667,hjson
65583ffa38bfc41805a553cd,consent,1747179549660,1747179733673,184.013,3.0668833333333336,hjson
65583ffa38bfc41805a553cd,task,1747179733818,1747179853700,119.882,1.9980333333333333,hjson
65583ffa38bfc41805a553cd,writing-task-NL,1747179853793,1747180138998,285.205,4.753416666666666,hjson
65583ffa38bfc41805a553cd,writing-task-NL_post-task-question,1747180139155,1747180148723,9.568,0.15946666666666667,hjson
65583ffa38bfc41805a553cd,tutorial-part1,1747180148804,1747180480246,331.442,5.524033333333334,hjson
65583ffa38bfc41805a553cd,tutorial-part2,1747180480357,1747180714559,234.202,3.9033666666666664,hjson
65583ffa38bfc41805a553cd,reading-task-config-1,1747180714650,1747180920270,205.62,3.427,hjson
65583ffa38bfc41805a553cd,reading-task-config-1_post-task-question,1747180920429,1747180931973,11.544,0.19240000000000002,hjson
65583ffa38bfc41805a553cd,reading-task-config-2,1747180932060,1747180960506,28.446,0.4741,hjson
65583ffa38bfc41805a553cd,reading-task-config-2_post-task-question,1747180960645,1747180971311,10.666,0.17776666666666668,hjson
65583ffa38bfc41805a553cd,reading-task-config-3,1747180971398,1747180999436,28.038,0.4673,hjson
65583ffa38bfc41805a553cd,reading-task-config-3_post-task-question,1747180999568,1747181008204,8.636,0.14393333333333333,hjson
65583ffa38bfc41805a553cd,reading-task-config-4,1747181008280,1747181302568,294.288,4.9048,hjson
65583ffa38bfc41805a553cd,reading-task-config-4_post-task-question,1747181302702,1747181315494,12.792,0.2132,hjson
65583ffa38bfc41805a553cd,reading-task-config-5,1747181315576,1747181394417,78.841,1.3140166666666666,hjson
65583ffa38bfc41805a553cd,reading-task-config-5_post-task-question,1747181394548,1747181410437,15.889,0.26481666666666664,hjson
65583ffa38bfc41805a553cd,writing-task-config,1747181410513,1747182418322,1007.809,16.796816666666665,hjson
65583ffa38bfc41805a553cd,writing-task-config_post-task-question,1747182418468,1747182425123,6.655,0.11091666666666668,hjson
65583ffa38bfc41805a553cd,modifying-task-config-1,1747182425201,1747182525094,99.893,1.6648833333333333,hjson
65583ffa38bfc41805a553cd,modifying-task-config-1_post-task-question,1747182525255,1747182530740,5.485,0.09141666666666667,hjson
65583ffa38bfc41805a553cd,modifying-task-config-2,1747182530831,1747182819876,289.045,4.817416666666667,hjson
65583ffa38bfc41805a553cd,modifying-task-config-2_post-task-question,1747182820022,1747182834016,13.994,0.23323333333333332,hjson
65583ffa38bfc41805a553cd,modifying-task-config-3,1747182834100,1747182930961,96.861,1.6143500000000002,hjson
65583ffa38bfc41805a553cd,modifying-task-config-3_post-task-question,1747182931118,1747182936315,5.197,0.08661666666666666,hjson
65583ffa38bfc41805a553cd,modifying-task-config-4,1747182936406,1747183188194,251.788,4.196466666666667,hjson
65583ffa38bfc41805a553cd,modifying-task-config-4_post-task-question,1747183188359,1747183195310,6.951,0.11585,hjson
65583ffa38bfc41805a553cd,$nasa-tlx.co.nasa-tlx,1747183195480,1747183253801,58.321,0.9720166666666666,hjson
65583ffa38bfc41805a553cd,post-task-survey-tlx,1747183254019,1747183479530,225.511,3.7585166666666665,hjson
65583ffa38bfc41805a553cd,unqualified,0,-1,-0.001,-1.6666666666666667e-05,hjson
66684d30d1a0d64a3a348c82,introduction,1747333388012,1747333402914,14.902,0.24836666666666665,yaml
66684d30d1a0d64a3a348c82,qualifications,1747333403205,1747333420429,17.224,0.2870666666666667,yaml
66684d30d1a0d64a3a348c82,consent,1747333420682,1747333466546,45.864,0.7644,yaml
66684d30d1a0d64a3a348c82,task,1747333466798,1747333556075,89.277,1.48795,yaml
66684d30d1a0d64a3a348c82,writing-task-NL,1747333556295,1747333773896,217.601,3.6266833333333333,yaml
66684d30d1a0d64a3a348c82,writing-task-NL_post-task-question,1747333774144,1747333788815,14.671,0.24451666666666666,yaml
66684d30d1a0d64a3a348c82,tutorial-part1,1747333788980,1747334576711,787.731,13.12885,yaml
66684d30d1a0d64a3a348c82,tutorial-part2,1747334576829,1747334657625,80.796,1.3466,yaml
66684d30d1a0d64a3a348c82,reading-task-config-1,1747334657733,1747334799746,142.013,2.3668833333333335,yaml
66684d30d1a0d64a3a348c82,reading-task-config-1_post-task-question,1747334799908,1747334810492,10.584,0.1764,yaml
66684d30d1a0d64a3a348c82,reading-task-config-2,1747334810579,1747334894483,83.904,1.3983999999999999,yaml
66684d30d1a0d64a3a348c82,reading-task-config-2_post-task-question,1747334894629,1747334903380,8.751,0.14584999999999998,yaml
66684d30d1a0d64a3a348c82,reading-task-config-3,1747334903497,1747334984083,80.586,1.3431,yaml
66684d30d1a0d64a3a348c82,reading-task-config-3_post-task-question,1747334984226,1747334994077,9.851,0.16418333333333335,yaml
66684d30d1a0d64a3a348c82,reading-task-config-4,1747334994167,1747335176384,182.217,3.03695,yaml
66684d30d1a0d64a3a348c82,reading-task-config-4_post-task-question,1747335176544,1747335185134,8.59,0.14316666666666666,yaml
66684d30d1a0d64a3a348c82,reading-task-config-5,1747335185238,1747335261603,76.365,1.2727499999999998,yaml
66684d30d1a0d64a3a348c82,reading-task-config-5_post-task-question,1747335261752,1747335268001,6.249,0.10414999999999999,yaml
66684d30d1a0d64a3a348c82,writing-task-config,1747335268099,1747335724516,456.417,7.606949999999999,yaml
66684d30d1a0d64a3a348c82,writing-task-config_post-task-question,1747335724675,1747335734089,9.414,0.15689999999999998,yaml
66684d30d1a0d64a3a348c82,modifying-task-config-1,1747335734200,1747336261447,527.247,8.78745,yaml
66684d30d1a0d64a3a348c82,modifying-task-config-1_post-task-question,1747336261614,1747336269429,7.815,0.13025,yaml
66684d30d1a0d64a3a348c82,modifying-task-config-2,1747336269541,1747336645889,376.348,6.272466666666667,yaml
66684d30d1a0d64a3a348c82,modifying-task-config-2_post-task-question,1747336646064,1747336655862,9.798,0.1633,yaml
66684d30d1a0d64a3a348c82,modifying-task-config-3,1747336655956,1747337412386,756.43,12.607166666666666,yaml
66684d30d1a0d64a3a348c82,modifying-task-config-3_post-task-question,1747337412567,1747337420443,7.876,0.13126666666666667,yaml
66684d30d1a0d64a3a348c82,modifying-task-config-4,1747337420554,1747337766916,346.362,5.7727,yaml
66684d30d1a0d64a3a348c82,modifying-task-config-4_post-task-question,1747337767095,1747337775215,8.12,0.13533333333333333,yaml
66684d30d1a0d64a3a348c82,$nasa-tlx.co.nasa-tlx,1747337775393,1747337810817,35.424,0.5904,yaml
66684d30d1a0d64a3a348c82,post-task-survey-tlx,1747337811043,1747337891172,80.129,1.3354833333333334,yaml
66684d30d1a0d64a3a348c82,unqualified,0,-1,-0.001,-1.6666666666666667e-05,yaml
60ec51c51a3158a50ded8a3e,introduction,1747333943879,1747334004804,60.925,1.0154166666666666,json5
60ec51c51a3158a50ded8a3e,qualifications,1747334004938,1747334034506,29.568,0.4928,json5
60ec51c51a3158a50ded8a3e,consent,1747334034606,1747334087626,53.02,0.8836666666666667,json5
60ec51c51a3158a50ded8a3e,task,1747334087761,1747334192696,104.935,1.7489166666666667,json5
60ec51c51a3158a50ded8a3e,writing-task-NL,1747334192754,1747334324266,131.512,2.191866666666667,json5
60ec51c51a3158a50ded8a3e,writing-task-NL_post-task-question,1747334324385,1747334331163,6.778,0.11296666666666666,json5
60ec51c51a3158a50ded8a3e,tutorial-part1,1747334331216,1747334515801,184.585,3.076416666666667,json5
60ec51c51a3158a50ded8a3e,tutorial-part2,1747334515875,1747334660659,144.784,2.4130666666666665,json5
60ec51c51a3158a50ded8a3e,reading-task-config-1,1747334660739,1747334687442,26.703,0.44505,json5
60ec51c51a3158a50ded8a3e,reading-task-config-1_post-task-question,1747334687545,1747334693314,5.769,0.09615,json5
60ec51c51a3158a50ded8a3e,reading-task-config-2,1747334693396,1747334722541,29.145,0.48575,json5
60ec51c51a3158a50ded8a3e,reading-task-config-2_post-task-question,1747334722649,1747334726330,3.681,0.06135,json5
60ec51c51a3158a50ded8a3e,reading-task-config-3,1747334726385,1747334751386,25.001,0.41668333333333335,json5
60ec51c51a3158a50ded8a3e,reading-task-config-3_post-task-question,1747334751480,1747334754833,3.353,0.055883333333333333,json5
60ec51c51a3158a50ded8a3e,reading-task-config-4,1747334754888,1747334879340,124.452,2.0742,json5
60ec51c51a3158a50ded8a3e,reading-task-config-4_post-task-question,1747334879438,1747334886058,6.62,0.11033333333333334,json5
60ec51c51a3158a50ded8a3e,reading-task-config-5,1747334886118,1747334937529,51.411,0.85685,json5
60ec51c51a3158a50ded8a3e,reading-task-config-5_post-task-question,1747334937629,1747334946260,8.631,0.14385,json5
60ec51c51a3158a50ded8a3e,writing-task-config,1747334946318,1747335291008,344.69,5.744833333333333,json5
60ec51c51a3158a50ded8a3e,writing-task-config_post-task-question,1747335291120,1747335298379,7.259,0.12098333333333335,json5
60ec51c51a3158a50ded8a3e,modifying-task-config-1,1747335298436,1747335430434,131.998,2.1999666666666666,json5
60ec51c51a3158a50ded8a3e,modifying-task-config-1_post-task-question,1747335430566,1747335435931,5.365,0.08941666666666667,json5
60ec51c51a3158a50ded8a3e,modifying-task-config-2,1747335435991,1747335594465,158.474,2.641233333333333,json5
60ec51c51a3158a50ded8a3e,modifying-task-config-2_post-task-question,1747335594581,1747335604054,9.473,0.15788333333333335,json5
60ec51c51a3158a50ded8a3e,modifying-task-config-3,1747335604115,1747335694914,90.799,1.5133166666666669,json5
60ec51c51a3158a50ded8a3e,modifying-task-config-3_post-task-question,1747335695032,1747335703850,8.818,0.14696666666666666,json5
60ec51c51a3158a50ded8a3e,modifying-task-config-4,1747335703908,1747335892706,188.798,3.1466333333333334,json5
60ec51c51a3158a50ded8a3e,modifying-task-config-4_post-task-question,1747335892865,1747335899450,6.585,0.10975,json5
60ec51c51a3158a50ded8a3e,$nasa-tlx.co.nasa-tlx,1747335899584,1747335931330,31.746,0.5291,json5
60ec51c51a3158a50ded8a3e,post-task-survey-tlx,1747335931520,1747336031524,100.004,1.6667333333333334,json5
60ec51c51a3158a50ded8a3e,unqualified,0,-1,-0.001,-1.6666666666666667e-05,json5
671bdd06525adeea062a1d73,introduction,1747172479231,1747172540849,61.618,1.0269666666666668,json
671bdd06525adeea062a1d73,qualifications,1747172540951,1747172546263,5.312,0.08853333333333334,json
671bdd06525adeea062a1d73,consent,1747172546344,1747172579745,33.401,0.5566833333333334,json
671bdd06525adeea062a1d73,task,1747172579825,1747172631383,51.558,0.8593,json
671bdd06525adeea062a1d73,writing-task-NL,1747172631428,1747172763130,131.702,2.1950333333333334,json
671bdd06525adeea062a1d73,writing-task-NL_post-task-question,1747172763241,1747172768525,5.284,0.08806666666666667,json
671bdd06525adeea062a1d73,tutorial-part1,1747172768568,1747172993794,225.226,3.7537666666666665,json
671bdd06525adeea062a1d73,tutorial-part2,1747172993884,1747173043740,49.856,0.8309333333333334,json
671bdd06525adeea062a1d73,reading-task-config-1,1747173043788,1747173068907,25.119,0.41865,json
671bdd06525adeea062a1d73,reading-task-config-1_post-task-question,1747173068986,1747173073251,4.265,0.07108333333333333,json
671bdd06525adeea062a1d73,reading-task-config-2,1747173073298,1747173089496,16.198,0.2699666666666667,json
671bdd06525adeea062a1d73,reading-task-config-2_post-task-question,1747173089578,1747173093599,4.021,0.06701666666666667,json
671bdd06525adeea062a1d73,reading-task-config-3,1747173093646,1747173115383,21.737,0.3622833333333333,json
671bdd06525adeea062a1d73,reading-task-config-3_post-task-question,1747173115462,1747173118613,3.151,0.05251666666666666,json
671bdd06525adeea062a1d73,reading-task-config-4,1747173118661,1747173177096,58.435,0.9739166666666667,json
671bdd06525adeea062a1d73,reading-task-config-4_post-task-question,1747173177182,1747173180580,3.398,0.056633333333333334,json
671bdd06525adeea062a1d73,reading-task-config-5,1747173180627,1747173198480,17.853,0.29755000000000004,json
671bdd06525adeea062a1d73,reading-task-config-5_post-task-question,1747173198558,1747173202585,4.027,0.06711666666666667,json
671bdd06525adeea062a1d73,writing-task-config,1747173202628,1747173374862,172.234,2.870566666666667,json
671bdd06525adeea062a1d73,writing-task-config_post-task-question,1747173374950,1747173377711,2.761,0.04601666666666667,json
671bdd06525adeea062a1d73,modifying-task-config-1,1747173377751,1747173564386,186.635,3.110583333333333,json
671bdd06525adeea062a1d73,modifying-task-config-1_post-task-question,1747173564480,1747173568342,3.862,0.06436666666666667,json
671bdd06525adeea062a1d73,modifying-task-config-2,1747173568391,1747173704718,136.327,2.272116666666667,json
671bdd06525adeea062a1d73,modifying-task-config-2_post-task-question,1747173704812,1747173708440,3.628,0.06046666666666667,json
671bdd06525adeea062a1d73,modifying-task-config-3,1747173708488,1747173774022,65.534,1.0922333333333334,json
671bdd06525adeea062a1d73,modifying-task-config-3_post-task-question,1747173774121,1747173776691,2.57,0.04283333333333333,json
671bdd06525adeea062a1d73,modifying-task-config-4,1747173776729,1747173898691,121.962,2.0327,json
671bdd06525adeea062a1d73,modifying-task-config-4_post-task-question,1747173898786,1747173901396,2.61,0.0435,json
671bdd06525adeea062a1d73,$nasa-tlx.co.nasa-tlx,1747173901476,1747173939290,37.814,0.6302333333333333,json
671bdd06525adeea062a1d73,post-task-survey-tlx,1747173939429,1747174019797,80.368,1.3394666666666666,json
671bdd06525adeea062a1d73,unqualified,0,-1,-0.001,-1.6666666666666667e-05,json
6647e8618c77f7b938865d25,introduction,1747359874887,1747359892302,17.415,0.29025,json5
6647e8618c77f7b938865d25,qualifications,1747359892948,1747359905109,12.161,0.20268333333333333,json5
6647e8618c77f7b938865d25,consent,1747359973487,1747359988243,14.756,0.24593333333333334,json5
6647e8618c77f7b938865d25,task,1747359988767,1747360109025,120.258,2.0042999999999997,json5
6647e8618c77f7b938865d25,writing-task-NL,1747360109464,1747360458658,349.194,5.8199000000000005,json5
6647e8618c77f7b938865d25,writing-task-NL_post-task-question,1747360459536,1747360470235,10.699,0.17831666666666665,json5
6647e8618c77f7b938865d25,tutorial-part1,1747360470565,1747360766086,295.521,4.92535,json5
6647e8618c77f7b938865d25,tutorial-part2,1747360766604,1747361309172,542.568,9.0428,json5
6647e8618c77f7b938865d25,reading-task-config-1,1747361309535,1747361373826,64.291,1.0715166666666667,json5
6647e8618c77f7b938865d25,reading-task-config-1_post-task-question,1747361374537,1747361388527,13.99,0.23316666666666666,json5
6647e8618c77f7b938865d25,reading-task-config-2,1747361388929,1747361552267,163.338,2.7222999999999997,json5
6647e8618c77f7b938865d25,reading-task-config-2_post-task-question,1747361553034,1747361560739,7.705,0.12841666666666668,json5
6647e8618c77f7b938865d25,reading-task-config-3,1747361561084,1747361600774,39.69,0.6615,json5
6647e8618c77f7b938865d25,reading-task-config-3_post-task-question,1747361601431,1747361607155,5.724,0.0954,json5
6647e8618c77f7b938865d25,reading-task-config-4,1747361607641,1747361741984,134.343,2.2390499999999998,json5
6647e8618c77f7b938865d25,reading-task-config-4_post-task-question,1747361742788,1747361750337,7.549,0.12581666666666666,json5
6647e8618c77f7b938865d25,reading-task-config-5,1747361750712,1747361826746,76.034,1.2672333333333334,json5
6647e8618c77f7b938865d25,reading-task-config-5_post-task-question,1747361827387,1747361833012,5.625,0.09375,json5
6647e8618c77f7b938865d25,writing-task-config,1747361833356,1747362184159,350.803,5.846716666666667,json5
6647e8618c77f7b938865d25,writing-task-config_post-task-question,1747362184862,1747362195271,10.409,0.17348333333333335,json5
6647e8618c77f7b938865d25,modifying-task-config-1,1747362195571,1747362407748,212.177,3.536283333333333,json5
6647e8618c77f7b938865d25,modifying-task-config-1_post-task-question,1747362408477,1747362415240,6.763,0.11271666666666666,json5
6647e8618c77f7b938865d25,modifying-task-config-2,1747362415582,1747362757655,342.073,5.701216666666666,json5
6647e8618c77f7b938865d25,modifying-task-config-2_post-task-question,1747362758400,1747362765956,7.556,0.12593333333333334,json5
6647e8618c77f7b938865d25,modifying-task-config-3,1747362766292,1747362884485,118.193,1.9698833333333332,json5
6647e8618c77f7b938865d25,modifying-task-config-3_post-task-question,1747362885213,1747362893225,8.012,0.13353333333333334,json5
6647e8618c77f7b938865d25,modifying-task-config-4,1747362893668,1747363091621,197.953,3.2992166666666667,json5
6647e8618c77f7b938865d25,modifying-task-config-4_post-task-question,1747363092452,1747363098447,5.995,0.09991666666666667,json5
6647e8618c77f7b938865d25,$nasa-tlx.co.nasa-tlx,1747363099123,1747363146087,46.964,0.7827333333333333,json5
6647e8618c77f7b938865d25,post-task-survey-tlx,1747363401971,1747363490793,88.822,1.4803666666666666,json5
6647e8618c77f7b938865d25,unqualified,0,-1,-0.001,-1.6666666666666667e-05,json5
613a541cf948d295c1df8752,introduction,1746767306102,1746767321895,15.793,0.26321666666666665,jsonc
613a541cf948d295c1df8752,qualifications,1746767322063,1746767329130,7.067,0.11778333333333334,jsonc
613a541cf948d295c1df8752,consent,1746767329285,1746767347398,18.113,0.30188333333333334,jsonc
613a541cf948d295c1df8752,task,1746767347581,1746767392258,44.677,0.7446166666666667,jsonc
613a541cf948d295c1df8752,writing-task-NL,1746767392348,1746767520882,128.534,2.142233333333333,jsonc
613a541cf948d295c1df8752,writing-task-NL_post-task-question,1746767521069,1746767525815,4.746,0.0791,jsonc
613a541cf948d295c1df8752,tutorial-part1,1746767525898,1746767769490,243.592,4.059866666666667,jsonc
613a541cf948d295c1df8752,tutorial-part2,1746767769602,1746767879472,109.87,1.8311666666666668,jsonc
613a541cf948d295c1df8752,reading-task-config-1,1746767879567,1746767924860,45.293,0.7548833333333334,jsonc
613a541cf948d295c1df8752,reading-task-config-1_post-task-question,1746767925020,1746767930929,5.909,0.09848333333333333,jsonc
613a541cf948d295c1df8752,reading-task-config-2,1746767931026,1746767948272,17.246,0.2874333333333333,jsonc
613a541cf948d295c1df8752,reading-task-config-2_post-task-question,1746767948424,1746767953096,4.672,0.07786666666666667,jsonc
613a541cf948d295c1df8752,reading-task-config-3,1746767953187,1746767974991,21.804,0.3634,jsonc
613a541cf948d295c1df8752,reading-task-config-3_post-task-question,1746767975142,1746767979082,3.94,0.06566666666666666,jsonc
613a541cf948d295c1df8752,reading-task-config-4,1746767979167,1746768072733,93.566,1.5594333333333334,jsonc
613a541cf948d295c1df8752,reading-task-config-4_post-task-question,1746768072893,1746768077565,4.672,0.07786666666666667,jsonc
613a541cf948d295c1df8752,reading-task-config-5,1746768077655,1746768112060,34.405,0.5734166666666667,jsonc
613a541cf948d295c1df8752,reading-task-config-5_post-task-question,1746768112215,1746768116624,4.409,0.07348333333333333,jsonc
613a541cf948d295c1df8752,writing-task-config,1746768116715,1746769270011,1153.296,19.221600000000002,jsonc
613a541cf948d295c1df8752,writing-task-config_post-task-question,1746769270198,1746769275020,4.822,0.08036666666666667,jsonc
613a541cf948d295c1df8752,modifying-task-config-1,1746769275112,1746769361386,86.274,1.4379,jsonc
613a541cf948d295c1df8752,modifying-task-config-1_post-task-question,1746769361570,1746769365783,4.213,0.07021666666666666,jsonc
613a541cf948d295c1df8752,modifying-task-config-2,1746769365875,1746769491033,125.158,2.0859666666666667,jsonc
613a541cf948d295c1df8752,modifying-task-config-2_post-task-question,1746769491219,1746769498269,7.05,0.1175,jsonc
613a541cf948d295c1df8752,modifying-task-config-3,1746769498365,1746769544388,46.023,0.76705,jsonc
613a541cf948d295c1df8752,modifying-task-config-3_post-task-question,1746769544565,1746769550516,5.951,0.09918333333333333,jsonc
613a541cf948d295c1df8752,modifying-task-config-4,1746769550608,1746769818153,267.545,4.459083333333334,jsonc
613a541cf948d295c1df8752,modifying-task-config-4_post-task-question,1746769818350,1746769823233,4.883,0.08138333333333334,jsonc
613a541cf948d295c1df8752,$nasa-tlx.co.nasa-tlx,1746769823423,1746769878669,55.246,0.9207666666666667,jsonc
613a541cf948d295c1df8752,post-task-survey-tlx,1746769878897,1746769918861,39.964,0.6660666666666667,jsonc
613a541cf948d295c1df8752,unqualified,0,-1,-0.001,-1.6666666666666667e-05,jsonc
5e5c993cd0394c474f7cc502,introduction,1747618129637,1747618145914,16.277,0.2712833333333334,toml
5e5c993cd0394c474f7cc502,qualifications,1747618146072,1747618153503,7.431,0.12385,toml
5e5c993cd0394c474f7cc502,consent,1747618153617,1747618174851,21.234,0.35390000000000005,toml
5e5c993cd0394c474f7cc502,task,1747618174999,1747618200414,25.415,0.4235833333333333,toml
5e5c993cd0394c474f7cc502,writing-task-NL,1747618200485,1747618294871,94.386,1.5731,toml
5e5c993cd0394c474f7cc502,writing-task-NL_post-task-question,1747618295002,1747618301083,6.081,0.10135000000000001,toml
5e5c993cd0394c474f7cc502,tutorial-part1,1747618301151,1747618520233,219.082,3.6513666666666666,toml
5e5c993cd0394c474f7cc502,tutorial-part2,1747618520312,1747618616288,95.976,1.5996,toml
5e5c993cd0394c474f7cc502,reading-task-config-1,1747618616410,1747618635855,19.445,0.32408333333333333,toml
5e5c993cd0394c474f7cc502,reading-task-config-1_post-task-question,1747618635985,1747618641721,5.736,0.09559999999999999,toml
5e5c993cd0394c474f7cc502,reading-task-config-2,1747618641798,1747618674626,32.828,0.5471333333333334,toml
5e5c993cd0394c474f7cc502,reading-task-config-2_post-task-question,1747618674745,1747618679012,4.267,0.07111666666666668,toml
5e5c993cd0394c474f7cc502,reading-task-config-3,1747618679083,1747618688831,9.748,0.16246666666666665,toml
5e5c993cd0394c474f7cc502,reading-task-config-3_post-task-question,1747618688953,1747618692031,3.078,0.0513,toml
5e5c993cd0394c474f7cc502,reading-task-config-4,1747618692100,1747618746956,54.856,0.9142666666666667,toml
5e5c993cd0394c474f7cc502,reading-task-config-4_post-task-question,1747618747070,1747618751826,4.756,0.07926666666666667,toml
5e5c993cd0394c474f7cc502,reading-task-config-5,1747618751894,1747618777328,25.434,0.4239,toml
5e5c993cd0394c474f7cc502,reading-task-config-5_post-task-question,1747618777443,1747618780090,2.647,0.044116666666666665,toml
5e5c993cd0394c474f7cc502,writing-task-config,1747618780152,1747619418685,638.533,10.642216666666666,toml
5e5c993cd0394c474f7cc502,writing-task-config_post-task-question,1747619418814,1747619425492,6.678,0.1113,toml
5e5c993cd0394c474f7cc502,modifying-task-config-1,1747619425560,1747619471548,45.988,0.7664666666666666,toml
5e5c993cd0394c474f7cc502,modifying-task-config-1_post-task-question,1747619471664,1747619475946,4.282,0.07136666666666666,toml
5e5c993cd0394c474f7cc502,modifying-task-config-2,1747619476017,1747619583833,107.816,1.7969333333333333,toml
5e5c993cd0394c474f7cc502,modifying-task-config-2_post-task-question,1747619583953,1747619587638,3.685,0.06141666666666667,toml
5e5c993cd0394c474f7cc502,modifying-task-config-3,1747619587710,1747619641040,53.33,0.8888333333333333,toml
5e5c993cd0394c474f7cc502,modifying-task-config-3_post-task-question,1747619641160,1747619645815,4.655,0.07758333333333334,toml
5e5c993cd0394c474f7cc502,modifying-task-config-4,1747619645891,1747619825120,179.229,2.98715,toml
5e5c993cd0394c474f7cc502,modifying-task-config-4_post-task-question,1747619825255,1747619832333,7.078,0.11796666666666668,toml
5e5c993cd0394c474f7cc502,$nasa-tlx.co.nasa-tlx,1747619832480,1747619867684,35.204,0.5867333333333333,toml
5e5c993cd0394c474f7cc502,post-task-survey-tlx,1747619867851,1747619927684,59.833,0.9972166666666666,toml
5e5c993cd0394c474f7cc502,unqualified,0,-1,-0.001,-1.6666666666666667e-05,toml
67c045fa5074c5500ca40e76,introduction,1746768208897,1746768556839,347.942,5.799033333333333,xml
67c045fa5074c5500ca40e76,qualifications,1746768557942,1746768685561,127.619,2.1269833333333334,xml
67c045fa5074c5500ca40e76,consent,1746768686523,1746768902314,215.791,3.5965166666666666,xml
67c045fa5074c5500ca40e76,task,1746768903320,1746769028549,125.229,2.08715,xml
67c045fa5074c5500ca40e76,writing-task-NL,1746769029170,1746769634389,605.219,10.086983333333334,xml
67c045fa5074c5500ca40e76,writing-task-NL_post-task-question,1746769635504,1746769654808,19.304,0.3217333333333333,xml
67c045fa5074c5500ca40e76,tutorial-part1,1746769655436,1746771680266,2024.83,33.747166666666665,xml
67c045fa5074c5500ca40e76,tutorial-part2,1746771680945,1746772072592,391.647,6.52745,xml
67c045fa5074c5500ca40e76,reading-task-config-1,1746772073278,1746772311364,238.086,3.9681,xml
67c045fa5074c5500ca40e76,reading-task-config-1_post-task-question,1746772312581,1746772325527,12.946,0.21576666666666666,xml
67c045fa5074c5500ca40e76,reading-task-config-2,1746772326149,1746772736797,410.648,6.844133333333334,xml
67c045fa5074c5500ca40e76,reading-task-config-2_post-task-question,1746772737788,1746772746844,9.056,0.1509333333333333,xml
67c045fa5074c5500ca40e76,reading-task-config-3,1746772747502,1746772805104,57.602,0.9600333333333333,xml
67c045fa5074c5500ca40e76,reading-task-config-3_post-task-question,1746772806033,1746772819962,13.929,0.23215,xml
67c045fa5074c5500ca40e76,reading-task-config-4,1746772820618,1746773399023,578.405,9.640083333333333,xml
67c045fa5074c5500ca40e76,reading-task-config-4_post-task-question,1746773400091,1746773407831,7.74,0.129,xml
67c045fa5074c5500ca40e76,reading-task-config-5,1746773408459,1746773483753,75.294,1.2549,xml
67c045fa5074c5500ca40e76,reading-task-config-5_post-task-question,1746773484725,1746773492751,8.026,0.13376666666666667,xml
67c045fa5074c5500ca40e76,writing-task-config,1746773493379,1746774596856,1103.477,18.391283333333334,xml
67c045fa5074c5500ca40e76,writing-task-config_post-task-question,1746774597886,1746774604696,6.81,0.11349999999999999,xml
67c045fa5074c5500ca40e76,modifying-task-config-1,1746774605386,1746774915679,310.293,5.17155,xml
67c045fa5074c5500ca40e76,modifying-task-config-1_post-task-question,1746774916711,1746774926969,10.258,0.17096666666666666,xml
67c045fa5074c5500ca40e76,modifying-task-config-2,1746774927634,1746775042047,114.413,1.9068833333333333,xml
67c045fa5074c5500ca40e76,modifying-task-config-2_post-task-question,1746775043091,1746775053062,9.971,0.16618333333333332,xml
67c045fa5074c5500ca40e76,modifying-task-config-3,1746775053702,1746775098410,44.708,0.7451333333333333,xml
67c045fa5074c5500ca40e76,modifying-task-config-3_post-task-question,1746775099428,1746775109262,9.834,0.1639,xml
67c045fa5074c5500ca40e76,modifying-task-config-4,1746775109960,1746775146476,36.516,0.6085999999999999,xml
67c045fa5074c5500ca40e76,modifying-task-config-4_post-task-question,1746775147476,1746775160680,13.204,0.2200666666666667,xml
67c045fa5074c5500ca40e76,$nasa-tlx.co.nasa-tlx,1746775161849,1746775222202,60.353,1.0058833333333335,xml
67c045fa5074c5500ca40e76,post-task-survey-tlx,1746775223535,1746775428476,204.941,3.4156833333333334,xml
67c045fa5074c5500ca40e76,unqualified,0,-1,-0.001,-1.6666666666666667e-05,xml
67d2eaf9d5996dc6be1c7072,introduction,1746767525001,1746767582602,57.601,0.9600166666666666,xml
67d2eaf9d5996dc6be1c7072,qualifications,1746767582961,1746767597874,14.913,0.24855,xml
67d2eaf9d5996dc6be1c7072,consent,1746767598223,1746767692538,94.315,1.5719166666666666,xml
67d2eaf9d5996dc6be1c7072,task,1746767692871,1746767859011,166.14,2.7689999999999997,xml
67d2eaf9d5996dc6be1c7072,writing-task-NL,1746767859224,1746768115055,255.831,4.26385,xml
67d2eaf9d5996dc6be1c7072,writing-task-NL_post-task-question,1746768115449,1746768123450,8.001,0.13335,xml
67d2eaf9d5996dc6be1c7072,tutorial-part1,1746768123640,1746768655731,532.091,8.868183333333333,xml
67d2eaf9d5996dc6be1c7072,tutorial-part2,1746768656096,1746769337376,681.28,11.354666666666667,xml
67d2eaf9d5996dc6be1c7072,reading-task-config-1,1746769337646,1746769594456,256.81,4.280166666666667,xml
67d2eaf9d5996dc6be1c7072,reading-task-config-1_post-task-question,1746769594811,1746769602185,7.374,0.1229,xml
67d2eaf9d5996dc6be1c7072,reading-task-config-2,1746769602408,1746769719060,116.652,1.9442,xml
67d2eaf9d5996dc6be1c7072,reading-task-config-2_post-task-question,1746769719423,1746769723518,4.095,0.06824999999999999,xml
67d2eaf9d5996dc6be1c7072,reading-task-config-3,1746769723709,1746769893402,169.693,2.828216666666667,xml
67d2eaf9d5996dc6be1c7072,reading-task-config-3_post-task-question,1746769893785,1746769900107,6.322,0.10536666666666666,xml
67d2eaf9d5996dc6be1c7072,reading-task-config-4,1746769900324,1746770071205,170.881,2.8480166666666666,xml
67d2eaf9d5996dc6be1c7072,reading-task-config-4_post-task-question,1746770071576,1746770077747,6.171,0.10285000000000001,xml
67d2eaf9d5996dc6be1c7072,reading-task-config-5,1746770077956,1746770348340,270.384,4.5064,xml
67d2eaf9d5996dc6be1c7072,reading-task-config-5_post-task-question,1746770348751,1746770353478,4.727,0.07878333333333334,xml
67d2eaf9d5996dc6be1c7072,writing-task-config,1746770353682,1746771054243,700.561,11.676016666666667,xml
67d2eaf9d5996dc6be1c7072,writing-task-config_post-task-question,1746771054636,1746771059831,5.195,0.08658333333333333,xml
67d2eaf9d5996dc6be1c7072,modifying-task-config-1,1746771060056,1746771156590,96.534,1.6089,xml
67d2eaf9d5996dc6be1c7072,modifying-task-config-1_post-task-question,1746771156964,1746771163068,6.104,0.10173333333333333,xml
67d2eaf9d5996dc6be1c7072,modifying-task-config-2,1746771163280,1746771429561,266.281,4.438016666666667,xml
67d2eaf9d5996dc6be1c7072,modifying-task-config-2_post-task-question,1746771429937,1746771441895,11.958,0.1993,xml
67d2eaf9d5996dc6be1c7072,modifying-task-config-3,1746771442106,1746771563068,120.962,2.0160333333333336,xml
67d2eaf9d5996dc6be1c7072,modifying-task-config-3_post-task-question,1746771563515,1746771567663,4.148,0.06913333333333332,xml
67d2eaf9d5996dc6be1c7072,modifying-task-config-4,1746771567899,1746771738121,170.222,2.8370333333333333,xml
67d2eaf9d5996dc6be1c7072,modifying-task-config-4_post-task-question,1746771738515,1746771744347,5.832,0.0972,xml
67d2eaf9d5996dc6be1c7072,$nasa-tlx.co.nasa-tlx,1746771744794,1746771832877,88.083,1.46805,xml
67d2eaf9d5996dc6be1c7072,post-task-survey-tlx,1746771833394,1746772001299,167.905,2.7984166666666668,xml
67d2eaf9d5996dc6be1c7072,unqualified,0,-1,-0.001,-1.6666666666666667e-05,xml
60e2ebb6ad1d5ee0e515a7c5,introduction,1746767276309,1746767315818,39.509,0.6584833333333333,yaml
60e2ebb6ad1d5ee0e515a7c5,qualifications,1746767315938,1746767330924,14.986,0.24976666666666666,yaml
60e2ebb6ad1d5ee0e515a7c5,consent,1746767331019,1746767408776,77.757,1.2959500000000002,yaml
60e2ebb6ad1d5ee0e515a7c5,task,1746767408892,1746767463682,54.79,0.9131666666666667,yaml
60e2ebb6ad1d5ee0e515a7c5,writing-task-NL,1746767463750,1746767881465,417.715,6.961916666666666,yaml
60e2ebb6ad1d5ee0e515a7c5,writing-task-NL_post-task-question,1746767881589,1746767897570,15.981,0.26635,yaml
60e2ebb6ad1d5ee0e515a7c5,tutorial-part1,1746767897638,1746768051870,154.232,2.570533333333333,yaml
60e2ebb6ad1d5ee0e515a7c5,tutorial-part2,1746768051939,1746768191238,139.299,2.32165,yaml
60e2ebb6ad1d5ee0e515a7c5,reading-task-config-1,1746768191316,1746768284704,93.388,1.5564666666666667,yaml
60e2ebb6ad1d5ee0e515a7c5,reading-task-config-1_post-task-question,1746768284811,1746768296679,11.868,0.1978,yaml
60e2ebb6ad1d5ee0e515a7c5,reading-task-config-2,1746768296748,1746768329123,32.375,0.5395833333333333,yaml
60e2ebb6ad1d5ee0e515a7c5,reading-task-config-2_post-task-question,1746768329244,1746768338339,9.095,0.15158333333333335,yaml
60e2ebb6ad1d5ee0e515a7c5,reading-task-config-3,1746768338409,1746768374491,36.082,0.6013666666666667,yaml
60e2ebb6ad1d5ee0e515a7c5,reading-task-config-3_post-task-question,1746768374605,1746768384842,10.237,0.17061666666666667,yaml
60e2ebb6ad1d5ee0e515a7c5,reading-task-config-4,1746768384919,1746768517020,132.101,2.2016833333333334,yaml
60e2ebb6ad1d5ee0e515a7c5,reading-task-config-4_post-task-question,1746768517121,1746768526221,9.1,0.15166666666666667,yaml
60e2ebb6ad1d5ee0e515a7c5,reading-task-config-5,1746768526294,1746768592283,65.989,1.0998166666666667,yaml
60e2ebb6ad1d5ee0e515a7c5,reading-task-config-5_post-task-question,1746768592384,1746768597096,4.712,0.07853333333333333,yaml
60e2ebb6ad1d5ee0e515a7c5,writing-task-config,1746768597159,1746769195680,598.521,9.975349999999999,yaml
60e2ebb6ad1d5ee0e515a7c5,writing-task-config_post-task-question,1746769195787,1746769203673,7.886,0.13143333333333335,yaml
60e2ebb6ad1d5ee0e515a7c5,modifying-task-config-1,1746769203737,1746769320678,116.941,1.9490166666666666,yaml
60e2ebb6ad1d5ee0e515a7c5,modifying-task-config-1_post-task-question,1746769320776,1746769327216,6.44,0.10733333333333334,yaml
60e2ebb6ad1d5ee0e515a7c5,modifying-task-config-2,1746769327282,1746769498969,171.687,2.86145,yaml
60e2ebb6ad1d5ee0e515a7c5,modifying-task-config-2_post-task-question,1746769499082,1746769512404,13.322,0.22203333333333333,yaml
60e2ebb6ad1d5ee0e515a7c5,modifying-task-config-3,1746769512483,1746769619801,107.318,1.7886333333333333,yaml
60e2ebb6ad1d5ee0e515a7c5,modifying-task-config-3_post-task-question,1746769619928,1746769630080,10.152,0.1692,yaml
60e2ebb6ad1d5ee0e515a7c5,modifying-task-config-4,1746769630155,1746769779209,149.054,2.4842333333333335,yaml
60e2ebb6ad1d5ee0e515a7c5,modifying-task-config-4_post-task-question,1746769779325,1746769787458,8.133,0.13554999999999998,yaml
60e2ebb6ad1d5ee0e515a7c5,$nasa-tlx.co.nasa-tlx,1746769787571,1746769888144,100.573,1.6762166666666665,yaml
60e2ebb6ad1d5ee0e515a7c5,post-task-survey-tlx,1746769888294,1746770025199,136.905,2.28175,yaml
60e2ebb6ad1d5ee0e515a7c5,unqualified,0,-1,-0.001,-1.6666666666666667e-05,yaml
67153c0d669d191ab273b865,introduction,1747174713922,1747174740451,26.529,0.44215,yaml
67153c0d669d191ab273b865,qualifications,1747174740605,1747174772531,31.926,0.5321,yaml
67153c0d669d191ab273b865,consent,1747174772678,1747174804268,31.59,0.5265,yaml
67153c0d669d191ab273b865,task,1747174804410,1747174864664,60.254,1.0042333333333333,yaml
67153c0d669d191ab273b865,writing-task-NL,1747174864752,1747175273737,408.985,6.816416666666667,yaml
67153c0d669d191ab273b865,writing-task-NL_post-task-question,1747175273871,1747175287639,13.768,0.22946666666666668,yaml
67153c0d669d191ab273b865,tutorial-part1,1747175287724,1747175882076,594.352,9.905866666666666,yaml
67153c0d669d191ab273b865,tutorial-part2,1747175882182,1747176103431,221.249,3.6874833333333332,yaml
67153c0d669d191ab273b865,reading-task-config-1,1747176103587,1747176254868,151.281,2.52135,yaml
67153c0d669d191ab273b865,reading-task-config-1_post-task-question,1747176255014,1747176265646,10.632,0.1772,yaml
67153c0d669d191ab273b865,reading-task-config-2,1747176265742,1747176320702,54.96,0.916,yaml
67153c0d669d191ab273b865,reading-task-config-2_post-task-question,1747176320846,1747176328700,7.854,0.1309,yaml
67153c0d669d191ab273b865,reading-task-config-3,1747176328785,1747176390716,61.931,1.0321833333333332,yaml
67153c0d669d191ab273b865,reading-task-config-3_post-task-question,1747176390869,1747176396123,5.254,0.08756666666666665,yaml
67153c0d669d191ab273b865,reading-task-config-4,1747176396204,1747176619621,223.417,3.7236166666666666,yaml
67153c0d669d191ab273b865,reading-task-config-4_post-task-question,1747176619764,1747176628744,8.98,0.14966666666666667,yaml
67153c0d669d191ab273b865,reading-task-config-5,1747176628836,1747176704968,76.132,1.2688666666666668,yaml
67153c0d669d191ab273b865,reading-task-config-5_post-task-question,1747176705099,1747176710988,5.889,0.09815,yaml
67153c0d669d191ab273b865,writing-task-config,1747176711083,1747177468160,757.077,12.61795,yaml
67153c0d669d191ab273b865,writing-task-config_post-task-question,1747177468294,1747177487589,19.295,0.3215833333333334,yaml
67153c0d669d191ab273b865,modifying-task-config-1,1747177487680,1747177679459,191.779,3.1963166666666667,yaml
67153c0d669d191ab273b865,modifying-task-config-1_post-task-question,1747177679612,1747177685188,5.576,0.09293333333333333,yaml
67153c0d669d191ab273b865,modifying-task-config-2,1747177685281,1747178026040,340.759,5.679316666666667,yaml
67153c0d669d191ab273b865,modifying-task-config-2_post-task-question,1747178026210,1747178031650,5.44,0.09066666666666667,yaml
67153c0d669d191ab273b865,modifying-task-config-3,1747178031743,1747178248756,217.013,3.6168833333333335,yaml
67153c0d669d191ab273b865,modifying-task-config-3_post-task-question,1747178248907,1747178254127,5.22,0.087,yaml
67153c0d669d191ab273b865,modifying-task-config-4,1747178254211,1747178458658,204.447,3.40745,yaml
67153c0d669d191ab273b865,modifying-task-config-4_post-task-question,1747178458803,1747178462838,4.035,0.06725,yaml
67153c0d669d191ab273b865,$nasa-tlx.co.nasa-tlx,1747178462977,1747179052653,589.676,9.827933333333334,yaml
67153c0d669d191ab273b865,post-task-survey-tlx,1747179052977,1747179145882,92.905,1.5484166666666668,yaml
67153c0d669d191ab273b865,unqualified,0,-1,-0.001,-1.6666666666666667e-05,yaml
67ab1d683813ed19603e1030,introduction,1746778159885,1746778166653,6.768,0.1128,yaml
67ab1d683813ed19603e1030,qualifications,1746778167140,1746778178571,11.431,0.19051666666666664,yaml
67ab1d683813ed19603e1030,consent,1746778179022,1746778190276,11.254,0.18756666666666666,yaml
67ab1d683813ed19603e1030,task,1746778190835,1746778206109,15.274,0.25456666666666666,yaml
67ab1d683813ed19603e1030,writing-task-NL,1746778206348,1746778401494,195.146,3.2524333333333333,yaml
67ab1d683813ed19603e1030,writing-task-NL_post-task-question,1746778401980,1746778410844,8.864,0.14773333333333336,yaml
67ab1d683813ed19603e1030,tutorial-part1,1746778411128,1746778523068,111.94,1.8656666666666666,yaml
67ab1d683813ed19603e1030,tutorial-part2,1746778523352,1746778556003,32.651,0.5441833333333334,yaml
67ab1d683813ed19603e1030,reading-task-config-1,1746778556279,1746778813350,257.071,4.284516666666667,yaml
67ab1d683813ed19603e1030,reading-task-config-1_post-task-question,1746778813818,1746778823452,9.634,0.16056666666666666,yaml
67ab1d683813ed19603e1030,reading-task-config-2,1746778823727,1746778915901,92.174,1.5362333333333333,yaml
67ab1d683813ed19603e1030,reading-task-config-2_post-task-question,1746778916341,1746778919683,3.342,0.0557,yaml
67ab1d683813ed19603e1030,reading-task-config-3,1746778919949,1746778940777,20.828,0.34713333333333335,yaml
67ab1d683813ed19603e1030,reading-task-config-3_post-task-question,1746778941201,1746778943820,2.619,0.04365,yaml
67ab1d683813ed19603e1030,reading-task-config-4,1746778944086,1746779216081,271.995,4.53325,yaml
67ab1d683813ed19603e1030,reading-task-config-4_post-task-question,1746779216554,1746779221621,5.067,0.08445,yaml
67ab1d683813ed19603e1030,reading-task-config-5,1746779221900,1746779243822,21.922,0.3653666666666667,yaml
67ab1d683813ed19603e1030,reading-task-config-5_post-task-question,1746779244281,1746779247009,2.728,0.04546666666666667,yaml
67ab1d683813ed19603e1030,writing-task-config,1746779247277,1746779628984,381.707,6.361783333333333,yaml
67ab1d683813ed19603e1030,writing-task-config_post-task-question,1746779629446,1746779634833,5.387,0.08978333333333333,yaml
67ab1d683813ed19603e1030,modifying-task-config-1,1746779635098,1746779842517,207.419,3.4569833333333335,yaml
67ab1d683813ed19603e1030,modifying-task-config-1_post-task-question,1746779843082,1746779845870,2.788,0.04646666666666666,yaml
67ab1d683813ed19603e1030,modifying-task-config-2,1746779846166,1746780165750,319.584,5.3264000000000005,yaml
67ab1d683813ed19603e1030,modifying-task-config-2_post-task-question,1746780166317,1746780172826,6.509,0.10848333333333333,yaml
67ab1d683813ed19603e1030,modifying-task-config-3,1746780173103,1746780386496,213.393,3.55655,yaml
67ab1d683813ed19603e1030,modifying-task-config-3_post-task-question,1746780386999,1746780392062,5.063,0.08438333333333332,yaml
67ab1d683813ed19603e1030,modifying-task-config-4,1746780392341,1746780541123,148.782,2.4797000000000002,yaml
67ab1d683813ed19603e1030,modifying-task-config-4_post-task-question,1746780541630,1746780545178,3.548,0.059133333333333336,yaml
67ab1d683813ed19603e1030,$nasa-tlx.co.nasa-tlx,1746780545696,1746780575916,30.22,0.5036666666666666,yaml
67ab1d683813ed19603e1030,post-task-survey-tlx,1746780576557,1746780653279,76.722,1.2787,yaml
67ab1d683813ed19603e1030,unqualified,0,-1,-0.001,-1.6666666666666667e-05,yaml
60e343946a7faddde88fbe3c,introduction,1747172497838,1747172659762,161.924,2.6987333333333337,yaml
60e343946a7faddde88fbe3c,qualifications,1747172660089,1747172682096,22.007,0.36678333333333335,yaml
60e343946a7faddde88fbe3c,consent,1747172682410,1747172938251,255.841,4.264016666666667,yaml
60e343946a7faddde88fbe3c,task,1747172938539,1747173090940,152.401,2.540016666666667,yaml
60e343946a7faddde88fbe3c,writing-task-NL,1747173521856,1747173829951,308.095,5.134916666666667,yaml
60e343946a7faddde88fbe3c,writing-task-NL_post-task-question,1747173830623,1747173843257,12.634,0.21056666666666668,yaml
60e343946a7faddde88fbe3c,tutorial-part1,1747173843543,1747174182408,338.865,5.64775,yaml
60e343946a7faddde88fbe3c,tutorial-part2,1747174182816,1747174454398,271.582,4.526366666666666,yaml
60e343946a7faddde88fbe3c,reading-task-config-1,1747174454796,1747174502267,47.471,0.7911833333333332,yaml
60e343946a7faddde88fbe3c,reading-task-config-1_post-task-question,1747174502899,1747174512946,10.047,0.16745000000000002,yaml
60e343946a7faddde88fbe3c,reading-task-config-2,1747174513226,1747174559053,45.827,0.7637833333333333,yaml
60e343946a7faddde88fbe3c,reading-task-config-2_post-task-question,1747174559701,1747174567417,7.716,0.1286,yaml
60e343946a7faddde88fbe3c,reading-task-config-3,1747174567701,1747174598761,31.06,0.5176666666666666,yaml
60e343946a7faddde88fbe3c,reading-task-config-3_post-task-question,1747174599495,1747174604758,5.263,0.08771666666666667,yaml
60e343946a7faddde88fbe3c,reading-task-config-4,1747174605267,1747174738900,133.633,2.2272166666666666,yaml
60e343946a7faddde88fbe3c,reading-task-config-4_post-task-question,1747174739311,1747174749526,10.215,0.17024999999999998,yaml
60e343946a7faddde88fbe3c,reading-task-config-5,1747174749719,1747175016926,267.207,4.45345,yaml
60e343946a7faddde88fbe3c,reading-task-config-5_post-task-question,1747175017339,1747175027940,10.601,0.17668333333333336,yaml
60e343946a7faddde88fbe3c,writing-task-config,1747175028140,1747176131432,1103.292,18.388199999999998,yaml
60e343946a7faddde88fbe3c,writing-task-config_post-task-question,1747176131885,1747176142103,10.218,0.1703,yaml
60e343946a7faddde88fbe3c,modifying-task-config-1,1747176142312,1747176348752,206.44,3.4406666666666665,yaml
60e343946a7faddde88fbe3c,modifying-task-config-1_post-task-question,1747176349275,1747176354346,5.071,0.08451666666666666,yaml
60e343946a7faddde88fbe3c,modifying-task-config-2,1747176354548,1747176608233,253.685,4.228083333333333,yaml
60e343946a7faddde88fbe3c,modifying-task-config-2_post-task-question,1747176608629,1747176615434,6.805,0.11341666666666667,yaml
60e343946a7faddde88fbe3c,modifying-task-config-3,1747176615624,1747176802684,187.06,3.1176666666666666,yaml
60e343946a7faddde88fbe3c,modifying-task-config-3_post-task-question,1747176803121,1747176812196,9.075,0.15125,yaml
60e343946a7faddde88fbe3c,modifying-task-config-4,1747176812399,1747177097676,285.277,4.754616666666666,yaml
60e343946a7faddde88fbe3c,modifying-task-config-4_post-task-question,1747177098133,1747177103015,4.882,0.08136666666666666,yaml
60e343946a7faddde88fbe3c,$nasa-tlx.co.nasa-tlx,1747177103455,1747177182753,79.298,1.3216333333333334,yaml
60e343946a7faddde88fbe3c,post-task-survey-tlx,1747177183299,1747177393183,209.884,3.4980666666666664,yaml
60e343946a7faddde88fbe3c,unqualified,0,-1,-0.001,-1.6666666666666667e-05,yaml
67e0333064ddada0e2fc6f1e,introduction,1746773401800,1746773452505,50.705,0.8450833333333333,yaml
67e0333064ddada0e2fc6f1e,qualifications,1746773453043,1746773460034,6.991,0.11651666666666666,yaml
67e0333064ddada0e2fc6f1e,consent,1746773460429,1746773494135,33.706,0.5617666666666667,yaml
67e0333064ddada0e2fc6f1e,task,1746773494858,1746773497348,2.49,0.0415,yaml
67e0333064ddada0e2fc6f1e,writing-task-NL,1746773497550,1746774091008,593.458,9.890966666666666,yaml
67e0333064ddada0e2fc6f1e,writing-task-NL_post-task-question,1746774091782,1746774116793,25.011,0.41685,yaml
67e0333064ddada0e2fc6f1e,tutorial-part1,1746774117033,1746774264815,147.782,2.4630333333333336,yaml
67e0333064ddada0e2fc6f1e,tutorial-part2,1746774265299,1746774458761,193.462,3.2243666666666666,yaml
67e0333064ddada0e2fc6f1e,reading-task-config-1,1746774459118,1746774486241,27.123,0.45205,yaml
67e0333064ddada0e2fc6f1e,reading-task-config-1_post-task-question,1746774486670,1746774497929,11.259,0.18765,yaml
67e0333064ddada0e2fc6f1e,reading-task-config-2,1746774498181,1746774517969,19.788,0.3298,yaml
67e0333064ddada0e2fc6f1e,reading-task-config-2_post-task-question,1746774518408,1746774522604,4.196,0.06993333333333333,yaml
67e0333064ddada0e2fc6f1e,reading-task-config-3,1746774522846,1746774571556,48.71,0.8118333333333333,yaml
67e0333064ddada0e2fc6f1e,reading-task-config-3_post-task-question,1746774571976,1746774584925,12.949,0.21581666666666666,yaml
67e0333064ddada0e2fc6f1e,reading-task-config-4,1746774585239,1746774628111,42.872,0.7145333333333334,yaml
67e0333064ddada0e2fc6f1e,reading-task-config-4_post-task-question,1746774628595,1746774632527,3.932,0.06553333333333333,yaml
67e0333064ddada0e2fc6f1e,reading-task-config-5,1746774632753,1746774658831,26.078,0.4346333333333333,yaml
67e0333064ddada0e2fc6f1e,reading-task-config-5_post-task-question,1746774659228,1746774662781,3.553,0.05921666666666667,yaml
67e0333064ddada0e2fc6f1e,writing-task-config,1746774663026,1746774892872,229.846,3.830766666666667,yaml
67e0333064ddada0e2fc6f1e,writing-task-config_post-task-question,1746774893832,1746774900039,6.207,0.10345,yaml
67e0333064ddada0e2fc6f1e,modifying-task-config-1,1746774900331,1746774998595,98.264,1.6377333333333333,yaml
67e0333064ddada0e2fc6f1e,modifying-task-config-1_post-task-question,1746774999658,1746775005054,5.396,0.08993333333333334,yaml
67e0333064ddada0e2fc6f1e,modifying-task-config-2,1746775005316,1746775176482,171.166,2.8527666666666667,yaml
67e0333064ddada0e2fc6f1e,modifying-task-config-2_post-task-question,1746775177224,1746775181764,4.54,0.07566666666666667,yaml
67e0333064ddada0e2fc6f1e,modifying-task-config-3,1746775182026,1746775241565,59.539,0.9923166666666667,yaml
67e0333064ddada0e2fc6f1e,modifying-task-config-3_post-task-question,1746775242655,1746775253319,10.664,0.17773333333333333,yaml
67e0333064ddada0e2fc6f1e,modifying-task-config-4,1746775253696,1746775323471,69.775,1.1629166666666668,yaml
67e0333064ddada0e2fc6f1e,modifying-task-config-4_post-task-question,1746775324201,1746775328565,4.364,0.07273333333333333,yaml
67e0333064ddada0e2fc6f1e,$nasa-tlx.co.nasa-tlx,1746775329039,1746775373619,44.58,0.743,yaml
67e0333064ddada0e2fc6f1e,post-task-survey-tlx,1746775374248,1746775448602,74.354,1.2392333333333334,yaml
67e0333064ddada0e2fc6f1e,unqualified,0,-1,-0.001,-1.6666666666666667e-05,yaml
5b3ec4332a5fbf00014eae57,introduction,1747345378616,1747345433746,55.13,0.9188333333333334,toml
5b3ec4332a5fbf00014eae57,qualifications,1747345433872,1747345460393,26.521,0.44201666666666667,toml
5b3ec4332a5fbf00014eae57,consent,1747345460498,1747345677457,216.959,3.6159833333333333,toml
5b3ec4332a5fbf00014eae57,task,1747345677585,1747345791209,113.624,1.8937333333333333,toml
5b3ec4332a5fbf00014eae57,writing-task-NL,1747345791297,1747346110301,319.004,5.3167333333333335,toml
5b3ec4332a5fbf00014eae57,writing-task-NL_post-task-question,1747346110427,1747346121001,10.574,0.17623333333333333,toml
5b3ec4332a5fbf00014eae57,tutorial-part1,1747346121071,1747346307793,186.722,3.1120333333333337,toml
5b3ec4332a5fbf00014eae57,tutorial-part2,1747346307886,1747346526305,218.419,3.6403166666666666,toml
5b3ec4332a5fbf00014eae57,reading-task-config-1,1747346526402,1747346584585,58.183,0.9697166666666667,toml
5b3ec4332a5fbf00014eae57,reading-task-config-1_post-task-question,1747346584705,1747346590376,5.671,0.09451666666666667,toml
5b3ec4332a5fbf00014eae57,reading-task-config-2,1747346590463,1747346656200,65.737,1.0956166666666667,toml
5b3ec4332a5fbf00014eae57,reading-task-config-2_post-task-question,1747346656314,1747346668592,12.278,0.20463333333333333,toml
5b3ec4332a5fbf00014eae57,reading-task-config-3,1747346668669,1747346694736,26.067,0.43445,toml
5b3ec4332a5fbf00014eae57,reading-task-config-3_post-task-question,1747346694850,1747346699384,4.534,0.07556666666666666,toml
5b3ec4332a5fbf00014eae57,reading-task-config-4,1747346699465,1747346944217,244.752,4.0792,toml
5b3ec4332a5fbf00014eae57,reading-task-config-4_post-task-question,1747346944342,1747346953928,9.586,0.15976666666666667,toml
5b3ec4332a5fbf00014eae57,reading-task-config-5,1747346954006,1747347067106,113.1,1.885,toml
5b3ec4332a5fbf00014eae57,reading-task-config-5_post-task-question,1747347067230,1747347077151,9.921,0.16535,toml
5b3ec4332a5fbf00014eae57,writing-task-config,1747347077219,1747347917283,840.064,14.001066666666667,toml
5b3ec4332a5fbf00014eae57,writing-task-config_post-task-question,1747347917424,1747347924727,7.303,0.12171666666666667,toml
5b3ec4332a5fbf00014eae57,modifying-task-config-1,1747347924809,1747348030248,105.439,1.7573166666666666,toml
5b3ec4332a5fbf00014eae57,modifying-task-config-1_post-task-question,1747348030372,1747348037375,7.003,0.11671666666666666,toml
5b3ec4332a5fbf00014eae57,modifying-task-config-2,1747348037457,1747348287466,250.009,4.166816666666667,toml
5b3ec4332a5fbf00014eae57,modifying-task-config-2_post-task-question,1747348287588,1747348296135,8.547,0.14245000000000002,toml
5b3ec4332a5fbf00014eae57,modifying-task-config-3,1747348296221,1747348385896,89.675,1.4945833333333334,toml
5b3ec4332a5fbf00014eae57,modifying-task-config-3_post-task-question,1747348386031,1747348397719,11.688,0.1948,toml
5b3ec4332a5fbf00014eae57,modifying-task-config-4,1747348397804,1747348726682,328.878,5.4813,toml
5b3ec4332a5fbf00014eae57,modifying-task-config-4_post-task-question,1747348726811,1747348732312,5.501,0.09168333333333334,toml
5b3ec4332a5fbf00014eae57,$nasa-tlx.co.nasa-tlx,1747348732451,1747348788464,56.013,0.93355,toml
5b3ec4332a5fbf00014eae57,post-task-survey-tlx,1747348788627,1747349210889,422.262,7.0377,toml
5b3ec4332a5fbf00014eae57,unqualified,0,-1,-0.001,-1.6666666666666667e-05,toml
66912d7bf9d35c08f6919958,introduction,1746767498186,1746767502927,4.741,0.07901666666666667,json
66912d7bf9d35c08f6919958,qualifications,1746767503355,1746767639076,135.721,2.262016666666667,json
66912d7bf9d35c08f6919958,consent,1746767639729,1746767694057,54.328,0.9054666666666668,json
66912d7bf9d35c08f6919958,task,1746767694653,1746767766154,71.501,1.1916833333333334,json
66912d7bf9d35c08f6919958,writing-task-NL,1746768264575,1746768967759,703.184,11.719733333333332,json
66912d7bf9d35c08f6919958,writing-task-NL_post-task-question,1746768968193,1746768983733,15.54,0.259,json
66912d7bf9d35c08f6919958,tutorial-part1,1746768983959,1746769680400,696.441,11.60735,json
66912d7bf9d35c08f6919958,tutorial-part2,1746769680678,1746769874955,194.277,3.2379499999999997,json
66912d7bf9d35c08f6919958,reading-task-config-1,1746769875231,1746769955984,80.753,1.3458833333333333,json
66912d7bf9d35c08f6919958,reading-task-config-1_post-task-question,1746769956410,1746769972646,16.236,0.2706,json
66912d7bf9d35c08f6919958,reading-task-config-2,1746769972874,1746769988780,15.906,0.2651,json
66912d7bf9d35c08f6919958,reading-task-config-2_post-task-question,1746769989263,1746769999846,10.583,0.17638333333333334,json
66912d7bf9d35c08f6919958,reading-task-config-3,1746770000065,1746770118271,118.206,1.9701,json
66912d7bf9d35c08f6919958,reading-task-config-3_post-task-question,1746770118702,1746770134461,15.759,0.26265,json
66912d7bf9d35c08f6919958,reading-task-config-4,1746770134692,1746770219691,84.999,1.41665,json
66912d7bf9d35c08f6919958,reading-task-config-4_post-task-question,1746770220028,1746770228527,8.499,0.14165,json
66912d7bf9d35c08f6919958,reading-task-config-5,1746770228721,1746770552893,324.172,5.402866666666667,json
66912d7bf9d35c08f6919958,reading-task-config-5_post-task-question,1746770553338,1746770559206,5.868,0.09780000000000001,json
66912d7bf9d35c08f6919958,writing-task-config,1746770559420,1746771177683,618.263,10.304383333333334,json
66912d7bf9d35c08f6919958,writing-task-config_post-task-question,1746771178107,1746771209095,30.988,0.5164666666666666,json
66912d7bf9d35c08f6919958,modifying-task-config-1,1746771209325,1746771233361,24.036,0.4006,json
66912d7bf9d35c08f6919958,modifying-task-config-1_post-task-question,1746771233750,1746771240599,6.849,0.11415,json
66912d7bf9d35c08f6919958,modifying-task-config-2,1746771240822,1746771255074,14.252,0.23753333333333335,json
66912d7bf9d35c08f6919958,modifying-task-config-2_post-task-question,1746771255496,1746771278022,22.526,0.37543333333333334,json
66912d7bf9d35c08f6919958,modifying-task-config-3,1746771278284,1746771402521,124.237,2.0706166666666665,json
66912d7bf9d35c08f6919958,modifying-task-config-3_post-task-question,1746771402969,1746771408954,5.985,0.09975,json
66912d7bf9d35c08f6919958,modifying-task-config-4,1746771409141,1746771636727,227.586,3.7931000000000004,json
66912d7bf9d35c08f6919958,modifying-task-config-4_post-task-question,1746771637105,1746771644719,7.614,0.12689999999999999,json
66912d7bf9d35c08f6919958,$nasa-tlx.co.nasa-tlx,1746771645167,1746771703906,58.739,0.9789833333333333,json
66912d7bf9d35c08f6919958,post-task-survey-tlx,1746771704413,1746772642061,937.648,15.627466666666667,json
66912d7bf9d35c08f6919958,unqualified,0,-1,-0.001,-1.6666666666666667e-05,json
6717980047b565ab5b849317,introduction,1746768546215,1746768572607,26.392,0.4398666666666667,hjson
6717980047b565ab5b849317,qualifications,1746768573069,1746768721818,148.749,2.4791499999999997,hjson
6717980047b565ab5b849317,consent,1746768722364,1746768748351,25.987,0.43311666666666665,hjson
6717980047b565ab5b849317,task,1746768748812,1746768881551,132.739,2.2123166666666667,hjson
6717980047b565ab5b849317,writing-task-NL,1746768881843,1746769190596,308.753,5.145883333333333,hjson
6717980047b565ab5b849317,writing-task-NL_post-task-question,1746769191226,1746769204586,13.36,0.22266666666666665,hjson
6717980047b565ab5b849317,tutorial-part1,1746769204867,1746769593099,388.232,6.470533333333334,hjson
6717980047b565ab5b849317,tutorial-part2,1746769593456,1746769793400,199.944,3.3324,hjson
6717980047b565ab5b849317,reading-task-config-1,1746769793833,1746769882555,88.722,1.4787,hjson
6717980047b565ab5b849317,reading-task-config-1_post-task-question,1746769883100,1746769893189,10.089,0.16815,hjson
6717980047b565ab5b849317,reading-task-config-2,1746769893475,1746769949286,55.811,0.9301833333333334,hjson
6717980047b565ab5b849317,reading-task-config-2_post-task-question,1746769949773,1746769957616,7.843,0.13071666666666668,hjson
6717980047b565ab5b849317,reading-task-config-3,1746769957884,1746770015295,57.411,0.95685,hjson
6717980047b565ab5b849317,reading-task-config-3_post-task-question,1746770015784,1746770025773,9.989,0.16648333333333334,hjson
6717980047b565ab5b849317,reading-task-config-4,1746770026056,1746770088702,62.646,1.0441,hjson
6717980047b565ab5b849317,reading-task-config-4_post-task-question,1746770089174,1746770102615,13.441,0.22401666666666667,hjson
6717980047b565ab5b849317,reading-task-config-5,1746770102891,1746770173832,70.941,1.18235,hjson
6717980047b565ab5b849317,reading-task-config-5_post-task-question,1746770174323,1746770185424,11.101,0.1850166666666667,hjson
6717980047b565ab5b849317,writing-task-config,1746770185685,1746770970640,784.955,13.082583333333334,hjson
6717980047b565ab5b849317,writing-task-config_post-task-question,1746770971267,1746770982021,10.754,0.17923333333333333,hjson
6717980047b565ab5b849317,modifying-task-config-1,1746770982340,1746771034161,51.821,0.8636833333333332,hjson
6717980047b565ab5b849317,modifying-task-config-1_post-task-question,1746771034634,1746771040313,5.679,0.09465,hjson
6717980047b565ab5b849317,modifying-task-config-2,1746771040582,1746771144980,104.398,1.7399666666666667,hjson
6717980047b565ab5b849317,modifying-task-config-2_post-task-question,1746771145402,1746771199056,53.654,0.8942333333333334,hjson
6717980047b565ab5b849317,modifying-task-config-3,1746771199385,1746771473540,274.155,4.569249999999999,hjson
6717980047b565ab5b849317,modifying-task-config-3_post-task-question,1746771474096,1746771492133,18.037,0.30061666666666664,hjson
6717980047b565ab5b849317,modifying-task-config-4,1746771492434,1746771846259,353.825,5.897083333333333,hjson
6717980047b565ab5b849317,modifying-task-config-4_post-task-question,1746771846751,1746771872624,25.873,0.4312166666666667,hjson
6717980047b565ab5b849317,$nasa-tlx.co.nasa-tlx,1746771873411,1746771918893,45.482,0.7580333333333333,hjson
6717980047b565ab5b849317,post-task-survey-tlx,1746771919599,1746772145167,225.568,3.759466666666667,hjson
6717980047b565ab5b849317,unqualified,0,-1,-0.001,-1.6666666666666667e-05,hjson
651b29ff3a6cadf518640abe,introduction,1746767308079,1746767361989,53.91,0.8985,xml
651b29ff3a6cadf518640abe,qualifications,1746767362088,1746767380210,18.122,0.3020333333333333,xml
651b29ff3a6cadf518640abe,consent,1746767380287,1746767423411,43.124,0.7187333333333333,xml
651b29ff3a6cadf518640abe,task,1746767423488,1746767510971,87.483,1.45805,xml
651b29ff3a6cadf518640abe,writing-task-NL,1746767511025,1746767691398,180.373,3.0062166666666665,xml
651b29ff3a6cadf518640abe,writing-task-NL_post-task-question,1746767691486,1746767699136,7.65,0.1275,xml
651b29ff3a6cadf518640abe,tutorial-part1,1746767699184,1746768150224,451.04,7.517333333333334,xml
651b29ff3a6cadf518640abe,tutorial-part2,1746768150279,1746768752165,601.886,10.031433333333332,xml
651b29ff3a6cadf518640abe,reading-task-config-1,1746768752222,1746768801578,49.356,0.8226,xml
651b29ff3a6cadf518640abe,reading-task-config-1_post-task-question,1746768801662,1746768812990,11.328,0.1888,xml
651b29ff3a6cadf518640abe,reading-task-config-2,1746768813043,1746768886829,73.786,1.2297666666666667,xml
651b29ff3a6cadf518640abe,reading-task-config-2_post-task-question,1746768886913,1746768894212,7.299,0.12165000000000001,xml
651b29ff3a6cadf518640abe,reading-task-config-3,1746768894259,1746769014110,119.851,1.9975166666666666,xml
651b29ff3a6cadf518640abe,reading-task-config-3_post-task-question,1746769014200,1746769021788,7.588,0.12646666666666667,xml
651b29ff3a6cadf518640abe,reading-task-config-4,1746769021845,1746769282639,260.794,4.346566666666666,xml
651b29ff3a6cadf518640abe,reading-task-config-4_post-task-question,1746769282727,1746769288643,5.916,0.09860000000000001,xml
651b29ff3a6cadf518640abe,reading-task-config-5,1746769288690,1746769414153,125.463,2.09105,xml
651b29ff3a6cadf518640abe,reading-task-config-5_post-task-question,1746769414239,1746769420324,6.085,0.10141666666666667,xml
651b29ff3a6cadf518640abe,writing-task-config,1746769420371,1746770247972,827.601,13.79335,xml
651b29ff3a6cadf518640abe,writing-task-config_post-task-question,1746770248067,1746770252647,4.58,0.07633333333333334,xml
651b29ff3a6cadf518640abe,modifying-task-config-1,1746770252699,1746770358610,105.911,1.7651833333333333,xml
651b29ff3a6cadf518640abe,modifying-task-config-1_post-task-question,1746770358712,1746770362987,4.275,0.07125000000000001,xml
651b29ff3a6cadf518640abe,modifying-task-config-2,1746770363038,1746770761796,398.758,6.645966666666666,xml
651b29ff3a6cadf518640abe,modifying-task-config-2_post-task-question,1746770761892,1746770767451,5.559,0.09265,xml
651b29ff3a6cadf518640abe,modifying-task-config-3,1746770767506,1746771094749,327.243,5.45405,xml
651b29ff3a6cadf518640abe,modifying-task-config-3_post-task-question,1746771094849,1746771098360,3.511,0.05851666666666667,xml
651b29ff3a6cadf518640abe,modifying-task-config-4,1746771098415,1746771250565,152.15,2.5358333333333336,xml
651b29ff3a6cadf518640abe,modifying-task-config-4_post-task-question,1746771250661,1746771254465,3.804,0.0634,xml
651b29ff3a6cadf518640abe,$nasa-tlx.co.nasa-tlx,1746771254558,1746771291471,36.913,0.6152166666666666,xml
651b29ff3a6cadf518640abe,post-task-survey-tlx,1746771291588,1746771389642,98.054,1.6342333333333334,xml
651b29ff3a6cadf518640abe,unqualified,0,-1,-0.001,-1.6666666666666667e-05,xml
6818ca1523ece90f671e3601,introduction,1746768186590,1746768194783,8.193,0.13655,json
6818ca1523ece90f671e3601,qualifications,1746768195449,1746768201998,6.549,0.10915000000000001,json
6818ca1523ece90f671e3601,consent,1746768202416,1746768235365,32.949,0.5491499999999999,json
6818ca1523ece90f671e3601,task,1746768235811,1746768317374,81.563,1.3593833333333334,json
6818ca1523ece90f671e3601,writing-task-NL,1746768317665,1746769081255,763.59,12.7265,json
6818ca1523ece90f671e3601,writing-task-NL_post-task-question,1746769081777,1746769095039,13.262,0.22103333333333333,json
6818ca1523ece90f671e3601,tutorial-part1,1746769095256,1746769575027,479.771,7.996183333333334,json
6818ca1523ece90f671e3601,tutorial-part2,1746769575285,1746769836426,261.141,4.35235,json
6818ca1523ece90f671e3601,reading-task-config-1,1746769836678,1746769867687,31.009,0.5168166666666667,json
6818ca1523ece90f671e3601,reading-task-config-1_post-task-question,1746769868084,1746769875119,7.035,0.11725000000000001,json
6818ca1523ece90f671e3601,reading-task-config-2,1746769875334,1746769904836,29.502,0.49169999999999997,json
6818ca1523ece90f671e3601,reading-task-config-2_post-task-question,1746769905284,1746769911933,6.649,0.11081666666666666,json
6818ca1523ece90f671e3601,reading-task-config-3,1746769912140,1746769980072,67.932,1.1322,json
6818ca1523ece90f671e3601,reading-task-config-3_post-task-question,1746769980493,1746769988049,7.556,0.12593333333333334,json
6818ca1523ece90f671e3601,reading-task-config-4,1746769988283,1746770268247,279.964,4.666066666666667,json
6818ca1523ece90f671e3601,reading-task-config-4_post-task-question,1746770268693,1746770275737,7.044,0.11739999999999999,json
6818ca1523ece90f671e3601,reading-task-config-5,1746770275967,1746770323583,47.616,0.7936,json
6818ca1523ece90f671e3601,reading-task-config-5_post-task-question,1746770324037,1746770328674,4.637,0.07728333333333333,json
6818ca1523ece90f671e3601,writing-task-config,1746770328915,1746771669177,1340.262,22.337699999999998,json
6818ca1523ece90f671e3601,writing-task-config_post-task-question,1746771669621,1746771677622,8.001,0.13335,json
6818ca1523ece90f671e3601,modifying-task-config-1,1746771677911,1746771822338,144.427,2.4071166666666666,json
6818ca1523ece90f671e3601,modifying-task-config-1_post-task-question,1746771823760,1746771829712,5.952,0.0992,json
6818ca1523ece90f671e3601,modifying-task-config-2,1746771830125,1746772084448,254.323,4.238716666666667,json
6818ca1523ece90f671e3601,modifying-task-config-2_post-task-question,1746772084900,1746772089236,4.336,0.07226666666666667,json
6818ca1523ece90f671e3601,modifying-task-config-3,1746772089502,1746772194062,104.56,1.7426666666666668,json
6818ca1523ece90f671e3601,modifying-task-config-3_post-task-question,1746772194536,1746772203667,9.131,0.15218333333333334,json
6818ca1523ece90f671e3601,modifying-task-config-4,1746772203939,1746772318327,114.388,1.9064666666666668,json
6818ca1523ece90f671e3601,modifying-task-config-4_post-task-question,1746772318987,1746772323775,4.788,0.07980000000000001,json
6818ca1523ece90f671e3601,$nasa-tlx.co.nasa-tlx,1746772324274,1746772371328,47.054,0.7842333333333333,json
6818ca1523ece90f671e3601,post-task-survey-tlx,1746772371953,1746772465109,93.156,1.5526000000000002,json
6818ca1523ece90f671e3601,unqualified,0,-1,-0.001,-1.6666666666666667e-05,json
67c1dd323984fa84ae83e162,introduction,1747173958847,1747174046981,88.134,1.4689,jsonc
67c1dd323984fa84ae83e162,qualifications,1747174047307,1747174066977,19.67,0.32783333333333337,jsonc
67c1dd323984fa84ae83e162,consent,1747174067254,1747174122344,55.09,0.9181666666666667,jsonc
67c1dd323984fa84ae83e162,task,1747174122682,1747174255533,132.851,2.214183333333333,jsonc
67c1dd323984fa84ae83e162,writing-task-NL,1747174255726,1747174933953,678.227,11.303783333333334,jsonc
67c1dd323984fa84ae83e162,writing-task-NL_post-task-question,1747174934305,1747174966199,31.894,0.5315666666666666,jsonc
67c1dd323984fa84ae83e162,tutorial-part1,1747174966380,1747175537802,571.422,9.5237,jsonc
67c1dd323984fa84ae83e162,tutorial-part2,1747175538090,1747175808633,270.543,4.50905,jsonc
67c1dd323984fa84ae83e162,reading-task-config-1,1747175808848,1747176107754,298.906,4.981766666666667,jsonc
67c1dd323984fa84ae83e162,reading-task-config-1_post-task-question,1747176108042,1747176120020,11.978,0.19963333333333333,jsonc
67c1dd323984fa84ae83e162,reading-task-config-2,1747176120213,1747176151450,31.237,0.5206166666666666,jsonc
67c1dd323984fa84ae83e162,reading-task-config-2_post-task-question,1747176151798,1747176162366,10.568,0.17613333333333334,jsonc
67c1dd323984fa84ae83e162,reading-task-config-3,1747176162566,1747176226456,63.89,1.0648333333333333,jsonc
67c1dd323984fa84ae83e162,reading-task-config-3_post-task-question,1747176226743,1747176236442,9.699,0.16165,jsonc
67c1dd323984fa84ae83e162,reading-task-config-4,1747176236624,1747176399481,162.857,2.7142833333333334,jsonc
67c1dd323984fa84ae83e162,reading-task-config-4_post-task-question,1747176399867,1747176417798,17.931,0.29885,jsonc
67c1dd323984fa84ae83e162,reading-task-config-5,1747176417982,1747176513252,95.27,1.5878333333333332,jsonc
67c1dd323984fa84ae83e162,reading-task-config-5_post-task-question,1747176513539,1747176534386,20.847,0.34745000000000004,jsonc
67c1dd323984fa84ae83e162,writing-task-config,1747176534554,1747178481037,1946.483,32.441383333333334,jsonc
67c1dd323984fa84ae83e162,writing-task-config_post-task-question,1747178481437,1747178491968,10.531,0.17551666666666668,jsonc
67c1dd323984fa84ae83e162,modifying-task-config-1,1747178492158,1747178574476,82.318,1.3719666666666666,jsonc
67c1dd323984fa84ae83e162,modifying-task-config-1_post-task-question,1747178574817,1747178590452,15.635,0.26058333333333333,jsonc
67c1dd323984fa84ae83e162,modifying-task-config-2,1747178590652,1747179086388,495.736,8.262266666666667,jsonc
67c1dd323984fa84ae83e162,modifying-task-config-2_post-task-question,1747179086703,1747179109050,22.347,0.37245,jsonc
67c1dd323984fa84ae83e162,modifying-task-config-3,1747179109274,1747179251930,142.656,2.3776,jsonc
67c1dd323984fa84ae83e162,modifying-task-config-3_post-task-question,1747179252334,1747179261830,9.496,0.15826666666666667,jsonc
67c1dd323984fa84ae83e162,modifying-task-config-4,1747179262041,1747179618015,355.974,5.9329,jsonc
67c1dd323984fa84ae83e162,modifying-task-config-4_post-task-question,1747179618334,1747179627678,9.344,0.15573333333333333,jsonc
67c1dd323984fa84ae83e162,$nasa-tlx.co.nasa-tlx,1747179628058,1747179688144,60.086,1.0014333333333334,jsonc
67c1dd323984fa84ae83e162,post-task-survey-tlx,1747179688533,1747179811724,123.191,2.0531833333333336,jsonc
67c1dd323984fa84ae83e162,unqualified,0,-1,-0.001,-1.6666666666666667e-05,jsonc
67d2a409ab3638e33fc417b9,introduction,1747346335654,1747346377265,41.611,0.6935166666666667,hjson
67d2a409ab3638e33fc417b9,qualifications,1747346377625,1747346452256,74.631,1.24385,hjson
67d2a409ab3638e33fc417b9,consent,1747346452505,1747346531982,79.477,1.3246166666666668,hjson
67d2a409ab3638e33fc417b9,task,1747346532454,1747346793489,261.035,4.350583333333334,hjson
67d2a409ab3638e33fc417b9,writing-task-NL,1747346793662,1747347696058,902.396,15.039933333333332,hjson
67d2a409ab3638e33fc417b9,writing-task-NL_post-task-question,1747348118854,1747348125173,6.319,0.10531666666666667,hjson
67d2a409ab3638e33fc417b9,tutorial-part1,1747348125302,1747348167364,42.062,0.7010333333333333,hjson
67d2a409ab3638e33fc417b9,tutorial-part2,1747348167492,1747348203276,35.784,0.5963999999999999,hjson
67d2a409ab3638e33fc417b9,reading-task-config-1,1747348203497,1747348287629,84.132,1.4022000000000001,hjson
67d2a409ab3638e33fc417b9,reading-task-config-1_post-task-question,1747348287836,1747348296980,9.144,0.1524,hjson
67d2a409ab3638e33fc417b9,reading-task-config-2,1747348297103,1747348314244,17.141,0.2856833333333333,hjson
67d2a409ab3638e33fc417b9,reading-task-config-2_post-task-question,1747348314563,1747348318748,4.185,0.06974999999999999,hjson
67d2a409ab3638e33fc417b9,reading-task-config-3,1747348318875,1747348428653,109.778,1.8296333333333334,hjson
67d2a409ab3638e33fc417b9,reading-task-config-3_post-task-question,1747348428849,1747348433645,4.796,0.07993333333333334,hjson
67d2a409ab3638e33fc417b9,reading-task-config-4,1747348433752,1747348529885,96.133,1.6022166666666666,hjson
67d2a409ab3638e33fc417b9,reading-task-config-4_post-task-question,1747348530107,1747348534653,4.546,0.07576666666666668,hjson
67d2a409ab3638e33fc417b9,reading-task-config-5,1747348534757,1747348608997,74.24,1.2373333333333332,hjson
67d2a409ab3638e33fc417b9,reading-task-config-5_post-task-question,1747348609180,1747348613717,4.537,0.07561666666666667,hjson
67d2a409ab3638e33fc417b9,writing-task-config,1747348613813,1747349116390,502.577,8.376283333333333,hjson
67d2a409ab3638e33fc417b9,writing-task-config_post-task-question,1747349116693,1747349123861,7.168,0.11946666666666667,hjson
67d2a409ab3638e33fc417b9,modifying-task-config-1,1747349124054,1747349201278,77.224,1.2870666666666668,hjson
67d2a409ab3638e33fc417b9,modifying-task-config-1_post-task-question,1747349201480,1747349207757,6.277,0.10461666666666666,hjson
67d2a409ab3638e33fc417b9,modifying-task-config-2,1747349207868,1747349467241,259.373,4.322883333333333,hjson
67d2a409ab3638e33fc417b9,modifying-task-config-2_post-task-question,1747349467555,1747349472127,4.572,0.0762,hjson
67d2a409ab3638e33fc417b9,modifying-task-config-3,1747349472308,1747349563550,91.242,1.5207000000000002,hjson
67d2a409ab3638e33fc417b9,modifying-task-config-3_post-task-question,1747349563766,1747349567814,4.048,0.06746666666666666,hjson
67d2a409ab3638e33fc417b9,modifying-task-config-4,1747349567955,1747349658798,90.843,1.5140500000000001,hjson
67d2a409ab3638e33fc417b9,modifying-task-config-4_post-task-question,1747349659131,1747349664206,5.075,0.08458333333333333,hjson
67d2a409ab3638e33fc417b9,$nasa-tlx.co.nasa-tlx,1747349664438,1747349692318,27.88,0.4646666666666667,hjson
67d2a409ab3638e33fc417b9,post-task-survey-tlx,1747349692580,1747349806630,114.05,1.9008333333333334,hjson
67d2a409ab3638e33fc417b9,unqualified,0,-1,-0.001,-1.6666666666666667e-05,hjson
66ec8f7ce843d25227820f97,introduction,1747333966356,1747333975126,8.77,0.14616666666666667,hjson
66ec8f7ce843d25227820f97,qualifications,1747333975191,1747333983842,8.651,0.14418333333333333,hjson
66ec8f7ce843d25227820f97,consent,1747333983907,1747334024507,40.6,0.6766666666666666,hjson
66ec8f7ce843d25227820f97,task,1747334024578,1747334072175,47.597,0.7932833333333333,hjson
66ec8f7ce843d25227820f97,writing-task-NL,1747334072222,1747334207116,134.894,2.2482333333333333,hjson
66ec8f7ce843d25227820f97,writing-task-NL_post-task-question,1747334207184,1747334214241,7.057,0.11761666666666667,hjson
66ec8f7ce843d25227820f97,tutorial-part1,1747334214289,1747334721292,507.003,8.45005,hjson
66ec8f7ce843d25227820f97,tutorial-part2,1747334721344,1747335077508,356.164,5.936066666666666,hjson
66ec8f7ce843d25227820f97,reading-task-config-1,1747335077554,1747335253773,176.219,2.936983333333333,hjson
66ec8f7ce843d25227820f97,reading-task-config-1_post-task-question,1747335253843,1747335259457,5.614,0.09356666666666666,hjson
66ec8f7ce843d25227820f97,reading-task-config-2,1747335259505,1747335294741,35.236,0.5872666666666666,hjson
66ec8f7ce843d25227820f97,reading-task-config-2_post-task-question,1747335294810,1747335300989,6.179,0.10298333333333334,hjson
66ec8f7ce843d25227820f97,reading-task-config-3,1747335301039,1747335401707,100.668,1.6778000000000002,hjson
66ec8f7ce843d25227820f97,reading-task-config-3_post-task-question,1747335401770,1747335417624,15.854,0.2642333333333333,hjson
66ec8f7ce843d25227820f97,reading-task-config-4,1747335417670,1747335612241,194.571,3.24285,hjson
66ec8f7ce843d25227820f97,reading-task-config-4_post-task-question,1747335612300,1747335623040,10.74,0.179,hjson
66ec8f7ce843d25227820f97,reading-task-config-5,1747335623089,1747335697791,74.702,1.2450333333333332,hjson
66ec8f7ce843d25227820f97,reading-task-config-5_post-task-question,1747335697858,1747335705040,7.182,0.1197,hjson
66ec8f7ce843d25227820f97,writing-task-config,1747335705088,1747336184708,479.62,7.993666666666667,hjson
66ec8f7ce843d25227820f97,writing-task-config_post-task-question,1747336184764,1747336191973,7.209,0.12014999999999999,hjson
66ec8f7ce843d25227820f97,modifying-task-config-1,1747336192017,1747336416639,224.622,3.7437,hjson
66ec8f7ce843d25227820f97,modifying-task-config-1_post-task-question,1747336416696,1747336420756,4.06,0.06766666666666667,hjson
66ec8f7ce843d25227820f97,modifying-task-config-2,1747336420807,1747336765689,344.882,5.748033333333334,hjson
66ec8f7ce843d25227820f97,modifying-task-config-2_post-task-question,1747336765744,1747336769672,3.928,0.06546666666666666,hjson
66ec8f7ce843d25227820f97,modifying-task-config-3,1747336769723,1747337016290,246.567,4.10945,hjson
66ec8f7ce843d25227820f97,modifying-task-config-3_post-task-question,1747337016346,1747337024373,8.027,0.1337833333333333,hjson
66ec8f7ce843d25227820f97,modifying-task-config-4,1747337024425,1747337089941,65.516,1.0919333333333334,hjson
66ec8f7ce843d25227820f97,modifying-task-config-4_post-task-question,1747337090014,1747337096973,6.959,0.11598333333333333,hjson
66ec8f7ce843d25227820f97,$nasa-tlx.co.nasa-tlx,1747337097049,1747337111325,14.276,0.23793333333333333,hjson
66ec8f7ce843d25227820f97,post-task-survey-tlx,1747337111410,1747337157740,46.33,0.7721666666666667,hjson
66ec8f7ce843d25227820f97,unqualified,0,-1,-0.001,-1.6666666666666667e-05,hjson
6680d2279263349cc005956a,introduction,1746767672873,1746767718896,46.023,0.76705,json
6680d2279263349cc005956a,qualifications,1746767719443,1746767759819,40.376,0.6729333333333333,json
6680d2279263349cc005956a,consent,1746767760207,1746767807906,47.699,0.7949833333333333,json
6680d2279263349cc005956a,task,1746767808281,1746767870772,62.491,1.0415166666666666,json
6680d2279263349cc005956a,writing-task-NL,1746767871007,1746768530633,659.626,10.993766666666666,json
6680d2279263349cc005956a,writing-task-NL_post-task-question,1746768531038,1746768540325,9.287,0.15478333333333336,json
6680d2279263349cc005956a,tutorial-part1,1746768540612,1746768843020,302.408,5.040133333333333,json
6680d2279263349cc005956a,tutorial-part2,1746768843294,1746768881444,38.15,0.6358333333333334,json
6680d2279263349cc005956a,reading-task-config-1,1746768881701,1746769486624,604.923,10.08205,json
6680d2279263349cc005956a,reading-task-config-1_post-task-question,1746769487031,1746769494011,6.98,0.11633333333333334,json
6680d2279263349cc005956a,reading-task-config-2,1746769494239,1746769521491,27.252,0.4542,json
6680d2279263349cc005956a,reading-task-config-2_post-task-question,1746769521896,1746769526658,4.762,0.07936666666666665,json
6680d2279263349cc005956a,reading-task-config-3,1746769526947,1746769585581,58.634,0.9772333333333333,json
6680d2279263349cc005956a,reading-task-config-3_post-task-question,1746769586248,1746769592886,6.638,0.11063333333333333,json
6680d2279263349cc005956a,reading-task-config-4,1746769593119,1746769786900,193.781,3.2296833333333335,json
6680d2279263349cc005956a,reading-task-config-4_post-task-question,1746769787308,1746769794447,7.139,0.11898333333333334,json
6680d2279263349cc005956a,reading-task-config-5,1746769794684,1746769894438,99.754,1.6625666666666667,json
6680d2279263349cc005956a,reading-task-config-5_post-task-question,1746769894864,1746769901656,6.792,0.1132,json
6680d2279263349cc005956a,writing-task-config,1746769901862,1746770807089,905.227,15.087116666666667,json
6680d2279263349cc005956a,writing-task-config_post-task-question,1746770807511,1746770815252,7.741,0.12901666666666667,json
6680d2279263349cc005956a,modifying-task-config-1,1746770815490,1746771164599,349.109,5.818483333333333,json
6680d2279263349cc005956a,modifying-task-config-1_post-task-question,1746771165000,1746771170950,5.95,0.09916666666666667,json
6680d2279263349cc005956a,modifying-task-config-2,1746771171255,1746771669631,498.376,8.306266666666666,json
6680d2279263349cc005956a,modifying-task-config-2_post-task-question,1746771670067,1746771675210,5.143,0.08571666666666666,json
6680d2279263349cc005956a,modifying-task-config-3,1746771675471,1746772031749,356.278,5.937966666666667,json
6680d2279263349cc005956a,modifying-task-config-3_post-task-question,1746772032276,1746772037209,4.933,0.08221666666666666,json
6680d2279263349cc005956a,modifying-task-config-4,1746772037452,1746772432915,395.463,6.59105,json
6680d2279263349cc005956a,modifying-task-config-4_post-task-question,1746772433358,1746772439659,6.301,0.10501666666666667,json
6680d2279263349cc005956a,$nasa-tlx.co.nasa-tlx,1746772440147,1746772580300,140.153,2.3358833333333333,json
6680d2279263349cc005956a,post-task-survey-tlx,1746772580812,1746772748920,168.108,2.8018,json
6680d2279263349cc005956a,unqualified,0,-1,-0.001,-1.6666666666666667e-05,json
6081728972120aa7f9685791,introduction,1746767372362,1746767444530,72.168,1.2028,json
6081728972120aa7f9685791,qualifications,1746767444680,1746767471421,26.741,0.4456833333333333,json
6081728972120aa7f9685791,consent,1746767471514,1746767712605,241.091,4.018183333333334,json
6081728972120aa7f9685791,task,1746767712714,1746767767666,54.952,0.9158666666666666,json
6081728972120aa7f9685791,writing-task-NL,1746767767725,1746768096497,328.772,5.479533333333333,json
6081728972120aa7f9685791,writing-task-NL_post-task-question,1746768096596,1746768111605,15.009,0.25015,json
6081728972120aa7f9685791,tutorial-part1,1746768111657,1746768385012,273.355,4.555916666666667,json
6081728972120aa7f9685791,tutorial-part2,1746768385077,1746768593459,208.382,3.4730333333333334,json
6081728972120aa7f9685791,reading-task-config-1,1746768593565,1746768654797,61.232,1.0205333333333333,json
6081728972120aa7f9685791,reading-task-config-1_post-task-question,1746768654895,1746768659298,4.403,0.07338333333333333,json
6081728972120aa7f9685791,reading-task-config-2,1746768659356,1746768679810,20.454,0.34090000000000004,json
6081728972120aa7f9685791,reading-task-config-2_post-task-question,1746768679908,1746768684251,4.343,0.07238333333333333,json
6081728972120aa7f9685791,reading-task-config-3,1746768684305,1746768749319,65.014,1.0835666666666666,json
6081728972120aa7f9685791,reading-task-config-3_post-task-question,1746768749414,1746768752094,2.68,0.04466666666666667,json
6081728972120aa7f9685791,reading-task-config-4,1746768752141,1746769047105,294.964,4.916066666666667,json
6081728972120aa7f9685791,reading-task-config-4_post-task-question,1746769047207,1746769053245,6.038,0.10063333333333334,json
6081728972120aa7f9685791,reading-task-config-5,1746769053309,1746769115537,62.228,1.0371333333333335,json
6081728972120aa7f9685791,reading-task-config-5_post-task-question,1746769115626,1746769121201,5.575,0.09291666666666668,json
6081728972120aa7f9685791,writing-task-config,1746769121253,1746769717127,595.874,9.931233333333333,json
6081728972120aa7f9685791,writing-task-config_post-task-question,1746769717225,1746769725132,7.907,0.13178333333333334,json
6081728972120aa7f9685791,modifying-task-config-1,1746769725189,1746769846058,120.869,2.014483333333333,json
6081728972120aa7f9685791,modifying-task-config-1_post-task-question,1746769846153,1746769851862,5.709,0.09515,json
6081728972120aa7f9685791,modifying-task-config-2,1746769851919,1746770060552,208.633,3.4772166666666666,json
6081728972120aa7f9685791,modifying-task-config-2_post-task-question,1746770060650,1746770072219,11.569,0.1928166666666667,json
6081728972120aa7f9685791,modifying-task-config-3,1746770072284,1746770377946,305.662,5.094366666666667,json
6081728972120aa7f9685791,modifying-task-config-3_post-task-question,1746770378054,1746770383055,5.001,0.08335000000000001,json
6081728972120aa7f9685791,modifying-task-config-4,1746770383119,1746770606418,223.299,3.72165,json
6081728972120aa7f9685791,modifying-task-config-4_post-task-question,1746770606526,1746770615816,9.29,0.15483333333333332,json
6081728972120aa7f9685791,$nasa-tlx.co.nasa-tlx,1746770615929,1746770691706,75.777,1.26295,json
6081728972120aa7f9685791,post-task-survey-tlx,1746770691848,1746771911344,1219.496,20.324933333333334,json
6081728972120aa7f9685791,unqualified,0,-1,-0.001,-1.6666666666666667e-05,json
67aca6831f2b0b79416bdb6c,introduction,1747174894233,1747174909173,14.94,0.249,xml
67aca6831f2b0b79416bdb6c,qualifications,1747174909513,1747174919769,10.256,0.17093333333333333,xml
67aca6831f2b0b79416bdb6c,consent,1747174920142,1747174941050,20.908,0.3484666666666667,xml
67aca6831f2b0b79416bdb6c,task,1747174941476,1747175036235,94.759,1.5793166666666667,xml
67aca6831f2b0b79416bdb6c,writing-task-NL,1747175036418,1747175760101,723.683,12.061383333333334,xml
67aca6831f2b0b79416bdb6c,writing-task-NL_post-task-question,1747175760408,1747175775395,14.987,0.24978333333333333,xml
67aca6831f2b0b79416bdb6c,tutorial-part1,1747175775580,1747175915960,140.38,2.3396666666666666,xml
67aca6831f2b0b79416bdb6c,tutorial-part2,1747175916155,1747176249535,333.38,5.556333333333333,xml
67aca6831f2b0b79416bdb6c,reading-task-config-1,1747176249696,1747176435037,185.341,3.0890166666666667,xml
67aca6831f2b0b79416bdb6c,reading-task-config-1_post-task-question,1747176435327,1747176440860,5.533,0.09221666666666667,xml
67aca6831f2b0b79416bdb6c,reading-task-config-2,1747176441003,1747176476396,35.393,0.5898833333333333,xml
67aca6831f2b0b79416bdb6c,reading-task-config-2_post-task-question,1747176476639,1747176481669,5.03,0.08383333333333334,xml
67aca6831f2b0b79416bdb6c,reading-task-config-3,1747176481902,1747176487505,5.603,0.09338333333333333,xml
67aca6831f2b0b79416bdb6c,reading-task-config-3_post-task-question,1747176487739,1747176495416,7.677,0.12794999999999998,xml
67aca6831f2b0b79416bdb6c,reading-task-config-4,1747176495610,1747176606086,110.476,1.8412666666666666,xml
67aca6831f2b0b79416bdb6c,reading-task-config-4_post-task-question,1747176606435,1747176610962,4.527,0.07545,xml
67aca6831f2b0b79416bdb6c,reading-task-config-5,1747176611112,1747176619462,8.35,0.13916666666666666,xml
67aca6831f2b0b79416bdb6c,reading-task-config-5_post-task-question,1747176619832,1747176625166,5.334,0.08889999999999999,xml
67aca6831f2b0b79416bdb6c,writing-task-config,1747177743421,1747178009860,266.439,4.440650000000001,xml
67aca6831f2b0b79416bdb6c,writing-task-config_post-task-question,1747178010207,1747178017607,7.4,0.12333333333333334,xml
67aca6831f2b0b79416bdb6c,modifying-task-config-1,1747178017738,1747178031361,13.623,0.22705,xml
67aca6831f2b0b79416bdb6c,modifying-task-config-1_post-task-question,1747178031656,1747178036348,4.692,0.0782,xml
67aca6831f2b0b79416bdb6c,modifying-task-config-2,1747178036566,1747178043946,7.38,0.123,xml
67aca6831f2b0b79416bdb6c,modifying-task-config-2_post-task-question,1747178044211,1747178053042,8.831,0.14718333333333333,xml
67aca6831f2b0b79416bdb6c,modifying-task-config-3,1747178053247,1747178130715,77.468,1.2911333333333335,xml
67aca6831f2b0b79416bdb6c,modifying-task-config-3_post-task-question,1747178131105,1747178137066,5.961,0.09935000000000001,xml
67aca6831f2b0b79416bdb6c,modifying-task-config-4,1747178137209,1747178140661,3.452,0.05753333333333333,xml
67aca6831f2b0b79416bdb6c,modifying-task-config-4_post-task-question,1747178140955,1747178156091,15.136,0.25226666666666664,xml
67aca6831f2b0b79416bdb6c,$nasa-tlx.co.nasa-tlx,1747178156447,1747178199895,43.448,0.7241333333333333,xml
67aca6831f2b0b79416bdb6c,post-task-survey-tlx,1747178200320,1747178367950,167.63,2.793833333333333,xml
67aca6831f2b0b79416bdb6c,unqualified,0,-1,-0.001,-1.6666666666666667e-05,xml
675aaf0eb1b401136f37c475,introduction,1747345052658,1747345108014,55.356,0.9226,json
675aaf0eb1b401136f37c475,qualifications,1747345108356,1747345126773,18.417,0.30695,json
675aaf0eb1b401136f37c475,consent,1747345127096,1747345353996,226.9,3.7816666666666667,json
675aaf0eb1b401136f37c475,task,1747345354607,1747345428433,73.826,1.2304333333333333,json
675aaf0eb1b401136f37c475,writing-task-NL,1747345428646,1747345695879,267.233,4.453883333333334,json
675aaf0eb1b401136f37c475,writing-task-NL_post-task-question,1747345696195,1747345709600,13.405,0.22341666666666665,json
675aaf0eb1b401136f37c475,tutorial-part1,1747345709787,1747346121270,411.483,6.85805,json
675aaf0eb1b401136f37c475,tutorial-part2,1747346121492,1747346382526,261.034,4.3505666666666665,json
675aaf0eb1b401136f37c475,reading-task-config-1,1747346382724,1747346483422,100.698,1.6783,json
675aaf0eb1b401136f37c475,reading-task-config-1_post-task-question,1747346483750,1747346499203,15.453,0.25755,json
675aaf0eb1b401136f37c475,reading-task-config-2,1747346499402,1747346550894,51.492,0.8582,json
675aaf0eb1b401136f37c475,reading-task-config-2_post-task-question,1747346551200,1747346562476,11.276,0.18793333333333334,json
675aaf0eb1b401136f37c475,reading-task-config-3,1747346562679,1747346629172,66.493,1.1082166666666666,json
675aaf0eb1b401136f37c475,reading-task-config-3_post-task-question,1747346629490,1747346642847,13.357,0.22261666666666666,json
675aaf0eb1b401136f37c475,reading-task-config-4,1747346643019,1747346972480,329.461,5.491016666666667,json
675aaf0eb1b401136f37c475,reading-task-config-4_post-task-question,1747346972796,1747346984550,11.754,0.1959,json
675aaf0eb1b401136f37c475,reading-task-config-5,1747346984750,1747347069765,85.015,1.4169166666666666,json
675aaf0eb1b401136f37c475,reading-task-config-5_post-task-question,1747347070086,1747347079123,9.037,0.15061666666666668,json
675aaf0eb1b401136f37c475,writing-task-config,1747347079320,1747348656406,1577.086,26.284766666666666,json
675aaf0eb1b401136f37c475,writing-task-config_post-task-question,1747348656743,1747348664120,7.377,0.12294999999999999,json
675aaf0eb1b401136f37c475,modifying-task-config-1,1747348664306,1747348802253,137.947,2.299116666666667,json
675aaf0eb1b401136f37c475,modifying-task-config-1_post-task-question,1747348802570,1747348811848,9.278,0.15463333333333334,json
675aaf0eb1b401136f37c475,modifying-task-config-2,1747348812048,1747349014786,202.738,3.3789666666666665,json
675aaf0eb1b401136f37c475,modifying-task-config-2_post-task-question,1747349015125,1747349026623,11.498,0.19163333333333332,json
675aaf0eb1b401136f37c475,modifying-task-config-3,1747349026806,1747349118345,91.539,1.52565,json
675aaf0eb1b401136f37c475,modifying-task-config-3_post-task-question,1747349118707,1747349125561,6.854,0.11423333333333334,json
675aaf0eb1b401136f37c475,modifying-task-config-4,1747349125753,1747349283050,157.297,2.6216166666666667,json
675aaf0eb1b401136f37c475,modifying-task-config-4_post-task-question,1747349283411,1747349291248,7.837,0.13061666666666666,json
675aaf0eb1b401136f37c475,$nasa-tlx.co.nasa-tlx,1747349291645,1747349356249,64.604,1.0767333333333333,json
675aaf0eb1b401136f37c475,post-task-survey-tlx,1747349356649,1747349442131,85.482,1.4247,json
675aaf0eb1b401136f37c475,unqualified,0,-1,-0.001,-1.6666666666666667e-05,json
6723422d5f63c70998014b03,introduction,1747345173014,1747345180593,7.579,0.12631666666666666,jsonc
6723422d5f63c70998014b03,qualifications,1747345180886,1747345203252,22.366,0.37276666666666664,jsonc
6723422d5f63c70998014b03,consent,1747345203480,1747345228860,25.38,0.423,jsonc
6723422d5f63c70998014b03,task,1747345229096,1747345393626,164.53,2.742166666666667,jsonc
6723422d5f63c70998014b03,writing-task-NL,1747345393771,1747345778018,384.247,6.404116666666667,jsonc
6723422d5f63c70998014b03,writing-task-NL_post-task-question,1747345778339,1747345797911,19.572,0.3262,jsonc
6723422d5f63c70998014b03,tutorial-part1,1747345798066,1747346041821,243.755,4.062583333333333,jsonc
6723422d5f63c70998014b03,tutorial-part2,1747346042079,1747346212590,170.511,2.84185,jsonc
6723422d5f63c70998014b03,reading-task-config-1,1747346212748,1747346266630,53.882,0.8980333333333334,jsonc
6723422d5f63c70998014b03,reading-task-config-1_post-task-question,1747346266902,1747346276672,9.77,0.16283333333333333,jsonc
6723422d5f63c70998014b03,reading-task-config-2,1747346276821,1747346305826,29.005,0.48341666666666666,jsonc
6723422d5f63c70998014b03,reading-task-config-2_post-task-question,1747346306106,1747346315450,9.344,0.15573333333333333,jsonc
6723422d5f63c70998014b03,reading-task-config-3,1747346315592,1747346363366,47.774,0.7962333333333333,jsonc
6723422d5f63c70998014b03,reading-task-config-3_post-task-question,1747346363594,1747346398547,34.953,0.58255,jsonc
6723422d5f63c70998014b03,reading-task-config-4,1747346398740,1747346502522,103.782,1.7297,jsonc
6723422d5f63c70998014b03,reading-task-config-4_post-task-question,1747346502790,1747346515689,12.899,0.21498333333333333,jsonc
6723422d5f63c70998014b03,reading-task-config-5,1747346515852,1747346638966,123.114,2.0519000000000003,jsonc
6723422d5f63c70998014b03,reading-task-config-5_post-task-question,1747346639230,1747346652566,13.336,0.22226666666666667,jsonc
6723422d5f63c70998014b03,writing-task-config,1747346652687,1747347851308,1198.621,19.977016666666668,jsonc
6723422d5f63c70998014b03,writing-task-config_post-task-question,1747347851534,1747347863394,11.86,0.19766666666666666,jsonc
6723422d5f63c70998014b03,modifying-task-config-1,1747347863572,1747348014636,151.064,2.517733333333333,jsonc
6723422d5f63c70998014b03,modifying-task-config-1_post-task-question,1747348014908,1747348025390,10.482,0.1747,jsonc
6723422d5f63c70998014b03,modifying-task-config-2,1747348025521,1747348257758,232.237,3.8706166666666664,jsonc
6723422d5f63c70998014b03,modifying-task-config-2_post-task-question,1747348258004,1747348271668,13.664,0.22773333333333332,jsonc
6723422d5f63c70998014b03,modifying-task-config-3,1747348271808,1747348368965,97.157,1.6192833333333332,jsonc
6723422d5f63c70998014b03,modifying-task-config-3_post-task-question,1747348369211,1747348382554,13.343,0.22238333333333332,jsonc
6723422d5f63c70998014b03,modifying-task-config-4,1747348382715,1747348460644,77.929,1.2988166666666667,jsonc
6723422d5f63c70998014b03,modifying-task-config-4_post-task-question,1747348460901,1747348470393,9.492,0.1582,jsonc
6723422d5f63c70998014b03,$nasa-tlx.co.nasa-tlx,1747348470688,1747348532867,62.179,1.0363166666666668,jsonc
6723422d5f63c70998014b03,post-task-survey-tlx,1747348533168,1747348657289,124.121,2.0686833333333334,jsonc
6723422d5f63c70998014b03,unqualified,0,-1,-0.001,-1.6666666666666667e-05,jsonc
6554e79557e3d6be08e32ceb,introduction,1746767411246,1746767434749,23.503,0.39171666666666666,yaml
6554e79557e3d6be08e32ceb,qualifications,1746767434975,1746767458325,23.35,0.3891666666666667,yaml
6554e79557e3d6be08e32ceb,consent,1746767458555,1746767498469,39.914,0.6652333333333333,yaml
6554e79557e3d6be08e32ceb,task,1746767498713,1746767556981,58.268,0.9711333333333333,yaml
6554e79557e3d6be08e32ceb,writing-task-NL,1746767557149,1746767866671,309.522,5.1587,yaml
6554e79557e3d6be08e32ceb,writing-task-NL_post-task-question,1746767866888,1746767880332,13.444,0.2240666666666667,yaml
6554e79557e3d6be08e32ceb,tutorial-part1,1746767880428,1746768096943,216.515,3.6085833333333333,yaml
6554e79557e3d6be08e32ceb,tutorial-part2,1746768097113,1746768223270,126.157,2.1026166666666666,yaml
6554e79557e3d6be08e32ceb,reading-task-config-1,1746768223423,1746768288585,65.162,1.0860333333333334,yaml
6554e79557e3d6be08e32ceb,reading-task-config-1_post-task-question,1746768288804,1746768302031,13.227,0.22045,yaml
6554e79557e3d6be08e32ceb,reading-task-config-2,1746768302163,1746768377509,75.346,1.2557666666666667,yaml
6554e79557e3d6be08e32ceb,reading-task-config-2_post-task-question,1746768377712,1746768383874,6.162,0.1027,yaml
6554e79557e3d6be08e32ceb,reading-task-config-3,1746768384000,1746768412385,28.385,0.47308333333333336,yaml
6554e79557e3d6be08e32ceb,reading-task-config-3_post-task-question,1746768412565,1746768417920,5.355,0.08925000000000001,yaml
6554e79557e3d6be08e32ceb,reading-task-config-4,1746768418068,1746768577451,159.383,2.6563833333333333,yaml
6554e79557e3d6be08e32ceb,reading-task-config-4_post-task-question,1746768577702,1746768584385,6.683,0.11138333333333333,yaml
6554e79557e3d6be08e32ceb,reading-task-config-5,1746768584506,1746768628007,43.501,0.7250166666666666,yaml
6554e79557e3d6be08e32ceb,reading-task-config-5_post-task-question,1746768628266,1746768636720,8.454,0.1409,yaml
6554e79557e3d6be08e32ceb,writing-task-config,1746768636844,1746769116917,480.073,8.001216666666666,yaml
6554e79557e3d6be08e32ceb,writing-task-config_post-task-question,1746769117146,1746769125712,8.566,0.14276666666666668,yaml
6554e79557e3d6be08e32ceb,modifying-task-config-1,1746769125873,1746769200555,74.682,1.2447000000000001,yaml
6554e79557e3d6be08e32ceb,modifying-task-config-1_post-task-question,1746769200828,1746769205602,4.774,0.07956666666666666,yaml
6554e79557e3d6be08e32ceb,modifying-task-config-2,1746769205712,1746769540036,334.324,5.572066666666667,yaml
6554e79557e3d6be08e32ceb,modifying-task-config-2_post-task-question,1746769540263,1746769545447,5.184,0.0864,yaml
6554e79557e3d6be08e32ceb,modifying-task-config-3,1746769545566,1746769665133,119.567,1.9927833333333331,yaml
6554e79557e3d6be08e32ceb,modifying-task-config-3_post-task-question,1746769665407,1746769674924,9.517,0.15861666666666666,yaml
6554e79557e3d6be08e32ceb,modifying-task-config-4,1746769675055,1746769777706,102.651,1.71085,yaml
6554e79557e3d6be08e32ceb,modifying-task-config-4_post-task-question,1746769777924,1746769784160,6.236,0.10393333333333334,yaml
6554e79557e3d6be08e32ceb,$nasa-tlx.co.nasa-tlx,1746769784383,1746769843264,58.881,0.9813500000000001,yaml
6554e79557e3d6be08e32ceb,post-task-survey-tlx,1746769843579,1746769928887,85.308,1.4218000000000002,yaml
6554e79557e3d6be08e32ceb,unqualified,0,-1,-0.001,-1.6666666666666667e-05,yaml
645b519f108c046164a6d232,introduction,1746767320875,1746767358556,37.681,0.6280166666666667,yaml
645b519f108c046164a6d232,qualifications,1746767358663,1746767375538,16.875,0.28125,yaml
645b519f108c046164a6d232,consent,1746767375640,1746767412937,37.297,0.6216166666666666,yaml
645b519f108c046164a6d232,task,1746767413054,1746767442035,28.981,0.4830166666666667,yaml
645b519f108c046164a6d232,writing-task-NL,1746767442091,1746767586982,144.891,2.41485,yaml
645b519f108c046164a6d232,writing-task-NL_post-task-question,1746767587104,1746767596587,9.483,0.15805,yaml
645b519f108c046164a6d232,tutorial-part1,1746767596639,1746767747339,150.7,2.5116666666666663,yaml
645b519f108c046164a6d232,tutorial-part2,1746767747412,1746767852186,104.774,1.7462333333333333,yaml
645b519f108c046164a6d232,reading-task-config-1,1746767852259,1746767889970,37.711,0.6285166666666666,yaml
645b519f108c046164a6d232,reading-task-config-1_post-task-question,1746767890076,1746767899483,9.407,0.15678333333333333,yaml
645b519f108c046164a6d232,reading-task-config-2,1746767899541,1746767929587,30.046,0.5007666666666667,yaml
645b519f108c046164a6d232,reading-task-config-2_post-task-question,1746767929682,1746767937074,7.392,0.1232,yaml
645b519f108c046164a6d232,reading-task-config-3,1746767937131,1746767952594,15.463,0.25771666666666665,yaml
645b519f108c046164a6d232,reading-task-config-3_post-task-question,1746767952691,1746767957842,5.151,0.08585,yaml
645b519f108c046164a6d232,reading-task-config-4,1746767957898,1746768034434,76.536,1.2756,yaml
645b519f108c046164a6d232,reading-task-config-4_post-task-question,1746768034537,1746768039954,5.417,0.09028333333333333,yaml
645b519f108c046164a6d232,reading-task-config-5,1746768040009,1746768070067,30.058,0.5009666666666667,yaml
645b519f108c046164a6d232,reading-task-config-5_post-task-question,1746768070161,1746768076282,6.121,0.10201666666666667,yaml
645b519f108c046164a6d232,writing-task-config,1746768076335,1746768428943,352.608,5.8768,yaml
645b519f108c046164a6d232,writing-task-config_post-task-question,1746768429069,1746768441906,12.837,0.21395,yaml
645b519f108c046164a6d232,modifying-task-config-1,1746768441964,1746768493354,51.39,0.8565,yaml
645b519f108c046164a6d232,modifying-task-config-1_post-task-question,1746768493470,1746768500627,7.157,0.11928333333333334,yaml
645b519f108c046164a6d232,modifying-task-config-2,1746768500687,1746768632076,131.389,2.1898166666666667,yaml
645b519f108c046164a6d232,modifying-task-config-2_post-task-question,1746768632184,1746768638938,6.754,0.11256666666666666,yaml
645b519f108c046164a6d232,modifying-task-config-3,1746768638996,1746768729106,90.11,1.5018333333333334,yaml
645b519f108c046164a6d232,modifying-task-config-3_post-task-question,1746768729219,1746768738794,9.575,0.15958333333333333,yaml
645b519f108c046164a6d232,modifying-task-config-4,1746768738855,1746768814570,75.715,1.2619166666666668,yaml
645b519f108c046164a6d232,modifying-task-config-4_post-task-question,1746768814683,1746768820994,6.311,0.10518333333333334,yaml
645b519f108c046164a6d232,$nasa-tlx.co.nasa-tlx,1746768821102,1746768899202,78.1,1.3016666666666665,yaml
645b519f108c046164a6d232,post-task-survey-tlx,1746768899388,1746769022605,123.217,2.0536166666666666,yaml
645b519f108c046164a6d232,unqualified,0,-1,-0.001,-1.6666666666666667e-05,yaml
589cd166b2a7180001f0527d,introduction,1747172617256,1747172656517,39.261,0.6543500000000001,jsonc
589cd166b2a7180001f0527d,qualifications,1747172656703,1747172672019,15.316,0.2552666666666667,jsonc
589cd166b2a7180001f0527d,consent,1747172672194,1747172732060,59.866,0.9977666666666667,jsonc
589cd166b2a7180001f0527d,task,1747172732254,1747172833282,101.028,1.6838000000000002,jsonc
589cd166b2a7180001f0527d,writing-task-NL,1747172833437,1747173078130,244.693,4.078216666666667,jsonc
589cd166b2a7180001f0527d,writing-task-NL_post-task-question,1747173078388,1747173090018,11.63,0.19383333333333336,jsonc
589cd166b2a7180001f0527d,tutorial-part1,1747173090136,1747173728364,638.228,10.637133333333333,jsonc
589cd166b2a7180001f0527d,tutorial-part2,1747173728554,1747173973123,244.569,4.07615,jsonc
589cd166b2a7180001f0527d,reading-task-config-1,1747173973303,1747174026800,53.497,0.8916166666666666,jsonc
589cd166b2a7180001f0527d,reading-task-config-1_post-task-question,1747174026992,1747174039499,12.507,0.20845,jsonc
589cd166b2a7180001f0527d,reading-task-config-2,1747174039594,1747174153675,114.081,1.90135,jsonc
589cd166b2a7180001f0527d,reading-task-config-2_post-task-question,1747174153912,1747174164057,10.145,0.16908333333333334,jsonc
589cd166b2a7180001f0527d,reading-task-config-3,1747174164168,1747174232922,68.754,1.1459000000000001,jsonc
589cd166b2a7180001f0527d,reading-task-config-3_post-task-question,1747174233134,1747174241342,8.208,0.1368,jsonc
589cd166b2a7180001f0527d,reading-task-config-4,1747174241423,1747174369767,128.344,2.1390666666666664,jsonc
589cd166b2a7180001f0527d,reading-task-config-4_post-task-question,1747174369975,1747174376623,6.648,0.1108,jsonc
589cd166b2a7180001f0527d,reading-task-config-5,1747174376732,1747174417487,40.755,0.67925,jsonc
589cd166b2a7180001f0527d,reading-task-config-5_post-task-question,1747174417690,1747174423122,5.432,0.09053333333333334,jsonc
589cd166b2a7180001f0527d,writing-task-config,1747174423225,1747175457076,1033.851,17.23085,jsonc
589cd166b2a7180001f0527d,writing-task-config_post-task-question,1747175457321,1747175464038,6.717,0.11195,jsonc
589cd166b2a7180001f0527d,modifying-task-config-1,1747175464125,1747175643527,179.402,2.9900333333333333,jsonc
589cd166b2a7180001f0527d,modifying-task-config-1_post-task-question,1747175643758,1747175649673,5.915,0.09858333333333333,jsonc
589cd166b2a7180001f0527d,modifying-task-config-2,1747175649793,1747176298093,648.3,10.805,jsonc
589cd166b2a7180001f0527d,modifying-task-config-2_post-task-question,1747176298306,1747176305715,7.409,0.12348333333333333,jsonc
589cd166b2a7180001f0527d,modifying-task-config-3,1747176305831,1747176446491,140.66,2.344333333333333,jsonc
589cd166b2a7180001f0527d,modifying-task-config-3_post-task-question,1747176446714,1747176454506,7.792,0.12986666666666666,jsonc
589cd166b2a7180001f0527d,modifying-task-config-4,1747176454623,1747176638116,183.493,3.0582166666666666,jsonc
589cd166b2a7180001f0527d,modifying-task-config-4_post-task-question,1747176638345,1747176646652,8.307,0.13845000000000002,jsonc
589cd166b2a7180001f0527d,$nasa-tlx.co.nasa-tlx,1747176646874,1747176713939,67.065,1.11775,jsonc
589cd166b2a7180001f0527d,post-task-survey-tlx,1747176714285,1747176883006,168.721,2.8120166666666666,jsonc
589cd166b2a7180001f0527d,unqualified,0,-1,-0.001,-1.6666666666666667e-05,jsonc
6682a94b061954ae8483fb08,introduction,1746767817728,1746767931567,113.839,1.8973166666666665,toml
6682a94b061954ae8483fb08,qualifications,1746767931773,1746767946213,14.44,0.24066666666666667,toml
6682a94b061954ae8483fb08,consent,1746767946346,1746768082478,136.132,2.268866666666667,toml
6682a94b061954ae8483fb08,task,1746768082629,1746768139898,57.269,0.9544833333333334,toml
6682a94b061954ae8483fb08,writing-task-NL,1746768139996,1746768302721,162.725,2.712083333333333,toml
6682a94b061954ae8483fb08,writing-task-NL_post-task-question,1746768302853,1746768320280,17.427,0.29045,toml
6682a94b061954ae8483fb08,tutorial-part1,1746768320346,1746768646121,325.775,5.4295833333333325,toml
6682a94b061954ae8483fb08,tutorial-part2,1746768646265,1746768919171,272.906,4.5484333333333336,toml
6682a94b061954ae8483fb08,reading-task-config-1,1746768919288,1746768962004,42.716,0.7119333333333333,toml
6682a94b061954ae8483fb08,reading-task-config-1_post-task-question,1746768962186,1746768970036,7.85,0.13083333333333333,toml
6682a94b061954ae8483fb08,reading-task-config-2,1746768970161,1746768995362,25.201,0.42001666666666665,toml
6682a94b061954ae8483fb08,reading-task-config-2_post-task-question,1746768995539,1746768999934,4.395,0.07325,toml
6682a94b061954ae8483fb08,reading-task-config-3,1746769000004,1746769022196,22.192,0.3698666666666667,toml
6682a94b061954ae8483fb08,reading-task-config-3_post-task-question,1746769022334,1746769025914,3.58,0.059666666666666666,toml
6682a94b061954ae8483fb08,reading-task-config-4,1746769026005,1746769124702,98.697,1.6449500000000001,toml
6682a94b061954ae8483fb08,reading-task-config-4_post-task-question,1746769124986,1746769132985,7.999,0.13331666666666667,toml
6682a94b061954ae8483fb08,reading-task-config-5,1746769133121,1746769175781,42.66,0.711,toml
6682a94b061954ae8483fb08,reading-task-config-5_post-task-question,1746769175896,1746769182165,6.269,0.10448333333333333,toml
6682a94b061954ae8483fb08,writing-task-config,1746769182255,1746770406032,1223.777,20.396283333333333,toml
6682a94b061954ae8483fb08,writing-task-config_post-task-question,1746770406145,1746770420853,14.708,0.24513333333333334,toml
6682a94b061954ae8483fb08,modifying-task-config-1,1746770420926,1746770479591,58.665,0.97775,toml
6682a94b061954ae8483fb08,modifying-task-config-1_post-task-question,1746770479731,1746770488023,8.292,0.1382,toml
6682a94b061954ae8483fb08,modifying-task-config-2,1746770488132,1746770590647,102.515,1.7085833333333333,toml
6682a94b061954ae8483fb08,modifying-task-config-2_post-task-question,1746770590824,1746770596605,5.781,0.09634999999999999,toml
6682a94b061954ae8483fb08,modifying-task-config-3,1746770596691,1746770669213,72.522,1.2087,toml
6682a94b061954ae8483fb08,modifying-task-config-3_post-task-question,1746770669353,1746770680262,10.909,0.18181666666666668,toml
6682a94b061954ae8483fb08,modifying-task-config-4,1746770680356,1746770857237,176.881,2.9480166666666667,toml
6682a94b061954ae8483fb08,modifying-task-config-4_post-task-question,1746770857393,1746770863100,5.707,0.09511666666666667,toml
6682a94b061954ae8483fb08,$nasa-tlx.co.nasa-tlx,1746770863247,1746770937893,74.646,1.2441,toml
6682a94b061954ae8483fb08,post-task-survey-tlx,1746770938166,1746771012069,73.903,1.2317166666666668,toml
6682a94b061954ae8483fb08,unqualified,0,-1,-0.001,-1.6666666666666667e-05,toml
6735b2a6112cf17b7b8df8d1,introduction,1747172470008,1747172478316,8.308,0.13846666666666665,jsonc
6735b2a6112cf17b7b8df8d1,qualifications,1747172478674,1747172480964,2.29,0.03816666666666667,jsonc
6735b2a6112cf17b7b8df8d1,consent,1747172481281,1747172496253,14.972,0.24953333333333333,jsonc
6735b2a6112cf17b7b8df8d1,task,1747172496683,1747173182229,685.546,11.425766666666668,jsonc
6735b2a6112cf17b7b8df8d1,writing-task-NL,1747173182432,1747173291946,109.514,1.8252333333333333,jsonc
6735b2a6112cf17b7b8df8d1,writing-task-NL_post-task-question,1747173292315,1747173295937,3.622,0.060366666666666666,jsonc
6735b2a6112cf17b7b8df8d1,tutorial-part1,1747173296098,1747173415981,119.883,1.9980499999999999,jsonc
6735b2a6112cf17b7b8df8d1,tutorial-part2,1747173478308,1747173554487,76.179,1.26965,jsonc
6735b2a6112cf17b7b8df8d1,reading-task-config-1,1747173554708,1747173639521,84.813,1.41355,jsonc
6735b2a6112cf17b7b8df8d1,reading-task-config-1_post-task-question,1747173639871,1747173647337,7.466,0.12443333333333334,jsonc
6735b2a6112cf17b7b8df8d1,reading-task-config-2,1747173647551,1747173821322,173.771,2.896183333333333,jsonc
6735b2a6112cf17b7b8df8d1,reading-task-config-2_post-task-question,1747173821677,1747173828827,7.15,0.11916666666666667,jsonc
6735b2a6112cf17b7b8df8d1,reading-task-config-3,1747173829025,1747174294882,465.857,7.764283333333334,jsonc
6735b2a6112cf17b7b8df8d1,reading-task-config-3_post-task-question,1747174295226,1747174302701,7.475,0.12458333333333332,jsonc
6735b2a6112cf17b7b8df8d1,reading-task-config-4,1747174302887,1747174729216,426.329,7.105483333333334,jsonc
6735b2a6112cf17b7b8df8d1,reading-task-config-4_post-task-question,1747174729539,1747174733912,4.373,0.07288333333333334,jsonc
6735b2a6112cf17b7b8df8d1,reading-task-config-5,1747174734080,1747174776339,42.259,0.7043166666666667,jsonc
6735b2a6112cf17b7b8df8d1,reading-task-config-5_post-task-question,1747174776623,1747174782730,6.107,0.10178333333333334,jsonc
6735b2a6112cf17b7b8df8d1,writing-task-config,1747174782899,1747175297835,514.936,8.582266666666667,jsonc
6735b2a6112cf17b7b8df8d1,writing-task-config_post-task-question,1747175298183,1747175302759,4.576,0.07626666666666666,jsonc
6735b2a6112cf17b7b8df8d1,modifying-task-config-1,1747175302923,1747175416040,113.117,1.8852833333333334,jsonc
6735b2a6112cf17b7b8df8d1,modifying-task-config-1_post-task-question,1747175416356,1747175422171,5.815,0.09691666666666668,jsonc
6735b2a6112cf17b7b8df8d1,modifying-task-config-2,1747175422349,1747175898547,476.198,7.936633333333333,jsonc
6735b2a6112cf17b7b8df8d1,modifying-task-config-2_post-task-question,1747175898905,1747175911370,12.465,0.20775,jsonc
6735b2a6112cf17b7b8df8d1,modifying-task-config-3,1747175911565,1747176098908,187.343,3.122383333333333,jsonc
6735b2a6112cf17b7b8df8d1,modifying-task-config-3_post-task-question,1747176099273,1747176118222,18.949,0.3158166666666667,jsonc
6735b2a6112cf17b7b8df8d1,modifying-task-config-4,1747176118410,1747176200260,81.85,1.3641666666666665,jsonc
6735b2a6112cf17b7b8df8d1,modifying-task-config-4_post-task-question,1747176200610,1747176203822,3.212,0.053533333333333336,jsonc
6735b2a6112cf17b7b8df8d1,$nasa-tlx.co.nasa-tlx,1747176204151,1747176217822,13.671,0.22785,jsonc
6735b2a6112cf17b7b8df8d1,post-task-survey-tlx,1747176218257,1747176301698,83.441,1.3906833333333333,jsonc
6735b2a6112cf17b7b8df8d1,unqualified,0,-1,-0.001,-1.6666666666666667e-05,jsonc
67792abbab2fa21bf3644c09,introduction,1746767278032,1746767313955,35.923,0.5987166666666667,hjson
67792abbab2fa21bf3644c09,qualifications,1746767314287,1746767413498,99.211,1.6535166666666667,hjson
67792abbab2fa21bf3644c09,consent,1746767413868,1746767477649,63.781,1.0630166666666667,hjson
67792abbab2fa21bf3644c09,task,1746767478006,1746767759019,281.013,4.683549999999999,hjson
67792abbab2fa21bf3644c09,writing-task-NL,1746767759231,1746768137638,378.407,6.306783333333333,hjson
67792abbab2fa21bf3644c09,writing-task-NL_post-task-question,1746768138021,1746768155411,17.39,0.28983333333333333,hjson
67792abbab2fa21bf3644c09,tutorial-part1,1746768155620,1746769067504,911.884,15.198066666666668,hjson
67792abbab2fa21bf3644c09,tutorial-part2,1746769067870,1746770024756,956.886,15.9481,hjson
67792abbab2fa21bf3644c09,reading-task-config-1,1746770025024,1746770703754,678.73,11.312166666666666,hjson
67792abbab2fa21bf3644c09,reading-task-config-1_post-task-question,1746770704093,1746770717659,13.566,0.22610000000000002,hjson
67792abbab2fa21bf3644c09,reading-task-config-2,1746770717877,1746770993096,275.219,4.586983333333333,hjson
67792abbab2fa21bf3644c09,reading-task-config-2_post-task-question,1746770993431,1746771010320,16.889,0.2814833333333333,hjson
67792abbab2fa21bf3644c09,reading-task-config-3,1746771010547,1746771615439,604.892,10.081533333333335,hjson
67792abbab2fa21bf3644c09,reading-task-config-3_post-task-question,1746771615800,1746771622951,7.151,0.11918333333333334,hjson
67792abbab2fa21bf3644c09,reading-task-config-4,1746771623138,1746771861008,237.87,3.9645,hjson
67792abbab2fa21bf3644c09,reading-task-config-4_post-task-question,1746771861400,1746771872745,11.345,0.18908333333333335,hjson
67792abbab2fa21bf3644c09,reading-task-config-5,1746771872996,1746771917148,44.152,0.7358666666666667,hjson
67792abbab2fa21bf3644c09,reading-task-config-5_post-task-question,1746771917524,1746771926532,9.008,0.1501333333333333,hjson
67792abbab2fa21bf3644c09,writing-task-config,1746771926902,1746772734197,807.295,13.454916666666666,hjson
67792abbab2fa21bf3644c09,writing-task-config_post-task-question,1746772734557,1746772741129,6.572,0.10953333333333333,hjson
67792abbab2fa21bf3644c09,modifying-task-config-1,1746772741352,1746772900515,159.163,2.652716666666667,hjson
67792abbab2fa21bf3644c09,modifying-task-config-1_post-task-question,1746772900854,1746772908523,7.669,0.12781666666666666,hjson
67792abbab2fa21bf3644c09,modifying-task-config-2,1746772908719,1746773115987,207.268,3.454466666666667,hjson
67792abbab2fa21bf3644c09,modifying-task-config-2_post-task-question,1746773116339,1746773122718,6.379,0.10631666666666666,hjson
67792abbab2fa21bf3644c09,modifying-task-config-3,1746773122915,1746773271940,149.025,2.48375,hjson
67792abbab2fa21bf3644c09,modifying-task-config-3_post-task-question,1746773272288,1746773278129,5.841,0.09735,hjson
67792abbab2fa21bf3644c09,modifying-task-config-4,1746773278347,1746773384258,105.911,1.7651833333333333,hjson
67792abbab2fa21bf3644c09,modifying-task-config-4_post-task-question,1746773384608,1746773395633,11.025,0.18375,hjson
67792abbab2fa21bf3644c09,$nasa-tlx.co.nasa-tlx,1746773396018,1746773445337,49.319,0.8219833333333334,hjson
67792abbab2fa21bf3644c09,post-task-survey-tlx,1746773445741,1746773524779,79.038,1.3173,hjson
67792abbab2fa21bf3644c09,unqualified,0,-1,-0.001,-1.6666666666666667e-05,hjson
5ea90bb434d5e337e98c7edd,introduction,1746767275339,1746767605080,329.741,5.495683333333333,json5
5ea90bb434d5e337e98c7edd,qualifications,1746767605224,1746767623109,17.885,0.29808333333333337,json5
5ea90bb434d5e337e98c7edd,consent,1746767623246,1746767637839,14.593,0.24321666666666666,json5
5ea90bb434d5e337e98c7edd,task,1746767637976,1746767748859,110.883,1.84805,json5
5ea90bb434d5e337e98c7edd,writing-task-NL,1746767748928,1746767956798,207.87,3.4645,json5
5ea90bb434d5e337e98c7edd,writing-task-NL_post-task-question,1746767956945,1746767964359,7.414,0.12356666666666666,json5
5ea90bb434d5e337e98c7edd,tutorial-part1,1746767964428,1746768395223,430.795,7.179916666666667,json5
5ea90bb434d5e337e98c7edd,tutorial-part2,1746768395312,1746768608383,213.071,3.5511833333333334,json5
5ea90bb434d5e337e98c7edd,reading-task-config-1,1746768608479,1746768673937,65.458,1.0909666666666666,json5
5ea90bb434d5e337e98c7edd,reading-task-config-1_post-task-question,1746768674088,1746768678582,4.494,0.0749,json5
5ea90bb434d5e337e98c7edd,reading-task-config-2,1746768678657,1746768699797,21.14,0.35233333333333333,json5
5ea90bb434d5e337e98c7edd,reading-task-config-2_post-task-question,1746768699921,1746768702742,2.821,0.04701666666666667,json5
5ea90bb434d5e337e98c7edd,reading-task-config-3,1746768702814,1746768719712,16.898,0.28163333333333335,json5
5ea90bb434d5e337e98c7edd,reading-task-config-3_post-task-question,1746768719858,1746768723842,3.984,0.0664,json5
5ea90bb434d5e337e98c7edd,reading-task-config-4,1746768723918,1746768887162,163.244,2.7207333333333334,json5
5ea90bb434d5e337e98c7edd,reading-task-config-4_post-task-question,1746768887298,1746768894462,7.164,0.11939999999999999,json5
5ea90bb434d5e337e98c7edd,reading-task-config-5,1746768894538,1746768930282,35.744,0.5957333333333333,json5
5ea90bb434d5e337e98c7edd,reading-task-config-5_post-task-question,1746768930421,1746768933327,2.906,0.048433333333333335,json5
5ea90bb434d5e337e98c7edd,writing-task-config,1746768933393,1746770674660,1741.267,29.021116666666668,json5
5ea90bb434d5e337e98c7edd,writing-task-config_post-task-question,1746770674832,1746770681253,6.421,0.10701666666666668,json5
5ea90bb434d5e337e98c7edd,modifying-task-config-1,1746770681330,1746770837203,155.873,2.5978833333333333,json5
5ea90bb434d5e337e98c7edd,modifying-task-config-1_post-task-question,1746770837381,1746770845668,8.287,0.1381166666666667,json5
5ea90bb434d5e337e98c7edd,modifying-task-config-2,1746770845750,1746771658145,812.395,13.539916666666667,json5
5ea90bb434d5e337e98c7edd,modifying-task-config-2_post-task-question,1746771658325,1746771668946,10.621,0.17701666666666668,json5
5ea90bb434d5e337e98c7edd,modifying-task-config-3,1746771669036,1746771876767,207.731,3.4621833333333334,json5
5ea90bb434d5e337e98c7edd,modifying-task-config-3_post-task-question,1746771876941,1746771881111,4.17,0.06949999999999999,json5
5ea90bb434d5e337e98c7edd,modifying-task-config-4,1746771881198,1746772273741,392.543,6.542383333333333,json5
5ea90bb434d5e337e98c7edd,modifying-task-config-4_post-task-question,1746772273920,1746772278515,4.595,0.07658333333333332,json5
5ea90bb434d5e337e98c7edd,$nasa-tlx.co.nasa-tlx,1746772278669,1746772322971,44.302,0.7383666666666666,json5
5ea90bb434d5e337e98c7edd,post-task-survey-tlx,1746772323165,1746772396015,72.85,1.2141666666666666,json5
5ea90bb434d5e337e98c7edd,unqualified,0,-1,-0.001,-1.6666666666666667e-05,json5
677f8968bbb08bc37c8d2a4b,introduction,1746768134855,1746768179215,44.36,0.7393333333333333,xml
677f8968bbb08bc37c8d2a4b,qualifications,1746768180184,1746768193038,12.854,0.21423333333333333,xml
677f8968bbb08bc37c8d2a4b,consent,1746768194122,1746768489940,295.818,4.9303,xml
677f8968bbb08bc37c8d2a4b,task,1746768490988,1746768660447,169.459,2.824316666666667,xml
677f8968bbb08bc37c8d2a4b,writing-task-NL,1746768661135,1746770138316,1477.181,24.619683333333334,xml
677f8968bbb08bc37c8d2a4b,writing-task-NL_post-task-question,1746770139405,1746770153120,13.715,0.22858333333333333,xml
677f8968bbb08bc37c8d2a4b,tutorial-part1,1746770153755,1746770395422,241.667,4.027783333333334,xml
677f8968bbb08bc37c8d2a4b,tutorial-part2,1746770396100,1746770749767,353.667,5.89445,xml
677f8968bbb08bc37c8d2a4b,reading-task-config-1,1746770750945,1746770881241,130.296,2.1715999999999998,xml
677f8968bbb08bc37c8d2a4b,reading-task-config-1_post-task-question,1746770882177,1746770891400,9.223,0.15371666666666667,xml
677f8968bbb08bc37c8d2a4b,reading-task-config-2,1746770892037,1746770944377,52.34,0.8723333333333334,xml
677f8968bbb08bc37c8d2a4b,reading-task-config-2_post-task-question,1746770945295,1746770955742,10.447,0.17411666666666664,xml
677f8968bbb08bc37c8d2a4b,reading-task-config-3,1746770956472,1746771083541,127.069,2.1178166666666667,xml
677f8968bbb08bc37c8d2a4b,reading-task-config-3_post-task-question,1746771084539,1746771092124,7.585,0.12641666666666668,xml
677f8968bbb08bc37c8d2a4b,reading-task-config-4,1746771092748,1746771333485,240.737,4.012283333333333,xml
677f8968bbb08bc37c8d2a4b,reading-task-config-4_post-task-question,1746771334469,1746771342660,8.191,0.13651666666666668,xml
677f8968bbb08bc37c8d2a4b,reading-task-config-5,1746771343227,1746771428815,85.588,1.4264666666666665,xml
677f8968bbb08bc37c8d2a4b,reading-task-config-5_post-task-question,1746771429918,1746771438720,8.802,0.1467,xml
677f8968bbb08bc37c8d2a4b,writing-task-config,1746771538517,1746772796957,1258.44,20.974,xml
677f8968bbb08bc37c8d2a4b,writing-task-config_post-task-question,1746772797957,1746772807520,9.563,0.15938333333333335,xml
677f8968bbb08bc37c8d2a4b,modifying-task-config-1,1746772808118,1746772854450,46.332,0.7722,xml
677f8968bbb08bc37c8d2a4b,modifying-task-config-1_post-task-question,1746772855650,1746772861606,5.956,0.09926666666666667,xml
677f8968bbb08bc37c8d2a4b,modifying-task-config-2,1746772862291,1746772930382,68.091,1.13485,xml
677f8968bbb08bc37c8d2a4b,modifying-task-config-2_post-task-question,1746772931656,1746772937966,6.31,0.10516666666666666,xml
677f8968bbb08bc37c8d2a4b,modifying-task-config-3,1746772938621,1746773019978,81.357,1.35595,xml
677f8968bbb08bc37c8d2a4b,modifying-task-config-3_post-task-question,1746773021171,1746773027647,6.476,0.10793333333333334,xml
677f8968bbb08bc37c8d2a4b,modifying-task-config-4,1746773028248,1746773106694,78.446,1.3074333333333332,xml
677f8968bbb08bc37c8d2a4b,modifying-task-config-4_post-task-question,1746773107874,1746773115228,7.354,0.12256666666666667,xml
677f8968bbb08bc37c8d2a4b,$nasa-tlx.co.nasa-tlx,1746773116204,1746773142930,26.726,0.4454333333333333,xml
677f8968bbb08bc37c8d2a4b,post-task-survey-tlx,1746773145621,1746773227114,81.493,1.3582166666666666,xml
677f8968bbb08bc37c8d2a4b,unqualified,0,-1,-0.001,-1.6666666666666667e-05,xml
672f51ea346fba23ddd5a793,introduction,1746767483155,1746767511818,28.663,0.4777166666666667,xml
672f51ea346fba23ddd5a793,qualifications,1746767512102,1746767541793,29.691,0.49484999999999996,xml
672f51ea346fba23ddd5a793,consent,1746767542102,1746767769222,227.12,3.7853333333333334,xml
672f51ea346fba23ddd5a793,task,1746767769533,1746767894213,124.68,2.0780000000000003,xml
672f51ea346fba23ddd5a793,writing-task-NL,1746767894401,1746768148527,254.126,4.235433333333334,xml
672f51ea346fba23ddd5a793,writing-task-NL_post-task-question,1746768148812,1746768165364,16.552,0.27586666666666665,xml
672f51ea346fba23ddd5a793,tutorial-part1,1746768165609,1746768557306,391.697,6.528283333333333,xml
672f51ea346fba23ddd5a793,tutorial-part2,1746768557589,1746768774607,217.018,3.616966666666667,xml
672f51ea346fba23ddd5a793,reading-task-config-1,1746768774858,1746768892952,118.094,1.9682333333333333,xml
672f51ea346fba23ddd5a793,reading-task-config-1_post-task-question,1746768893292,1746768906610,13.318,0.22196666666666667,xml
672f51ea346fba23ddd5a793,reading-task-config-2,1746768906822,1746768959736,52.914,0.8819,xml
672f51ea346fba23ddd5a793,reading-task-config-2_post-task-question,1746768960065,1746768966160,6.095,0.10158333333333333,xml
672f51ea346fba23ddd5a793,reading-task-config-3,1746768966378,1746769017084,50.706,0.8451000000000001,xml
672f51ea346fba23ddd5a793,reading-task-config-3_post-task-question,1746769017387,1746769032236,14.849,0.24748333333333333,xml
672f51ea346fba23ddd5a793,reading-task-config-4,1746769032444,1746769314332,281.888,4.698133333333333,xml
672f51ea346fba23ddd5a793,reading-task-config-4_post-task-question,1746769314672,1746769320723,6.051,0.10085000000000001,xml
672f51ea346fba23ddd5a793,reading-task-config-5,1746769320958,1746769502625,181.667,3.0277833333333333,xml
672f51ea346fba23ddd5a793,reading-task-config-5_post-task-question,1746769502955,1746769509008,6.053,0.10088333333333334,xml
672f51ea346fba23ddd5a793,writing-task-config,1746769509200,1746770220636,711.436,11.857266666666668,xml
672f51ea346fba23ddd5a793,writing-task-config_post-task-question,1746770221013,1746770229370,8.357,0.13928333333333331,xml
672f51ea346fba23ddd5a793,modifying-task-config-1,1746770229575,1746770603422,373.847,6.230783333333333,xml
672f51ea346fba23ddd5a793,modifying-task-config-1_post-task-question,1746770603753,1746770614453,10.7,0.17833333333333332,xml
672f51ea346fba23ddd5a793,modifying-task-config-2,1746770614693,1746770826345,211.652,3.527533333333333,xml
672f51ea346fba23ddd5a793,modifying-task-config-2_post-task-question,1746770826696,1746770832949,6.253,0.10421666666666667,xml
672f51ea346fba23ddd5a793,modifying-task-config-3,1746770833191,1746770838242,5.051,0.08418333333333333,xml
672f51ea346fba23ddd5a793,modifying-task-config-3_post-task-question,1746770838559,1746770842147,3.588,0.0598,xml
672f51ea346fba23ddd5a793,modifying-task-config-4,1746770842394,1746770848622,6.228,0.10379999999999999,xml
672f51ea346fba23ddd5a793,modifying-task-config-4_post-task-question,1746770848928,1746770856257,7.329,0.12215,xml
672f51ea346fba23ddd5a793,$nasa-tlx.co.nasa-tlx,1746770856623,1746770869565,12.942,0.2157,xml
672f51ea346fba23ddd5a793,post-task-survey-tlx,1746770869996,1746770925930,55.934,0.9322333333333332,xml
672f51ea346fba23ddd5a793,unqualified,0,-1,-0.001,-1.6666666666666667e-05,xml
67d13a1ec91ae2216896de44,introduction,1747173017240,1747173207244,190.004,3.166733333333333,json
67d13a1ec91ae2216896de44,qualifications,1747173207402,1747173223450,16.048,0.26746666666666663,json
67d13a1ec91ae2216896de44,consent,1747173223577,1747173246882,23.305,0.3884166666666667,json
67d13a1ec91ae2216896de44,task,1747173247016,1747173253218,6.202,0.10336666666666666,json
67d13a1ec91ae2216896de44,writing-task-NL,1747173253289,1747173794577,541.288,9.021466666666667,json
67d13a1ec91ae2216896de44,writing-task-NL_post-task-question,1747173794718,1747173805726,11.008,0.18346666666666664,json
67d13a1ec91ae2216896de44,tutorial-part1,1747173805813,1747174092130,286.317,4.77195,json
67d13a1ec91ae2216896de44,tutorial-part2,1747174092224,1747174234883,142.659,2.37765,json
67d13a1ec91ae2216896de44,reading-task-config-1,1747174234966,1747174268034,33.068,0.5511333333333333,json
67d13a1ec91ae2216896de44,reading-task-config-1_post-task-question,1747174268178,1747174276338,8.16,0.136,json
67d13a1ec91ae2216896de44,reading-task-config-2,1747174276419,1747174603046,326.627,5.443783333333333,json
67d13a1ec91ae2216896de44,reading-task-config-2_post-task-question,1747174603199,1747174615897,12.698,0.21163333333333334,json
67d13a1ec91ae2216896de44,reading-task-config-3,1747174615982,1747174931207,315.225,5.25375,json
67d13a1ec91ae2216896de44,reading-task-config-3_post-task-question,1747174931337,1747174941931,10.594,0.17656666666666665,json
67d13a1ec91ae2216896de44,reading-task-config-4,1747174942005,1747175631966,689.961,11.49935,json
67d13a1ec91ae2216896de44,reading-task-config-4_post-task-question,1747175632109,1747175636589,4.48,0.07466666666666667,json
67d13a1ec91ae2216896de44,reading-task-config-5,1747175636666,1747175836205,199.539,3.32565,json
67d13a1ec91ae2216896de44,reading-task-config-5_post-task-question,1747175836338,1747175841969,5.631,0.09385,json
67d13a1ec91ae2216896de44,writing-task-config,1747175842043,1747176453963,611.92,10.198666666666666,json
67d13a1ec91ae2216896de44,writing-task-config_post-task-question,1747176454106,1747176461377,7.271,0.12118333333333334,json
67d13a1ec91ae2216896de44,modifying-task-config-1,1747176461467,1747176859846,398.379,6.6396500000000005,json
67d13a1ec91ae2216896de44,modifying-task-config-1_post-task-question,1747176860010,1747176864005,3.995,0.06658333333333334,json
67d13a1ec91ae2216896de44,modifying-task-config-2,1747176864092,1747177334599,470.507,7.841783333333334,json
67d13a1ec91ae2216896de44,modifying-task-config-2_post-task-question,1747177334761,1747177337965,3.204,0.0534,json
67d13a1ec91ae2216896de44,modifying-task-config-3,1747177338061,1747177500881,162.82,2.7136666666666667,json
67d13a1ec91ae2216896de44,modifying-task-config-3_post-task-question,1747177501044,1747177505371,4.327,0.07211666666666666,json
67d13a1ec91ae2216896de44,modifying-task-config-4,1747177505457,1747178043689,538.232,8.970533333333332,json
67d13a1ec91ae2216896de44,modifying-task-config-4_post-task-question,1747178043847,1747178047400,3.553,0.05921666666666667,json
67d13a1ec91ae2216896de44,$nasa-tlx.co.nasa-tlx,1747178047559,1747178081825,34.266,0.5710999999999999,json
67d13a1ec91ae2216896de44,post-task-survey-tlx,1747178082015,1747178147028,65.013,1.08355,json
67d13a1ec91ae2216896de44,unqualified,0,-1,-0.001,-1.6666666666666667e-05,json
67bf5ad9c5a4637861cfd21e,introduction,1746767726456,1746767730138,3.682,0.06136666666666667,toml
67bf5ad9c5a4637861cfd21e,qualifications,1746767730524,1746767749935,19.411,0.3235166666666667,toml
67bf5ad9c5a4637861cfd21e,consent,1746767750286,1746767830444,80.158,1.3359666666666667,toml
67bf5ad9c5a4637861cfd21e,task,1746767830831,1746767885261,54.43,0.9071666666666667,toml
67bf5ad9c5a4637861cfd21e,writing-task-NL,1746767885504,1746768520948,635.444,10.590733333333333,toml
67bf5ad9c5a4637861cfd21e,writing-task-NL_post-task-question,1746768521317,1746768544447,23.13,0.3855,toml
67bf5ad9c5a4637861cfd21e,tutorial-part1,1746768544668,1746769062329,517.661,8.627683333333332,toml
67bf5ad9c5a4637861cfd21e,tutorial-part2,1746769062566,1746769380139,317.573,5.292883333333333,toml
67bf5ad9c5a4637861cfd21e,reading-task-config-1,1746769380405,1746769452827,72.422,1.2070333333333332,toml
67bf5ad9c5a4637861cfd21e,reading-task-config-1_post-task-question,1746769453162,1746769462571,9.409,0.1568166666666667,toml
67bf5ad9c5a4637861cfd21e,reading-task-config-2,1746769462766,1746769505344,42.578,0.7096333333333333,toml
67bf5ad9c5a4637861cfd21e,reading-task-config-2_post-task-question,1746769505665,1746769514850,9.185,0.15308333333333335,toml
67bf5ad9c5a4637861cfd21e,reading-task-config-3,1746769515070,1746769538630,23.56,0.39266666666666666,toml
67bf5ad9c5a4637861cfd21e,reading-task-config-3_post-task-question,1746769539003,1746769547122,8.119,0.13531666666666667,toml
67bf5ad9c5a4637861cfd21e,reading-task-config-4,1746769547315,1746769607593,60.278,1.0046333333333333,toml
67bf5ad9c5a4637861cfd21e,reading-task-config-4_post-task-question,1746769607924,1746769623398,15.474,0.2579,toml
67bf5ad9c5a4637861cfd21e,reading-task-config-5,1746769623608,1746769735981,112.373,1.8728833333333335,toml
67bf5ad9c5a4637861cfd21e,reading-task-config-5_post-task-question,1746769736300,1746769743140,6.84,0.114,toml
67bf5ad9c5a4637861cfd21e,writing-task-config,1746769743335,1746770594873,851.538,14.1923,toml
67bf5ad9c5a4637861cfd21e,writing-task-config_post-task-question,1746770595228,1746770603826,8.598,0.1433,toml
67bf5ad9c5a4637861cfd21e,modifying-task-config-1,1746770604020,1746770707454,103.434,1.7239,toml
67bf5ad9c5a4637861cfd21e,modifying-task-config-1_post-task-question,1746770707770,1746770718333,10.563,0.17605,toml
67bf5ad9c5a4637861cfd21e,modifying-task-config-2,1746770718545,1746771194274,475.729,7.928816666666666,toml
67bf5ad9c5a4637861cfd21e,modifying-task-config-2_post-task-question,1746771194615,1746771201454,6.839,0.11398333333333334,toml
67bf5ad9c5a4637861cfd21e,modifying-task-config-3,1746771201702,1746771299307,97.605,1.6267500000000001,toml
67bf5ad9c5a4637861cfd21e,modifying-task-config-3_post-task-question,1746771299644,1746771309069,9.425,0.15708333333333335,toml
67bf5ad9c5a4637861cfd21e,modifying-task-config-4,1746771309248,1746771786962,477.714,7.9619,toml
67bf5ad9c5a4637861cfd21e,modifying-task-config-4_post-task-question,1746771787319,1746771795651,8.332,0.13886666666666667,toml
67bf5ad9c5a4637861cfd21e,$nasa-tlx.co.nasa-tlx,1746771796023,1746771851746,55.723,0.9287166666666666,toml
67bf5ad9c5a4637861cfd21e,post-task-survey-tlx,1746771852298,1746771987541,135.243,2.25405,toml
67bf5ad9c5a4637861cfd21e,unqualified,0,-1,-0.001,-1.6666666666666667e-05,toml
616e5ae706e970fe0aff99b6,introduction,1747345271730,1747345283709,11.979,0.19965,hjson
616e5ae706e970fe0aff99b6,qualifications,1747345283824,1747345293128,9.304,0.15506666666666666,hjson
616e5ae706e970fe0aff99b6,consent,1747345293290,1747345332865,39.575,0.6595833333333334,hjson
616e5ae706e970fe0aff99b6,task,1747345333063,1747345357429,24.366,0.4061,hjson
616e5ae706e970fe0aff99b6,writing-task-NL,1747345357510,1747345587714,230.204,3.8367333333333336,hjson
616e5ae706e970fe0aff99b6,writing-task-NL_post-task-question,1747345587923,1747345595389,7.466,0.12443333333333334,hjson
616e5ae706e970fe0aff99b6,tutorial-part1,1747345595482,1747345928949,333.467,5.557783333333333,hjson
616e5ae706e970fe0aff99b6,tutorial-part2,1747345929042,1747345988742,59.7,0.995,hjson
616e5ae706e970fe0aff99b6,reading-task-config-1,1747345988822,1747346001373,12.551,0.20918333333333333,hjson
616e5ae706e970fe0aff99b6,reading-task-config-1_post-task-question,1747346001511,1747346006046,4.535,0.07558333333333334,hjson
616e5ae706e970fe0aff99b6,reading-task-config-2,1747346006112,1747346020934,14.822,0.24703333333333333,hjson
616e5ae706e970fe0aff99b6,reading-task-config-2_post-task-question,1747346021104,1747346025194,4.09,0.06816666666666667,hjson
616e5ae706e970fe0aff99b6,reading-task-config-3,1747346025267,1747346035664,10.397,0.17328333333333334,hjson
616e5ae706e970fe0aff99b6,reading-task-config-3_post-task-question,1747346035763,1747346040218,4.455,0.07425,hjson
616e5ae706e970fe0aff99b6,reading-task-config-4,1747346040290,1747346114059,73.769,1.2294833333333335,hjson
616e5ae706e970fe0aff99b6,reading-task-config-4_post-task-question,1747346114210,1747346120276,6.066,0.1011,hjson
616e5ae706e970fe0aff99b6,reading-task-config-5,1747346120373,1747346142335,21.962,0.3660333333333333,hjson
616e5ae706e970fe0aff99b6,reading-task-config-5_post-task-question,1747346142450,1747346146849,4.399,0.07331666666666667,hjson
616e5ae706e970fe0aff99b6,writing-task-config,1747346146921,1747346309400,162.479,2.7079833333333334,hjson
616e5ae706e970fe0aff99b6,writing-task-config_post-task-question,1747346309551,1747346317191,7.64,0.12733333333333333,hjson
616e5ae706e970fe0aff99b6,modifying-task-config-1,1747346317277,1747346354887,37.61,0.6268333333333334,hjson
616e5ae706e970fe0aff99b6,modifying-task-config-1_post-task-question,1747346355041,1747346360212,5.171,0.08618333333333333,hjson
616e5ae706e970fe0aff99b6,modifying-task-config-2,1747346360276,1747346422905,62.629,1.0438166666666666,hjson
616e5ae706e970fe0aff99b6,modifying-task-config-2_post-task-question,1747346423115,1747346426324,3.209,0.053483333333333334,hjson
616e5ae706e970fe0aff99b6,modifying-task-config-3,1747346426414,1747346490175,63.761,1.0626833333333334,hjson
616e5ae706e970fe0aff99b6,modifying-task-config-3_post-task-question,1747346490340,1747346496767,6.427,0.10711666666666667,hjson
616e5ae706e970fe0aff99b6,modifying-task-config-4,1747346496861,1747346566650,69.789,1.1631500000000001,hjson
616e5ae706e970fe0aff99b6,modifying-task-config-4_post-task-question,1747346566814,1747346573714,6.9,0.115,hjson
616e5ae706e970fe0aff99b6,$nasa-tlx.co.nasa-tlx,1747346573879,1747346603251,29.372,0.4895333333333333,hjson
616e5ae706e970fe0aff99b6,post-task-survey-tlx,1747346603426,1747346674482,71.056,1.1842666666666666,hjson
616e5ae706e970fe0aff99b6,unqualified,0,-1,-0.001,-1.6666666666666667e-05,hjson
66311bae532a469f4858933e,introduction,1747172759564,1747172808469,48.905,0.8150833333333334,toml
66311bae532a469f4858933e,qualifications,1747172808552,1747172822468,13.916,0.23193333333333335,toml
66311bae532a469f4858933e,consent,1747172822542,1747172911945,89.403,1.49005,toml
66311bae532a469f4858933e,task,1747172912017,1747173002557,90.54,1.5090000000000001,toml
66311bae532a469f4858933e,writing-task-NL,1747173002602,1747173161058,158.456,2.6409333333333334,toml
66311bae532a469f4858933e,writing-task-NL_post-task-question,1747173161142,1747173173959,12.817,0.21361666666666668,toml
66311bae532a469f4858933e,tutorial-part1,1747173174001,1747173656229,482.228,8.037133333333333,toml
66311bae532a469f4858933e,tutorial-part2,1747173656283,1747173865325,209.042,3.4840333333333335,toml
66311bae532a469f4858933e,reading-task-config-1,1747173865377,1747173946610,81.233,1.3538833333333333,toml
66311bae532a469f4858933e,reading-task-config-1_post-task-question,1747173946686,1747173957816,11.13,0.18550000000000003,toml
66311bae532a469f4858933e,reading-task-config-2,1747173957864,1747174006200,48.336,0.8056,toml
66311bae532a469f4858933e,reading-task-config-2_post-task-question,1747174006276,1747174010598,4.322,0.07203333333333334,toml
66311bae532a469f4858933e,reading-task-config-3,1747174010643,1747174043575,32.932,0.5488666666666667,toml
66311bae532a469f4858933e,reading-task-config-3_post-task-question,1747174043644,1747174046982,3.338,0.05563333333333333,toml
66311bae532a469f4858933e,reading-task-config-4,1747174047023,1747174198537,151.514,2.5252333333333334,toml
66311bae532a469f4858933e,reading-task-config-4_post-task-question,1747174198609,1747174202697,4.088,0.06813333333333334,toml
66311bae532a469f4858933e,reading-task-config-5,1747174202741,1747174309401,106.66,1.7776666666666665,toml
66311bae532a469f4858933e,reading-task-config-5_post-task-question,1747174309472,1747174312373,2.901,0.04835,toml
66311bae532a469f4858933e,writing-task-config,1747174312411,1747175050660,738.249,12.30415,toml
66311bae532a469f4858933e,writing-task-config_post-task-question,1747175050742,1747175059520,8.778,0.1463,toml
66311bae532a469f4858933e,modifying-task-config-1,1747175059572,1747175286617,227.045,3.7840833333333332,toml
66311bae532a469f4858933e,modifying-task-config-1_post-task-question,1747175286700,1747175300478,13.778,0.22963333333333333,toml
66311bae532a469f4858933e,modifying-task-config-2,1747175300525,1747175727819,427.294,7.121566666666666,toml
66311bae532a469f4858933e,modifying-task-config-2_post-task-question,1747175727906,1747175739512,11.606,0.19343333333333332,toml
66311bae532a469f4858933e,modifying-task-config-3,1747175739562,1747175871273,131.711,2.1951833333333335,toml
66311bae532a469f4858933e,modifying-task-config-3_post-task-question,1747175871356,1747175875618,4.262,0.07103333333333332,toml
66311bae532a469f4858933e,modifying-task-config-4,1747175875665,1747176325893,450.228,7.5038,toml
66311bae532a469f4858933e,modifying-task-config-4_post-task-question,1747176326002,1747176338092,12.09,0.20149999999999998,toml
66311bae532a469f4858933e,$nasa-tlx.co.nasa-tlx,1747176338179,1747176402952,64.773,1.07955,toml
66311bae532a469f4858933e,post-task-survey-tlx,1747176403073,1747176676174,273.101,4.551683333333333,toml
66311bae532a469f4858933e,unqualified,0,-1,-0.001,-1.6666666666666667e-05,toml
669284eabea5b8c9655927da,introduction,1747335764984,1747335873537,108.553,1.8092166666666667,yaml
669284eabea5b8c9655927da,qualifications,1747335873928,1747335881193,7.265,0.12108333333333333,yaml
669284eabea5b8c9655927da,consent,1747335881520,1747335935557,54.037,0.9006166666666666,yaml
669284eabea5b8c9655927da,task,1747335935902,1747335993457,57.555,0.95925,yaml
669284eabea5b8c9655927da,writing-task-NL,1747335993682,1747336194816,201.134,3.352233333333333,yaml
669284eabea5b8c9655927da,writing-task-NL_post-task-question,1747336195176,1747336201470,6.294,0.1049,yaml
669284eabea5b8c9655927da,tutorial-part1,1747336201670,1747337016404,814.734,13.5789,yaml
669284eabea5b8c9655927da,tutorial-part2,1747337016660,1747337243580,226.92,3.7819999999999996,yaml
669284eabea5b8c9655927da,reading-task-config-1,1747337243892,1747337348179,104.287,1.7381166666666668,yaml
669284eabea5b8c9655927da,reading-task-config-1_post-task-question,1747337348522,1747337360159,11.637,0.19395,yaml
669284eabea5b8c9655927da,reading-task-config-2,1747337360359,1747337396745,36.386,0.6064333333333334,yaml
669284eabea5b8c9655927da,reading-task-config-2_post-task-question,1747337397073,1747337407934,10.861,0.1810166666666667,yaml
669284eabea5b8c9655927da,reading-task-config-3,1747337408151,1747337430822,22.671,0.37784999999999996,yaml
669284eabea5b8c9655927da,reading-task-config-3_post-task-question,1747337431162,1747337437791,6.629,0.11048333333333332,yaml
669284eabea5b8c9655927da,reading-task-config-4,1747337438005,1747337604242,166.237,2.7706166666666667,yaml
669284eabea5b8c9655927da,reading-task-config-4_post-task-question,1747337604585,1747337612230,7.645,0.12741666666666665,yaml
669284eabea5b8c9655927da,reading-task-config-5,1747337612443,1747337789724,177.281,2.9546833333333336,yaml
669284eabea5b8c9655927da,reading-task-config-5_post-task-question,1747337790067,1747337795307,5.24,0.08733333333333333,yaml
669284eabea5b8c9655927da,writing-task-config,1747337795501,1747340042219,2246.718,37.445299999999996,yaml
669284eabea5b8c9655927da,writing-task-config_post-task-question,1747340042601,1747340060076,17.475,0.29125,yaml
669284eabea5b8c9655927da,modifying-task-config-1,1747340060299,1747340631387,571.088,9.518133333333333,yaml
669284eabea5b8c9655927da,modifying-task-config-1_post-task-question,1747340631736,1747340643581,11.845,0.19741666666666668,yaml
669284eabea5b8c9655927da,modifying-task-config-2,1747340643805,1747340926610,282.805,4.713416666666666,yaml
669284eabea5b8c9655927da,modifying-task-config-2_post-task-question,1747340926971,1747340932544,5.573,0.09288333333333335,yaml
669284eabea5b8c9655927da,modifying-task-config-3,1747340932775,1747341037450,104.675,1.7445833333333334,yaml
669284eabea5b8c9655927da,modifying-task-config-3_post-task-question,1747341037848,1747341052288,14.44,0.24066666666666667,yaml
669284eabea5b8c9655927da,modifying-task-config-4,1747341052495,1747341275891,223.396,3.7232666666666665,yaml
669284eabea5b8c9655927da,modifying-task-config-4_post-task-question,1747341276301,1747341287506,11.205,0.18675,yaml
669284eabea5b8c9655927da,$nasa-tlx.co.nasa-tlx,1747341287922,1747341313554,25.632,0.4272,yaml
669284eabea5b8c9655927da,post-task-survey-tlx,1747341314024,1747341376264,62.24,1.0373333333333334,yaml
669284eabea5b8c9655927da,unqualified,0,-1,-0.001,-1.6666666666666667e-05,yaml
67da5ae29f57419143d2b99a,introduction,1746767422543,1746767618658,196.115,3.2685833333333334,jsonc
67da5ae29f57419143d2b99a,qualifications,1746767618807,1746767628603,9.796,0.16326666666666664,jsonc
67da5ae29f57419143d2b99a,consent,1746767628716,1746767653893,25.177,0.41961666666666664,jsonc
67da5ae29f57419143d2b99a,task,1746767654027,1746767730236,76.209,1.2701500000000001,jsonc
67da5ae29f57419143d2b99a,writing-task-NL,1746767730309,1746767938418,208.109,3.4684833333333334,jsonc
67da5ae29f57419143d2b99a,writing-task-NL_post-task-question,1746767938554,1746767945983,7.429,0.12381666666666667,jsonc
67da5ae29f57419143d2b99a,tutorial-part1,1746767946054,1746768806478,860.424,14.340399999999999,jsonc
67da5ae29f57419143d2b99a,tutorial-part2,1746768806570,1746769739354,932.784,15.5464,jsonc
67da5ae29f57419143d2b99a,reading-task-config-1,1746769739440,1746769917430,177.99,2.9665000000000004,jsonc
67da5ae29f57419143d2b99a,reading-task-config-1_post-task-question,1746769917552,1746769924708,7.156,0.11926666666666666,jsonc
67da5ae29f57419143d2b99a,reading-task-config-2,1746769924774,1746769957932,33.158,0.5526333333333333,jsonc
67da5ae29f57419143d2b99a,reading-task-config-2_post-task-question,1746769958053,1746769973862,15.809,0.26348333333333335,jsonc
67da5ae29f57419143d2b99a,reading-task-config-3,1746769973952,1746770002533,28.581,0.47635,jsonc
67da5ae29f57419143d2b99a,reading-task-config-3_post-task-question,1746770002642,1746770009761,7.119,0.11864999999999999,jsonc
67da5ae29f57419143d2b99a,reading-task-config-4,1746770009841,1746770359788,349.947,5.83245,jsonc
67da5ae29f57419143d2b99a,reading-task-config-4_post-task-question,1746770359942,1746770367165,7.223,0.12038333333333333,jsonc
67da5ae29f57419143d2b99a,reading-task-config-5,1746770367237,1746770430300,63.063,1.05105,jsonc
67da5ae29f57419143d2b99a,reading-task-config-5_post-task-question,1746770430424,1746770439846,9.422,0.15703333333333333,jsonc
67da5ae29f57419143d2b99a,writing-task-config,1746770439915,1746771729410,1289.495,21.49158333333333,jsonc
67da5ae29f57419143d2b99a,writing-task-config_post-task-question,1746771729547,1746771735212,5.665,0.09441666666666666,jsonc
67da5ae29f57419143d2b99a,modifying-task-config-1,1746771735286,1746771895904,160.618,2.6769666666666665,jsonc
67da5ae29f57419143d2b99a,modifying-task-config-1_post-task-question,1746771896046,1746771901872,5.826,0.09709999999999999,jsonc
67da5ae29f57419143d2b99a,modifying-task-config-2,1746771901963,1746772475263,573.3,9.555,jsonc
67da5ae29f57419143d2b99a,modifying-task-config-2_post-task-question,1746772475412,1746772484594,9.182,0.15303333333333333,jsonc
67da5ae29f57419143d2b99a,modifying-task-config-3,1746772484672,1746772783290,298.618,4.976966666666667,jsonc
67da5ae29f57419143d2b99a,modifying-task-config-3_post-task-question,1746772783433,1746772791604,8.171,0.13618333333333332,jsonc
67da5ae29f57419143d2b99a,modifying-task-config-4,1746772791685,1746773044145,252.46,4.207666666666666,jsonc
67da5ae29f57419143d2b99a,modifying-task-config-4_post-task-question,1746773044301,1746773049454,5.153,0.08588333333333333,jsonc
67da5ae29f57419143d2b99a,$nasa-tlx.co.nasa-tlx,1746773049651,1746773090589,40.938,0.6823,jsonc
67da5ae29f57419143d2b99a,post-task-survey-tlx,1746773090830,1746773238785,147.955,2.4659166666666668,jsonc
67da5ae29f57419143d2b99a,unqualified,0,-1,-0.001,-1.6666666666666667e-05,jsonc
68138e7f96395f4c5f3a0a87,introduction,1746775673588,1746775946446,272.858,4.547633333333334,json
68138e7f96395f4c5f3a0a87,qualifications,1746775946795,1746775967037,20.242,0.3373666666666667,json
68138e7f96395f4c5f3a0a87,consent,1746775967372,1746776251388,284.016,4.7336,json
68138e7f96395f4c5f3a0a87,task,1746776251731,1746776936354,684.623,11.410383333333334,json
68138e7f96395f4c5f3a0a87,writing-task-NL,1746776936570,1746777191292,254.722,4.2453666666666665,json
68138e7f96395f4c5f3a0a87,writing-task-NL_post-task-question,1746777191532,1746777198350,6.818,0.11363333333333332,json
68138e7f96395f4c5f3a0a87,tutorial-part1,1746777198525,1746779419249,2220.724,37.01206666666667,json
68138e7f96395f4c5f3a0a87,tutorial-part2,1746779419463,1746779498083,78.62,1.3103333333333333,json
68138e7f96395f4c5f3a0a87,reading-task-config-1,1746779498264,1746779515109,16.845,0.28075,json
68138e7f96395f4c5f3a0a87,reading-task-config-1_post-task-question,1746779515493,1746779527926,12.433,0.20721666666666666,json
68138e7f96395f4c5f3a0a87,reading-task-config-2,1746779528162,1746779560086,31.924,0.5320666666666667,json
68138e7f96395f4c5f3a0a87,reading-task-config-2_post-task-question,1746779560335,1746779566734,6.399,0.10665,json
68138e7f96395f4c5f3a0a87,reading-task-config-3,1746779566900,1746779585889,18.989,0.31648333333333334,json
68138e7f96395f4c5f3a0a87,reading-task-config-3_post-task-question,1746779586401,1746779594340,7.939,0.13231666666666667,json
68138e7f96395f4c5f3a0a87,reading-task-config-4,1746779594490,1746779664693,70.203,1.17005,json
68138e7f96395f4c5f3a0a87,reading-task-config-4_post-task-question,1746779665021,1746779671829,6.808,0.11346666666666666,json
68138e7f96395f4c5f3a0a87,reading-task-config-5,1746779672029,1746779710943,38.914,0.6485666666666667,json
68138e7f96395f4c5f3a0a87,reading-task-config-5_post-task-question,1746779711281,1746779716757,5.476,0.09126666666666666,json
68138e7f96395f4c5f3a0a87,writing-task-config,1746779717007,1746780420522,703.515,11.725249999999999,json
68138e7f96395f4c5f3a0a87,writing-task-config_post-task-question,1746780420636,1746780427255,6.619,0.11031666666666666,json
68138e7f96395f4c5f3a0a87,modifying-task-config-1,1746780427312,1746780580645,153.333,2.5555499999999998,json
68138e7f96395f4c5f3a0a87,modifying-task-config-1_post-task-question,1746780580760,1746780586001,5.241,0.08735,json
68138e7f96395f4c5f3a0a87,modifying-task-config-2,1746780586064,1746780749410,163.346,2.7224333333333335,json
68138e7f96395f4c5f3a0a87,modifying-task-config-2_post-task-question,1746780749524,1746780756767,7.243,0.12071666666666667,json
68138e7f96395f4c5f3a0a87,modifying-task-config-3,1746780756826,1746780811073,54.247,0.9041166666666667,json
68138e7f96395f4c5f3a0a87,modifying-task-config-3_post-task-question,1746780811179,1746780820250,9.071,0.15118333333333334,json
68138e7f96395f4c5f3a0a87,modifying-task-config-4,1746780820320,1746780888211,67.891,1.1315166666666667,json
68138e7f96395f4c5f3a0a87,modifying-task-config-4_post-task-question,1746780888321,1746780892901,4.58,0.07633333333333334,json
68138e7f96395f4c5f3a0a87,$nasa-tlx.co.nasa-tlx,1746780893010,1746780920405,27.395,0.45658333333333334,json
68138e7f96395f4c5f3a0a87,post-task-survey-tlx,1746780920545,1746781018880,98.335,1.6389166666666666,json
68138e7f96395f4c5f3a0a87,unqualified,0,-1,-0.001,-1.6666666666666667e-05,json
66684beba2a2d24645a6d782,introduction,1746769284269,1746769321617,37.348,0.6224666666666666,jsonc
66684beba2a2d24645a6d782,qualifications,1746769322223,1746769346572,24.349,0.40581666666666666,jsonc
66684beba2a2d24645a6d782,consent,1746769347290,1746769383480,36.19,0.6031666666666666,jsonc
66684beba2a2d24645a6d782,task,1746769384183,1746769540164,155.981,2.599683333333333,jsonc
66684beba2a2d24645a6d782,writing-task-NL,1746769540534,1746770270664,730.13,12.168833333333334,jsonc
66684beba2a2d24645a6d782,writing-task-NL_post-task-question,1746770271329,1746770284863,13.534,0.22556666666666667,jsonc
66684beba2a2d24645a6d782,tutorial-part1,1746770285258,1746770540684,255.426,4.257099999999999,jsonc
66684beba2a2d24645a6d782,tutorial-part2,1746770541116,1746770644838,103.722,1.7287,jsonc
66684beba2a2d24645a6d782,reading-task-config-1,1746770645257,1746770783904,138.647,2.310783333333333,jsonc
66684beba2a2d24645a6d782,reading-task-config-1_post-task-question,1746770784629,1746770794453,9.824,0.16373333333333334,jsonc
66684beba2a2d24645a6d782,reading-task-config-2,1746770794926,1746770837074,42.148,0.7024666666666667,jsonc
66684beba2a2d24645a6d782,reading-task-config-2_post-task-question,1746770837725,1746770845223,7.498,0.12496666666666667,jsonc
66684beba2a2d24645a6d782,reading-task-config-3,1746770845651,1746770876564,30.913,0.5152166666666667,jsonc
66684beba2a2d24645a6d782,reading-task-config-3_post-task-question,1746770877205,1746770884996,7.791,0.12985,jsonc
66684beba2a2d24645a6d782,reading-task-config-4,1746770885403,1746771040890,155.487,2.59145,jsonc
66684beba2a2d24645a6d782,reading-task-config-4_post-task-question,1746771041644,1746771048424,6.78,0.113,jsonc
66684beba2a2d24645a6d782,reading-task-config-5,1746771048856,1746771129420,80.564,1.3427333333333331,jsonc
66684beba2a2d24645a6d782,reading-task-config-5_post-task-question,1746771130166,1746771136822,6.656,0.11093333333333333,jsonc
66684beba2a2d24645a6d782,writing-task-config,1746771137194,1746772104020,966.826,16.113766666666667,jsonc
66684beba2a2d24645a6d782,writing-task-config_post-task-question,1746772104761,1746772112783,8.022,0.1337,jsonc
66684beba2a2d24645a6d782,modifying-task-config-1,1746772113185,1746772277701,164.516,2.7419333333333333,jsonc
66684beba2a2d24645a6d782,modifying-task-config-1_post-task-question,1746772278475,1746772284198,5.723,0.09538333333333333,jsonc
66684beba2a2d24645a6d782,modifying-task-config-2,1746772284626,1746772545530,260.904,4.3484,jsonc
66684beba2a2d24645a6d782,modifying-task-config-2_post-task-question,1746772546257,1746772552694,6.437,0.10728333333333334,jsonc
66684beba2a2d24645a6d782,modifying-task-config-3,1746772553101,1746772721106,168.005,2.8000833333333333,jsonc
66684beba2a2d24645a6d782,modifying-task-config-3_post-task-question,1746772721857,1746772731196,9.339,0.15565,jsonc
66684beba2a2d24645a6d782,modifying-task-config-4,1746772731615,1746772880526,148.911,2.48185,jsonc
66684beba2a2d24645a6d782,modifying-task-config-4_post-task-question,1746772881309,1746772890581,9.272,0.15453333333333333,jsonc
66684beba2a2d24645a6d782,$nasa-tlx.co.nasa-tlx,1746772891392,1746772938924,47.532,0.7921999999999999,jsonc
66684beba2a2d24645a6d782,post-task-survey-tlx,1746772939903,1746773052068,112.165,1.8694166666666667,jsonc
66684beba2a2d24645a6d782,unqualified,0,-1,-0.001,-1.6666666666666667e-05,jsonc
660eafee7515c432e850362d,introduction,1746767465423,1746767510473,45.05,0.7508333333333332,hjson
660eafee7515c432e850362d,qualifications,1746767511051,1746767522027,10.976,0.18293333333333334,hjson
660eafee7515c432e850362d,consent,1746767522522,1746767578823,56.301,0.93835,hjson
660eafee7515c432e850362d,task,1746767579536,1746767617329,37.793,0.6298833333333334,hjson
660eafee7515c432e850362d,writing-task-NL,1746767617605,1746768132535,514.93,8.582166666666666,hjson
660eafee7515c432e850362d,writing-task-NL_post-task-question,1746768133193,1746768145513,12.32,0.20533333333333334,hjson
660eafee7515c432e850362d,tutorial-part1,1746768145819,1746768702558,556.739,9.278983333333334,hjson
660eafee7515c432e850362d,tutorial-part2,1746768702989,1746768805776,102.787,1.7131166666666668,hjson
660eafee7515c432e850362d,reading-task-config-1,1746768806108,1746768914533,108.425,1.8070833333333334,hjson
660eafee7515c432e850362d,reading-task-config-1_post-task-question,1746768915115,1746768929661,14.546,0.24243333333333333,hjson
660eafee7515c432e850362d,reading-task-config-2,1746768929970,1746769028594,98.624,1.6437333333333333,hjson
660eafee7515c432e850362d,reading-task-config-2_post-task-question,1746769029246,1746769035448,6.202,0.10336666666666666,hjson
660eafee7515c432e850362d,reading-task-config-3,1746769035747,1746769055003,19.256,0.32093333333333335,hjson
660eafee7515c432e850362d,reading-task-config-3_post-task-question,1746769055530,1746769062455,6.925,0.11541666666666667,hjson
660eafee7515c432e850362d,reading-task-config-4,1746769062753,1746769407369,344.616,5.7436,hjson
660eafee7515c432e850362d,reading-task-config-4_post-task-question,1746769408005,1746769415252,7.247,0.12078333333333333,hjson
660eafee7515c432e850362d,reading-task-config-5,1746769415588,1746769485725,70.137,1.16895,hjson
660eafee7515c432e850362d,reading-task-config-5_post-task-question,1746769486249,1746769491561,5.312,0.08853333333333334,hjson
660eafee7515c432e850362d,writing-task-config,1746769789949,1746770197370,407.421,6.79035,hjson
660eafee7515c432e850362d,writing-task-config_post-task-question,1746770198059,1746770206245,8.186,0.13643333333333332,hjson
660eafee7515c432e850362d,modifying-task-config-1,1746770206564,1746770362456,155.892,2.5982,hjson
660eafee7515c432e850362d,modifying-task-config-1_post-task-question,1746770363036,1746770373826,10.79,0.17983333333333332,hjson
660eafee7515c432e850362d,modifying-task-config-2,1746770374117,1746770871617,497.5,8.291666666666666,hjson
660eafee7515c432e850362d,modifying-task-config-2_post-task-question,1746770872244,1746770881351,9.107,0.15178333333333333,hjson
660eafee7515c432e850362d,modifying-task-config-3,1746770881691,1746771004539,122.848,2.0474666666666668,hjson
660eafee7515c432e850362d,modifying-task-config-3_post-task-question,1746771005358,1746771012268,6.91,0.11516666666666667,hjson
660eafee7515c432e850362d,modifying-task-config-4,1746771012565,1746771246417,233.852,3.8975333333333335,hjson
660eafee7515c432e850362d,modifying-task-config-4_post-task-question,1746771247030,1746771252481,5.451,0.09085,hjson
660eafee7515c432e850362d,$nasa-tlx.co.nasa-tlx,1746771253084,1746771287431,34.347,0.57245,hjson
660eafee7515c432e850362d,post-task-survey-tlx,1746771288145,1746771353377,65.232,1.0872,hjson
660eafee7515c432e850362d,unqualified,0,-1,-0.001,-1.6666666666666667e-05,hjson
62d7fef5538b81f205ba4656,introduction,1747336825766,1747336829494,3.728,0.06213333333333334,xml
62d7fef5538b81f205ba4656,qualifications,1747336829744,1747336837437,7.693,0.12821666666666667,xml
62d7fef5538b81f205ba4656,consent,1747336837601,1747336847021,9.42,0.157,xml
62d7fef5538b81f205ba4656,task,1747336847203,1747336875117,27.914,0.46523333333333333,xml
62d7fef5538b81f205ba4656,writing-task-NL,1747336875259,1747336966711,91.452,1.5242,xml
62d7fef5538b81f205ba4656,writing-task-NL_post-task-question,1747336966943,1747336974475,7.532,0.12553333333333333,xml
62d7fef5538b81f205ba4656,tutorial-part1,1747336974585,1747337100398,125.813,2.0968833333333334,xml
62d7fef5538b81f205ba4656,tutorial-part2,1747337100554,1747337196511,95.957,1.5992833333333332,xml
62d7fef5538b81f205ba4656,reading-task-config-1,1747337196639,1747337217354,20.715,0.34525,xml
62d7fef5538b81f205ba4656,reading-task-config-1_post-task-question,1747337217582,1747337221171,3.589,0.059816666666666664,xml
62d7fef5538b81f205ba4656,reading-task-config-2,1747337221280,1747337236441,15.161,0.2526833333333333,xml
62d7fef5538b81f205ba4656,reading-task-config-2_post-task-question,1747337236649,1747337238983,2.334,0.038900000000000004,xml
62d7fef5538b81f205ba4656,reading-task-config-3,1747337239090,1747337252667,13.577,0.22628333333333334,xml
62d7fef5538b81f205ba4656,reading-task-config-3_post-task-question,1747337252934,1747337255311,2.377,0.03961666666666666,xml
62d7fef5538b81f205ba4656,reading-task-config-4,1747337255410,1747337289485,34.075,0.5679166666666667,xml
62d7fef5538b81f205ba4656,reading-task-config-4_post-task-question,1747337289717,1747337292513,2.796,0.046599999999999996,xml
62d7fef5538b81f205ba4656,reading-task-config-5,1747337292626,1747337317661,25.035,0.41725,xml
62d7fef5538b81f205ba4656,reading-task-config-5_post-task-question,1747337317852,1747337320506,2.654,0.04423333333333333,xml
62d7fef5538b81f205ba4656,writing-task-config,1747337320632,1747337574011,253.379,4.2229833333333335,xml
62d7fef5538b81f205ba4656,writing-task-config_post-task-question,1747337574227,1747337577999,3.772,0.06286666666666667,xml
62d7fef5538b81f205ba4656,modifying-task-config-1,1747337578113,1747337624056,45.943,0.7657166666666666,xml
62d7fef5538b81f205ba4656,modifying-task-config-1_post-task-question,1747337624267,1747337630809,6.542,0.10903333333333333,xml
62d7fef5538b81f205ba4656,modifying-task-config-2,1747337630921,1747337744546,113.625,1.89375,xml
62d7fef5538b81f205ba4656,modifying-task-config-2_post-task-question,1747337744786,1747337748073,3.287,0.05478333333333333,xml
62d7fef5538b81f205ba4656,modifying-task-config-3,1747337748182,1747337778176,29.994,0.4999,xml
62d7fef5538b81f205ba4656,modifying-task-config-3_post-task-question,1747337778414,1747337781533,3.119,0.05198333333333334,xml
62d7fef5538b81f205ba4656,modifying-task-config-4,1747337781651,1747337850075,68.424,1.1404,xml
62d7fef5538b81f205ba4656,modifying-task-config-4_post-task-question,1747337850317,1747337854850,4.533,0.07555,xml
62d7fef5538b81f205ba4656,$nasa-tlx.co.nasa-tlx,1747337855076,1747337901412,46.336,0.7722666666666667,xml
62d7fef5538b81f205ba4656,post-task-survey-tlx,1747337901733,1747337935550,33.817,0.5636166666666667,xml
62d7fef5538b81f205ba4656,unqualified,0,-1,-0.001,-1.6666666666666667e-05,xml
67caa7fe00179edfb74d3e1a,introduction,1746768719865,1746768817460,97.595,1.6265833333333333,json5
67caa7fe00179edfb74d3e1a,qualifications,1746768817726,1746768936987,119.261,1.9876833333333332,json5
67caa7fe00179edfb74d3e1a,consent,1746768937204,1746768995372,58.168,0.9694666666666667,json5
67caa7fe00179edfb74d3e1a,task,1746768995646,1746769114486,118.84,1.9806666666666668,json5
67caa7fe00179edfb74d3e1a,writing-task-NL,1746769114632,1746769411174,296.542,4.942366666666667,json5
67caa7fe00179edfb74d3e1a,writing-task-NL_post-task-question,1746769411440,1746769424991,13.551,0.22585,json5
67caa7fe00179edfb74d3e1a,tutorial-part1,1746769425098,1746770887095,1461.997,24.36661666666667,json5
67caa7fe00179edfb74d3e1a,tutorial-part2,1746770887250,1746771393649,506.399,8.439983333333334,json5
67caa7fe00179edfb74d3e1a,reading-task-config-1,1746771393841,1746772118743,724.902,12.081700000000001,json5
67caa7fe00179edfb74d3e1a,reading-task-config-1_post-task-question,1746772118957,1746772131390,12.433,0.20721666666666666,json5
67caa7fe00179edfb74d3e1a,reading-task-config-2,1746772131521,1746772251048,119.527,1.9921166666666668,json5
67caa7fe00179edfb74d3e1a,reading-task-config-2_post-task-question,1746772251276,1746772266480,15.204,0.2534,json5
67caa7fe00179edfb74d3e1a,reading-task-config-3,1746772266611,1746772344711,78.1,1.3016666666666665,json5
67caa7fe00179edfb74d3e1a,reading-task-config-3_post-task-question,1746772344931,1746772364493,19.562,0.32603333333333334,json5
67caa7fe00179edfb74d3e1a,reading-task-config-4,1746772364618,1746772848236,483.618,8.0603,json5
67caa7fe00179edfb74d3e1a,reading-task-config-4_post-task-question,1746772848462,1746772857915,9.453,0.15755,json5
67caa7fe00179edfb74d3e1a,reading-task-config-5,1746772858035,1746773056178,198.143,3.3023833333333332,json5
67caa7fe00179edfb74d3e1a,reading-task-config-5_post-task-question,1746773056392,1746773066710,10.318,0.17196666666666666,json5
67caa7fe00179edfb74d3e1a,writing-task-config,1746773066840,1746774806744,1739.904,28.9984,json5
67caa7fe00179edfb74d3e1a,writing-task-config_post-task-question,1746774807024,1746774846849,39.825,0.6637500000000001,json5
67caa7fe00179edfb74d3e1a,modifying-task-config-1,1746774846977,1746775040292,193.315,3.2219166666666665,json5
67caa7fe00179edfb74d3e1a,modifying-task-config-1_post-task-question,1746775040508,1746775050496,9.988,0.16646666666666665,json5
67caa7fe00179edfb74d3e1a,modifying-task-config-2,1746775050626,1746775126195,75.569,1.2594833333333333,json5
67caa7fe00179edfb74d3e1a,modifying-task-config-2_post-task-question,1746775126455,1746775134570,8.115,0.13525,json5
67caa7fe00179edfb74d3e1a,modifying-task-config-3,1746775134698,1746775149352,14.654,0.24423333333333333,json5
67caa7fe00179edfb74d3e1a,modifying-task-config-3_post-task-question,1746775149570,1746775159274,9.704,0.16173333333333334,json5
67caa7fe00179edfb74d3e1a,modifying-task-config-4,1746775159404,1746775163677,4.273,0.07121666666666666,json5
67caa7fe00179edfb74d3e1a,modifying-task-config-4_post-task-question,1746775163877,1746775171069,7.192,0.11986666666666666,json5
67caa7fe00179edfb74d3e1a,$nasa-tlx.co.nasa-tlx,1746775171299,1746775210047,38.748,0.6457999999999999,json5
67caa7fe00179edfb74d3e1a,post-task-survey-tlx,1746775210327,1746775330958,120.631,2.0105166666666667,json5
67caa7fe00179edfb74d3e1a,unqualified,0,-1,-0.001,-1.6666666666666667e-05,json5
65fae23bd06ae76bcc297e8b,introduction,1746766994470,1746767075377,80.907,1.34845,hjson
65fae23bd06ae76bcc297e8b,qualifications,1746767075716,1746767350881,275.165,4.586083333333334,hjson
65fae23bd06ae76bcc297e8b,consent,1746767351174,1746767656732,305.558,5.092633333333334,hjson
65fae23bd06ae76bcc297e8b,task,1746767657292,1746767729655,72.363,1.20605,hjson
65fae23bd06ae76bcc297e8b,writing-task-NL,1746767729827,1746768146550,416.723,6.945383333333334,hjson
65fae23bd06ae76bcc297e8b,writing-task-NL_post-task-question,1746768146887,1746768156900,10.013,0.16688333333333333,hjson
65fae23bd06ae76bcc297e8b,tutorial-part1,1746768157061,1746768674711,517.65,8.6275,hjson
65fae23bd06ae76bcc297e8b,tutorial-part2,1746768674972,1746769188480,513.508,8.558466666666668,hjson
65fae23bd06ae76bcc297e8b,reading-task-config-1,1746769188675,1746769401393,212.718,3.5452999999999997,hjson
65fae23bd06ae76bcc297e8b,reading-task-config-1_post-task-question,1746769401765,1746769410400,8.635,0.14391666666666666,hjson
65fae23bd06ae76bcc297e8b,reading-task-config-2,1746769410553,1746769540259,129.706,2.1617666666666664,hjson
65fae23bd06ae76bcc297e8b,reading-task-config-2_post-task-question,1746769540572,1746769551144,10.572,0.1762,hjson
65fae23bd06ae76bcc297e8b,reading-task-config-3,1746769551287,1746769639941,88.654,1.4775666666666667,hjson
65fae23bd06ae76bcc297e8b,reading-task-config-3_post-task-question,1746769640251,1746769646388,6.137,0.10228333333333332,hjson
65fae23bd06ae76bcc297e8b,reading-task-config-4,1746769646529,1746769907216,260.687,4.344783333333334,hjson
65fae23bd06ae76bcc297e8b,reading-task-config-4_post-task-question,1746769907548,1746769915565,8.017,0.13361666666666666,hjson
65fae23bd06ae76bcc297e8b,reading-task-config-5,1746769915703,1746769968290,52.587,0.8764500000000001,hjson
65fae23bd06ae76bcc297e8b,reading-task-config-5_post-task-question,1746769968609,1746769973830,5.221,0.08701666666666667,hjson
65fae23bd06ae76bcc297e8b,writing-task-config,1746769973960,1746771193572,1219.612,20.326866666666668,hjson
65fae23bd06ae76bcc297e8b,writing-task-config_post-task-question,1746771193916,1746771204325,10.409,0.17348333333333335,hjson
65fae23bd06ae76bcc297e8b,modifying-task-config-1,1746771204473,1746771308819,104.346,1.7391,hjson
65fae23bd06ae76bcc297e8b,modifying-task-config-1_post-task-question,1746771309149,1746771320527,11.378,0.18963333333333335,hjson
65fae23bd06ae76bcc297e8b,modifying-task-config-2,1746771320671,1746771536049,215.378,3.589633333333333,hjson
65fae23bd06ae76bcc297e8b,modifying-task-config-2_post-task-question,1746771536512,1746771545422,8.91,0.1485,hjson
65fae23bd06ae76bcc297e8b,modifying-task-config-3,1746771545574,1746771646445,100.871,1.6811833333333333,hjson
65fae23bd06ae76bcc297e8b,modifying-task-config-3_post-task-question,1746771646777,1746771654779,8.002,0.1333666666666667,hjson
65fae23bd06ae76bcc297e8b,modifying-task-config-4,1746771654934,1746772291944,637.01,10.616833333333334,hjson
65fae23bd06ae76bcc297e8b,modifying-task-config-4_post-task-question,1746772292314,1746772298010,5.696,0.09493333333333333,hjson
65fae23bd06ae76bcc297e8b,$nasa-tlx.co.nasa-tlx,1746772298280,1746772345438,47.158,0.7859666666666667,hjson
65fae23bd06ae76bcc297e8b,post-task-survey-tlx,1746772345857,1746772510005,164.148,2.7358,hjson
65fae23bd06ae76bcc297e8b,unqualified,0,-1,-0.001,-1.6666666666666667e-05,hjson
588ab33542c8e900019d02ae,introduction,1747421894132,1747422134028,239.896,3.9982666666666664,jsonc
588ab33542c8e900019d02ae,qualifications,1747422134087,1747422139367,5.28,0.08800000000000001,jsonc
588ab33542c8e900019d02ae,consent,1747422139410,1747422154996,15.586,0.25976666666666665,jsonc
588ab33542c8e900019d02ae,task,1747422155044,1747422216598,61.554,1.0259,jsonc
588ab33542c8e900019d02ae,writing-task-NL,1747422216627,1747422483516,266.889,4.44815,jsonc
588ab33542c8e900019d02ae,writing-task-NL_post-task-question,1747422483569,1747422490157,6.588,0.1098,jsonc
588ab33542c8e900019d02ae,tutorial-part1,1747422490185,1747422650819,160.634,2.677233333333333,jsonc
588ab33542c8e900019d02ae,tutorial-part2,1747422650855,1747422717019,66.164,1.1027333333333333,jsonc
588ab33542c8e900019d02ae,reading-task-config-1,1747422717051,1747422734704,17.653,0.2942166666666666,jsonc
588ab33542c8e900019d02ae,reading-task-config-1_post-task-question,1747422734756,1747422739909,5.153,0.08588333333333333,jsonc
588ab33542c8e900019d02ae,reading-task-config-2,1747422739940,1747422768145,28.205,0.4700833333333333,jsonc
588ab33542c8e900019d02ae,reading-task-config-2_post-task-question,1747422768196,1747422772471,4.275,0.07125000000000001,jsonc
588ab33542c8e900019d02ae,reading-task-config-3,1747422772496,1747422790370,17.874,0.2979,jsonc
588ab33542c8e900019d02ae,reading-task-config-3_post-task-question,1747422790415,1747422794190,3.775,0.06291666666666666,jsonc
588ab33542c8e900019d02ae,reading-task-config-4,1747422794217,1747422895266,101.049,1.68415,jsonc
588ab33542c8e900019d02ae,reading-task-config-4_post-task-question,1747422895313,1747422900271,4.958,0.08263333333333334,jsonc
588ab33542c8e900019d02ae,reading-task-config-5,1747422900301,1747422931726,31.425,0.52375,jsonc
588ab33542c8e900019d02ae,reading-task-config-5_post-task-question,1747422931773,1747422935606,3.833,0.06388333333333333,jsonc
588ab33542c8e900019d02ae,writing-task-config,1747422935633,1747423760077,824.444,13.740733333333333,jsonc
588ab33542c8e900019d02ae,writing-task-config_post-task-question,1747423760130,1747423764834,4.704,0.0784,jsonc
588ab33542c8e900019d02ae,modifying-task-config-1,1747423764865,1747423913845,148.98,2.4829999999999997,jsonc
588ab33542c8e900019d02ae,modifying-task-config-1_post-task-question,1747423913895,1747423918235,4.34,0.07233333333333333,jsonc
588ab33542c8e900019d02ae,modifying-task-config-2,1747423918264,1747424134628,216.364,3.6060666666666665,jsonc
588ab33542c8e900019d02ae,modifying-task-config-2_post-task-question,1747424134680,1747424138586,3.906,0.0651,jsonc
588ab33542c8e900019d02ae,modifying-task-config-3,1747424138616,1747424164722,26.106,0.43510000000000004,jsonc
588ab33542c8e900019d02ae,modifying-task-config-3_post-task-question,1747424164771,1747424169497,4.726,0.07876666666666667,jsonc
588ab33542c8e900019d02ae,modifying-task-config-4,1747424169528,1747424374494,204.966,3.4161,jsonc
588ab33542c8e900019d02ae,modifying-task-config-4_post-task-question,1747424374547,1747424378673,4.126,0.06876666666666667,jsonc
588ab33542c8e900019d02ae,$nasa-tlx.co.nasa-tlx,1747424378725,1747424422749,44.024,0.7337333333333333,jsonc
588ab33542c8e900019d02ae,post-task-survey-tlx,1747424422836,1747424535921,113.085,1.88475,jsonc
588ab33542c8e900019d02ae,unqualified,0,-1,-0.001,-1.6666666666666667e-05,jsonc
67f4ea448eb6a2b293c1f2fc,introduction,1747337042103,1747337063822,21.719,0.3619833333333334,json
67f4ea448eb6a2b293c1f2fc,qualifications,1747337064010,1747337068916,4.906,0.08176666666666667,json
67f4ea448eb6a2b293c1f2fc,consent,1747337069032,1747337082798,13.766,0.22943333333333332,json
67f4ea448eb6a2b293c1f2fc,task,1747337082988,1747337587560,504.572,8.409533333333334,json
67f4ea448eb6a2b293c1f2fc,writing-task-NL,1747337587866,1747338367606,779.74,12.995666666666667,json
67f4ea448eb6a2b293c1f2fc,writing-task-NL_post-task-question,1747338367777,1747338374365,6.588,0.1098,json
67f4ea448eb6a2b293c1f2fc,tutorial-part1,1747338374444,1747338406636,32.192,0.5365333333333333,json
67f4ea448eb6a2b293c1f2fc,tutorial-part2,1747338406734,1747338462571,55.837,0.9306166666666668,json
67f4ea448eb6a2b293c1f2fc,reading-task-config-1,1747338462682,1747338472613,9.931,0.16551666666666665,json
67f4ea448eb6a2b293c1f2fc,reading-task-config-1_post-task-question,1747338472802,1747338484283,11.481,0.19135,json
67f4ea448eb6a2b293c1f2fc,reading-task-config-2,1747338484370,1747338499066,14.696,0.24493333333333334,json
67f4ea448eb6a2b293c1f2fc,reading-task-config-2_post-task-question,1747338499203,1747338505112,5.909,0.09848333333333333,json
67f4ea448eb6a2b293c1f2fc,reading-task-config-3,1747338505202,1747338533166,27.964,0.46606666666666663,json
67f4ea448eb6a2b293c1f2fc,reading-task-config-3_post-task-question,1747338533322,1747338540512,7.19,0.11983333333333333,json
67f4ea448eb6a2b293c1f2fc,reading-task-config-4,1747338540590,1747339396727,856.137,14.268949999999998,json
67f4ea448eb6a2b293c1f2fc,reading-task-config-4_post-task-question,1747339396888,1747339405182,8.294,0.13823333333333335,json
67f4ea448eb6a2b293c1f2fc,reading-task-config-5,1747339405264,1747339449484,44.22,0.737,json
67f4ea448eb6a2b293c1f2fc,reading-task-config-5_post-task-question,1747339449625,1747339458246,8.621,0.14368333333333333,json
67f4ea448eb6a2b293c1f2fc,writing-task-config,1747341171636,1747341778599,606.963,10.11605,json
67f4ea448eb6a2b293c1f2fc,writing-task-config_post-task-question,1747341778803,1747341787014,8.211,0.13685,json
67f4ea448eb6a2b293c1f2fc,modifying-task-config-1,1747341787090,1747341857980,70.89,1.1815,json
67f4ea448eb6a2b293c1f2fc,modifying-task-config-1_post-task-question,1747341858159,1747341864114,5.955,0.09925,json
67f4ea448eb6a2b293c1f2fc,modifying-task-config-2,1747341864202,1747342097855,233.653,3.8942166666666664,json
67f4ea448eb6a2b293c1f2fc,modifying-task-config-2_post-task-question,1747342097993,1747342105720,7.727,0.12878333333333333,json
67f4ea448eb6a2b293c1f2fc,modifying-task-config-3,1747342105797,1747342146342,40.545,0.6757500000000001,json
67f4ea448eb6a2b293c1f2fc,modifying-task-config-3_post-task-question,1747342146489,1747342163507,17.018,0.28363333333333335,json
67f4ea448eb6a2b293c1f2fc,modifying-task-config-4,1747342163676,1747342197330,33.654,0.5609000000000001,json
67f4ea448eb6a2b293c1f2fc,modifying-task-config-4_post-task-question,1747342197556,1747342202868,5.312,0.08853333333333334,json
67f4ea448eb6a2b293c1f2fc,$nasa-tlx.co.nasa-tlx,1747342203020,1747342233614,30.594,0.5099,json
67f4ea448eb6a2b293c1f2fc,post-task-survey-tlx,1747342233838,1747342308893,75.055,1.2509166666666667,json
67f4ea448eb6a2b293c1f2fc,unqualified,0,-1,-0.001,-1.6666666666666667e-05,json
65f4ab7884f8411c9e11a34e,introduction,1747172513393,1747172530144,16.751,0.27918333333333334,json5
65f4ab7884f8411c9e11a34e,qualifications,1747172530198,1747172539419,9.221,0.15368333333333334,json5
65f4ab7884f8411c9e11a34e,consent,1747172539475,1747172567141,27.666,0.4611,json5
65f4ab7884f8411c9e11a34e,task,1747172567197,1747172707934,140.737,2.3456166666666665,json5
65f4ab7884f8411c9e11a34e,writing-task-NL,1747172707967,1747172828439,120.472,2.0078666666666667,json5
65f4ab7884f8411c9e11a34e,writing-task-NL_post-task-question,1747172828500,1747172834673,6.173,0.10288333333333334,json5
65f4ab7884f8411c9e11a34e,tutorial-part1,1747172834703,1747173067804,233.101,3.8850166666666666,json5
65f4ab7884f8411c9e11a34e,tutorial-part2,1747173067850,1747173121673,53.823,0.89705,json5
65f4ab7884f8411c9e11a34e,reading-task-config-1,1747173121706,1747173195531,73.825,1.2304166666666667,json5
65f4ab7884f8411c9e11a34e,reading-task-config-1_post-task-question,1747173195582,1747173203369,7.787,0.12978333333333333,json5
65f4ab7884f8411c9e11a34e,reading-task-config-2,1747173203399,1747173291747,88.348,1.4724666666666666,json5
65f4ab7884f8411c9e11a34e,reading-task-config-2_post-task-question,1747173291809,1747173296813,5.004,0.08339999999999999,json5
65f4ab7884f8411c9e11a34e,reading-task-config-3,1747173296842,1747173318087,21.245,0.35408333333333336,json5
65f4ab7884f8411c9e11a34e,reading-task-config-3_post-task-question,1747173318138,1747173321847,3.709,0.061816666666666666,json5
65f4ab7884f8411c9e11a34e,reading-task-config-4,1747173321878,1747173388289,66.411,1.1068500000000001,json5
65f4ab7884f8411c9e11a34e,reading-task-config-4_post-task-question,1747173388339,1747173391998,3.659,0.06098333333333333,json5
65f4ab7884f8411c9e11a34e,reading-task-config-5,1747173392029,1747173431556,39.527,0.6587833333333334,json5
65f4ab7884f8411c9e11a34e,reading-task-config-5_post-task-question,1747173431607,1747173435097,3.49,0.05816666666666667,json5
65f4ab7884f8411c9e11a34e,writing-task-config,1747173435127,1747174122889,687.762,11.4627,json5
65f4ab7884f8411c9e11a34e,writing-task-config_post-task-question,1747174122942,1747174127689,4.747,0.07911666666666667,json5
65f4ab7884f8411c9e11a34e,modifying-task-config-1,1747174127720,1747174219275,91.555,1.5259166666666668,json5
65f4ab7884f8411c9e11a34e,modifying-task-config-1_post-task-question,1747174219330,1747174223990,4.66,0.07766666666666668,json5
65f4ab7884f8411c9e11a34e,modifying-task-config-2,1747174224023,1747174465194,241.171,4.019516666666666,json5
65f4ab7884f8411c9e11a34e,modifying-task-config-2_post-task-question,1747174465247,1747174469418,4.171,0.06951666666666667,json5
65f4ab7884f8411c9e11a34e,modifying-task-config-3,1747174469451,1747174653647,184.196,3.069933333333333,json5
65f4ab7884f8411c9e11a34e,modifying-task-config-3_post-task-question,1747174653705,1747174663661,9.956,0.16593333333333332,json5
65f4ab7884f8411c9e11a34e,modifying-task-config-4,1747174663694,1747174771147,107.453,1.7908833333333334,json5
65f4ab7884f8411c9e11a34e,modifying-task-config-4_post-task-question,1747174771200,1747174774495,3.295,0.05491666666666666,json5
65f4ab7884f8411c9e11a34e,$nasa-tlx.co.nasa-tlx,1747174774551,1747174797570,23.019,0.38365,json5
65f4ab7884f8411c9e11a34e,post-task-survey-tlx,1747174797655,1747174905615,107.96,1.7993333333333332,json5
65f4ab7884f8411c9e11a34e,unqualified,0,-1,-0.001,-1.6666666666666667e-05,json5
611d0afbb2a19acfd012545b,introduction,1746767381655,1746767465967,84.312,1.4052,toml
611d0afbb2a19acfd012545b,qualifications,1746767466097,1746767523153,57.056,0.9509333333333333,toml
611d0afbb2a19acfd012545b,consent,1746767523286,1746767613290,90.004,1.5000666666666667,toml
611d0afbb2a19acfd012545b,task,1746767613408,1746767741200,127.792,2.1298666666666666,toml
611d0afbb2a19acfd012545b,writing-task-NL,1746767741266,1746768002676,261.41,4.356833333333333,toml
611d0afbb2a19acfd012545b,writing-task-NL_post-task-question,1746768002795,1746768010251,7.456,0.12426666666666668,toml
611d0afbb2a19acfd012545b,tutorial-part1,1746768010317,1746768385566,375.249,6.25415,toml
611d0afbb2a19acfd012545b,tutorial-part2,1746768385637,1746768554536,168.899,2.814983333333333,toml
611d0afbb2a19acfd012545b,reading-task-config-1,1746768554617,1746768583573,28.956,0.4826,toml
611d0afbb2a19acfd012545b,reading-task-config-1_post-task-question,1746768583686,1746768590040,6.354,0.10590000000000001,toml
611d0afbb2a19acfd012545b,reading-task-config-2,1746768590104,1746768616737,26.633,0.4438833333333333,toml
611d0afbb2a19acfd012545b,reading-task-config-2_post-task-question,1746768616849,1746768625020,8.171,0.13618333333333332,toml
611d0afbb2a19acfd012545b,reading-task-config-3,1746768625084,1746768650958,25.874,0.4312333333333333,toml
611d0afbb2a19acfd012545b,reading-task-config-3_post-task-question,1746768651067,1746768658686,7.619,0.12698333333333334,toml
611d0afbb2a19acfd012545b,reading-task-config-4,1746768658750,1746768813662,154.912,2.581866666666667,toml
611d0afbb2a19acfd012545b,reading-task-config-4_post-task-question,1746768813779,1746768821213,7.434,0.1239,toml
611d0afbb2a19acfd012545b,reading-task-config-5,1746768821276,1746768862361,41.085,0.68475,toml
611d0afbb2a19acfd012545b,reading-task-config-5_post-task-question,1746768862487,1746768867019,4.532,0.07553333333333333,toml
611d0afbb2a19acfd012545b,writing-task-config,1746768867085,1746769768653,901.568,15.026133333333332,toml
611d0afbb2a19acfd012545b,writing-task-config_post-task-question,1746769768772,1746769780787,12.015,0.20025,toml
611d0afbb2a19acfd012545b,modifying-task-config-1,1746769780855,1746769854230,73.375,1.2229166666666667,toml
611d0afbb2a19acfd012545b,modifying-task-config-1_post-task-question,1746769854341,1746769866509,12.168,0.20279999999999998,toml
611d0afbb2a19acfd012545b,modifying-task-config-2,1746769866574,1746770156999,290.425,4.840416666666667,toml
611d0afbb2a19acfd012545b,modifying-task-config-2_post-task-question,1746770157121,1746770164744,7.623,0.12705,toml
611d0afbb2a19acfd012545b,modifying-task-config-3,1746770164812,1746770303655,138.843,2.31405,toml
611d0afbb2a19acfd012545b,modifying-task-config-3_post-task-question,1746770303784,1746770309533,5.749,0.09581666666666666,toml
611d0afbb2a19acfd012545b,modifying-task-config-4,1746770309604,1746770488163,178.559,2.975983333333333,toml
611d0afbb2a19acfd012545b,modifying-task-config-4_post-task-question,1746770488286,1746770496587,8.301,0.13835,toml
611d0afbb2a19acfd012545b,$nasa-tlx.co.nasa-tlx,1746770496764,1746770567261,70.497,1.17495,toml
611d0afbb2a19acfd012545b,post-task-survey-tlx,1746770567409,1746770686195,118.786,1.9797666666666667,toml
611d0afbb2a19acfd012545b,unqualified,0,-1,-0.001,-1.6666666666666667e-05,toml
67406c1303bd39d206ff2b50,introduction,1746774308372,1746774426880,118.508,1.9751333333333332,xml
67406c1303bd39d206ff2b50,qualifications,1746774951866,1746774969525,17.659,0.29431666666666667,xml
67406c1303bd39d206ff2b50,consent,1746774969656,1746775005455,35.799,0.59665,xml
67406c1303bd39d206ff2b50,task,1746775005635,1746775114667,109.032,1.8172,xml
67406c1303bd39d206ff2b50,writing-task-NL,1746775114759,1746775367591,252.832,4.213866666666666,xml
67406c1303bd39d206ff2b50,writing-task-NL_post-task-question,1746775367751,1746775403193,35.442,0.5907,xml
67406c1303bd39d206ff2b50,tutorial-part1,1746775403280,1746775913923,510.643,8.510716666666665,xml
67406c1303bd39d206ff2b50,tutorial-part2,1746775914019,1746776218823,304.804,5.080066666666666,xml
67406c1303bd39d206ff2b50,reading-task-config-1,1746776218917,1746776317803,98.886,1.6481,xml
67406c1303bd39d206ff2b50,reading-task-config-1_post-task-question,1746776317957,1746776332082,14.125,0.23541666666666666,xml
67406c1303bd39d206ff2b50,reading-task-config-2,1746776332150,1746776373969,41.819,0.6969833333333334,xml
67406c1303bd39d206ff2b50,reading-task-config-2_post-task-question,1746776374097,1746776381133,7.036,0.11726666666666666,xml
67406c1303bd39d206ff2b50,reading-task-config-3,1746776381233,1746776431491,50.258,0.8376333333333333,xml
67406c1303bd39d206ff2b50,reading-task-config-3_post-task-question,1746776431627,1746776437088,5.461,0.09101666666666668,xml
67406c1303bd39d206ff2b50,reading-task-config-4,1746776437186,1746776767212,330.026,5.5004333333333335,xml
67406c1303bd39d206ff2b50,reading-task-config-4_post-task-question,1746776767344,1746776775698,8.354,0.13923333333333332,xml
67406c1303bd39d206ff2b50,reading-task-config-5,1746776775770,1746776854677,78.907,1.3151166666666667,xml
67406c1303bd39d206ff2b50,reading-task-config-5_post-task-question,1746776854818,1746776861285,6.467,0.10778333333333333,xml
67406c1303bd39d206ff2b50,writing-task-config,1746776861361,1746777714139,852.778,14.212966666666667,xml
67406c1303bd39d206ff2b50,writing-task-config_post-task-question,1746777714289,1746777719579,5.29,0.08816666666666667,xml
67406c1303bd39d206ff2b50,modifying-task-config-1,1746777719651,1746777840374,120.723,2.01205,xml
67406c1303bd39d206ff2b50,modifying-task-config-1_post-task-question,1746777840520,1746777847203,6.683,0.11138333333333333,xml
67406c1303bd39d206ff2b50,modifying-task-config-2,1746778029059,1746778312906,283.847,4.730783333333333,xml
67406c1303bd39d206ff2b50,modifying-task-config-2_post-task-question,1746778313080,1746778323502,10.422,0.17370000000000002,xml
67406c1303bd39d206ff2b50,modifying-task-config-3,1746778323582,1746778480719,157.137,2.61895,xml
67406c1303bd39d206ff2b50,modifying-task-config-3_post-task-question,1746778480911,1746778491702,10.791,0.17985,xml
67406c1303bd39d206ff2b50,modifying-task-config-4,1746778491797,1746778674772,182.975,3.049583333333333,xml
67406c1303bd39d206ff2b50,modifying-task-config-4_post-task-question,1746778674938,1746778682700,7.762,0.12936666666666666,xml
67406c1303bd39d206ff2b50,$nasa-tlx.co.nasa-tlx,1746778682855,1746778741981,59.126,0.9854333333333333,xml
67406c1303bd39d206ff2b50,post-task-survey-tlx,1746778742186,1746779019694,277.508,4.625133333333333,xml
67406c1303bd39d206ff2b50,unqualified,0,-1,-0.001,-1.6666666666666667e-05,xml
61601e9a6b8306196d2a129c,introduction,1746776683026,1746776733597,50.571,0.84285,hjson
61601e9a6b8306196d2a129c,qualifications,1746776733760,1746776758685,24.925,0.41541666666666666,hjson
61601e9a6b8306196d2a129c,consent,1746776758830,1746776823605,64.775,1.0795833333333333,hjson
61601e9a6b8306196d2a129c,task,1746776823759,1746776972358,148.599,2.47665,hjson
61601e9a6b8306196d2a129c,writing-task-NL,1746776972463,1746777279125,306.662,5.111033333333333,hjson
61601e9a6b8306196d2a129c,writing-task-NL_post-task-question,1746777279289,1746777290184,10.895,0.18158333333333332,hjson
61601e9a6b8306196d2a129c,tutorial-part1,1746777290283,1746778742568,1452.285,24.20475,hjson
61601e9a6b8306196d2a129c,tutorial-part2,1746778780963,1746779243715,462.752,7.712533333333334,hjson
61601e9a6b8306196d2a129c,reading-task-config-1,1746779243831,1746779283171,39.34,0.6556666666666667,hjson
61601e9a6b8306196d2a129c,reading-task-config-1_post-task-question,1746779283351,1746779287411,4.06,0.06766666666666667,hjson
61601e9a6b8306196d2a129c,reading-task-config-2,1746779287511,1746779312139,24.628,0.41046666666666665,hjson
61601e9a6b8306196d2a129c,reading-task-config-2_post-task-question,1746779312289,1746779316443,4.154,0.06923333333333333,hjson
61601e9a6b8306196d2a129c,reading-task-config-3,1746779316535,1746779345316,28.781,0.4796833333333333,hjson
61601e9a6b8306196d2a129c,reading-task-config-3_post-task-question,1746779345470,1746779349339,3.869,0.06448333333333334,hjson
61601e9a6b8306196d2a129c,reading-task-config-4,1746779349433,1746779527005,177.572,2.9595333333333333,hjson
61601e9a6b8306196d2a129c,reading-task-config-4_post-task-question,1746779527158,1746779533692,6.534,0.1089,hjson
61601e9a6b8306196d2a129c,reading-task-config-5,1746779533792,1746779601597,67.805,1.1300833333333336,hjson
61601e9a6b8306196d2a129c,reading-task-config-5_post-task-question,1746779601752,1746779604805,3.053,0.05088333333333333,hjson
61601e9a6b8306196d2a129c,writing-task-config,1746779604897,1746780651447,1046.55,17.4425,hjson
61601e9a6b8306196d2a129c,writing-task-config_post-task-question,1746780651615,1746780662995,11.38,0.18966666666666668,hjson
61601e9a6b8306196d2a129c,modifying-task-config-1,1746780663099,1746780906717,243.618,4.0603,hjson
61601e9a6b8306196d2a129c,modifying-task-config-1_post-task-question,1746780906879,1746780915245,8.366,0.13943333333333333,hjson
61601e9a6b8306196d2a129c,modifying-task-config-2,1746780915338,1746781153832,238.494,3.9749,hjson
61601e9a6b8306196d2a129c,modifying-task-config-2_post-task-question,1746781153996,1746781166926,12.93,0.2155,hjson
61601e9a6b8306196d2a129c,modifying-task-config-3,1746781167031,1746781382248,215.217,3.5869500000000003,hjson
61601e9a6b8306196d2a129c,modifying-task-config-3_post-task-question,1746781382410,1746781388503,6.093,0.10155,hjson
61601e9a6b8306196d2a129c,modifying-task-config-4,1746781388605,1746781558737,170.132,2.8355333333333332,hjson
61601e9a6b8306196d2a129c,modifying-task-config-4_post-task-question,1746781558901,1746781566368,7.467,0.12444999999999999,hjson
61601e9a6b8306196d2a129c,$nasa-tlx.co.nasa-tlx,1746781566537,1746781662338,95.801,1.5966833333333335,hjson
61601e9a6b8306196d2a129c,post-task-survey-tlx,1746781662530,1746782036178,373.648,6.227466666666667,hjson
61601e9a6b8306196d2a129c,unqualified,0,-1,-0.001,-1.6666666666666667e-05,hjson
65fad6c874ac75642ffc254b,introduction,1746767275412,1746767291085,15.673,0.26121666666666665,hjson
65fad6c874ac75642ffc254b,qualifications,1746767291225,1746767305496,14.271,0.23785,hjson
65fad6c874ac75642ffc254b,consent,1746767305646,1746767346106,40.46,0.6743333333333333,hjson
65fad6c874ac75642ffc254b,task,1746767346256,1746767443001,96.745,1.6124166666666668,hjson
65fad6c874ac75642ffc254b,writing-task-NL,1746767443083,1746767585337,142.254,2.3709,hjson
65fad6c874ac75642ffc254b,writing-task-NL_post-task-question,1746767585476,1746767597043,11.567,0.19278333333333333,hjson
65fad6c874ac75642ffc254b,tutorial-part1,1746767597142,1746767880153,283.011,4.71685,hjson
65fad6c874ac75642ffc254b,tutorial-part2,1746767880249,1746768033724,153.475,2.5579166666666664,hjson
65fad6c874ac75642ffc254b,reading-task-config-1,1746768033837,1746768068606,34.769,0.5794833333333334,hjson
65fad6c874ac75642ffc254b,reading-task-config-1_post-task-question,1746768068742,1746768076382,7.64,0.12733333333333333,hjson
65fad6c874ac75642ffc254b,reading-task-config-2,1746768076473,1746768104648,28.175,0.46958333333333335,hjson
65fad6c874ac75642ffc254b,reading-task-config-2_post-task-question,1746768104809,1746768107994,3.185,0.05308333333333334,hjson
65fad6c874ac75642ffc254b,reading-task-config-3,1746768108072,1746768133078,25.006,0.4167666666666667,hjson
65fad6c874ac75642ffc254b,reading-task-config-3_post-task-question,1746768133214,1746768138687,5.473,0.09121666666666667,hjson
65fad6c874ac75642ffc254b,reading-task-config-4,1746768138775,1746768216937,78.162,1.3027000000000002,hjson
65fad6c874ac75642ffc254b,reading-task-config-4_post-task-question,1746768217064,1746768221023,3.959,0.06598333333333334,hjson
65fad6c874ac75642ffc254b,reading-task-config-5,1746768221114,1746768342710,121.596,2.0266,hjson
65fad6c874ac75642ffc254b,reading-task-config-5_post-task-question,1746768342862,1746768348232,5.37,0.0895,hjson
65fad6c874ac75642ffc254b,writing-task-config,1746768348314,1746769502583,1154.269,19.237816666666667,hjson
65fad6c874ac75642ffc254b,writing-task-config_post-task-question,1746769502731,1746769513347,10.616,0.17693333333333333,hjson
65fad6c874ac75642ffc254b,modifying-task-config-1,1746769513439,1746769686381,172.942,2.882366666666667,hjson
65fad6c874ac75642ffc254b,modifying-task-config-1_post-task-question,1746769686519,1746769695854,9.335,0.15558333333333335,hjson
65fad6c874ac75642ffc254b,modifying-task-config-2,1746769695940,1746769874794,178.854,2.9809,hjson
65fad6c874ac75642ffc254b,modifying-task-config-2_post-task-question,1746769874941,1746769882788,7.847,0.13078333333333333,hjson
65fad6c874ac75642ffc254b,modifying-task-config-3,1746769882884,1746770042709,159.825,2.66375,hjson
65fad6c874ac75642ffc254b,modifying-task-config-3_post-task-question,1746770042862,1746770046850,3.988,0.06646666666666666,hjson
65fad6c874ac75642ffc254b,modifying-task-config-4,1746770046935,1746770392087,345.152,5.752533333333333,hjson
65fad6c874ac75642ffc254b,modifying-task-config-4_post-task-question,1746770392259,1746770398989,6.73,0.11216666666666668,hjson
65fad6c874ac75642ffc254b,$nasa-tlx.co.nasa-tlx,1746770399157,1746770443656,44.499,0.74165,hjson
65fad6c874ac75642ffc254b,post-task-survey-tlx,1746770443854,1746770613938,170.084,2.8347333333333333,hjson
65fad6c874ac75642ffc254b,unqualified,0,-1,-0.001,-1.6666666666666667e-05,hjson
606c7d27f4f3ae688332a55d,introduction,1747172480801,1747172488603,7.802,0.13003333333333333,toml
606c7d27f4f3ae688332a55d,qualifications,1747172488709,1747172498030,9.321,0.15535,toml
606c7d27f4f3ae688332a55d,consent,1747172498138,1747172527724,29.586,0.4931,toml
606c7d27f4f3ae688332a55d,task,1747172527828,1747172576550,48.722,0.8120333333333334,toml
606c7d27f4f3ae688332a55d,writing-task-NL,1747172576624,1747172713280,136.656,2.2776,toml
606c7d27f4f3ae688332a55d,writing-task-NL_post-task-question,1747172713411,1747172721081,7.67,0.12783333333333333,toml
606c7d27f4f3ae688332a55d,tutorial-part1,1747172721135,1747172930022,208.887,3.48145,toml
606c7d27f4f3ae688332a55d,tutorial-part2,1747172930115,1747173033993,103.878,1.7313,toml
606c7d27f4f3ae688332a55d,reading-task-config-1,1747173034077,1747173069141,35.064,0.5844,toml
606c7d27f4f3ae688332a55d,reading-task-config-1_post-task-question,1747173069259,1747173072362,3.103,0.05171666666666667,toml
606c7d27f4f3ae688332a55d,reading-task-config-2,1747173072421,1747173084936,12.515,0.20858333333333334,toml
606c7d27f4f3ae688332a55d,reading-task-config-2_post-task-question,1747173085038,1747173087971,2.933,0.04888333333333333,toml
606c7d27f4f3ae688332a55d,reading-task-config-3,1747173088030,1747173098432,10.402,0.17336666666666664,toml
606c7d27f4f3ae688332a55d,reading-task-config-3_post-task-question,1747173098534,1747173100670,2.136,0.0356,toml
606c7d27f4f3ae688332a55d,reading-task-config-4,1747173100720,1747173159267,58.547,0.9757833333333333,toml
606c7d27f4f3ae688332a55d,reading-task-config-4_post-task-question,1747173159388,1747173166088,6.7,0.11166666666666666,toml
606c7d27f4f3ae688332a55d,reading-task-config-5,1747173166158,1747173182654,16.496,0.2749333333333333,toml
606c7d27f4f3ae688332a55d,reading-task-config-5_post-task-question,1747173182762,1747173185016,2.254,0.037566666666666665,toml
606c7d27f4f3ae688332a55d,writing-task-config,1747173185067,1747173460741,275.674,4.594566666666666,toml
606c7d27f4f3ae688332a55d,writing-task-config_post-task-question,1747173460871,1747173465486,4.615,0.07691666666666667,toml
606c7d27f4f3ae688332a55d,modifying-task-config-1,1747173465549,1747173519599,54.05,0.9008333333333333,toml
606c7d27f4f3ae688332a55d,modifying-task-config-1_post-task-question,1747173519724,1747173524058,4.334,0.07223333333333333,toml
606c7d27f4f3ae688332a55d,modifying-task-config-2,1747173524121,1747173599558,75.437,1.2572833333333333,toml
606c7d27f4f3ae688332a55d,modifying-task-config-2_post-task-question,1747173599691,1747173601750,2.059,0.03431666666666667,toml
606c7d27f4f3ae688332a55d,modifying-task-config-3,1747173601803,1747173658207,56.404,0.9400666666666667,toml
606c7d27f4f3ae688332a55d,modifying-task-config-3_post-task-question,1747173658340,1747173662331,3.991,0.06651666666666667,toml
606c7d27f4f3ae688332a55d,modifying-task-config-4,1747173662400,1747173816745,154.345,2.572416666666667,toml
606c7d27f4f3ae688332a55d,modifying-task-config-4_post-task-question,1747173816888,1747173820522,3.634,0.060566666666666664,toml
606c7d27f4f3ae688332a55d,$nasa-tlx.co.nasa-tlx,1747173820651,1747173858571,37.92,0.632,toml
606c7d27f4f3ae688332a55d,post-task-survey-tlx,1747173858762,1747173955210,96.448,1.6074666666666666,toml
606c7d27f4f3ae688332a55d,unqualified,0,-1,-0.001,-1.6666666666666667e-05,toml
67f66486e35051403284eb5e,introduction,1746769658403,1746769696170,37.767,0.6294500000000001,xml
67f66486e35051403284eb5e,qualifications,1746769698499,1746769721116,22.617,0.37695,xml
67f66486e35051403284eb5e,consent,1746769722799,1746769902347,179.548,2.9924666666666666,xml
67f66486e35051403284eb5e,task,1746769904091,1746769953022,48.931,0.8155166666666667,xml
67f66486e35051403284eb5e,writing-task-NL,1746769954286,1746770416427,462.141,7.70235,xml
67f66486e35051403284eb5e,writing-task-NL_post-task-question,1746770418481,1746770438537,20.056,0.33426666666666666,xml
67f66486e35051403284eb5e,tutorial-part1,1746770439726,1746771690780,1251.054,20.850900000000003,xml
67f66486e35051403284eb5e,tutorial-part2,1746771692189,1746771967320,275.131,4.585516666666666,xml
67f66486e35051403284eb5e,reading-task-config-1,1746771968747,1746772429848,461.101,7.685016666666667,xml
67f66486e35051403284eb5e,reading-task-config-1_post-task-question,1746772431889,1746772451354,19.465,0.3244166666666667,xml
67f66486e35051403284eb5e,reading-task-config-2,1746772452408,1746772521899,69.491,1.1581833333333333,xml
67f66486e35051403284eb5e,reading-task-config-2_post-task-question,1746772523505,1746772542097,18.592,0.3098666666666666,xml
67f66486e35051403284eb5e,reading-task-config-3,1746772543247,1746772588151,44.904,0.7484000000000001,xml
67f66486e35051403284eb5e,reading-task-config-3_post-task-question,1746772590289,1746772623099,32.81,0.5468333333333334,xml
67f66486e35051403284eb5e,reading-task-config-4,1746772624258,1746772704588,80.33,1.3388333333333333,xml
67f66486e35051403284eb5e,reading-task-config-4_post-task-question,1746772706634,1746772714126,7.492,0.12486666666666667,xml
67f66486e35051403284eb5e,reading-task-config-5,1746772715216,1746772782025,66.809,1.1134833333333334,xml
67f66486e35051403284eb5e,reading-task-config-5_post-task-question,1746772783886,1746772792204,8.318,0.13863333333333333,xml
67f66486e35051403284eb5e,writing-task-config,1746772793346,1746773443619,650.273,10.837883333333334,xml
67f66486e35051403284eb5e,writing-task-config_post-task-question,1746773445676,1746773479915,34.239,0.57065,xml
67f66486e35051403284eb5e,modifying-task-config-1,1746773480968,1746773621314,140.346,2.3391,xml
67f66486e35051403284eb5e,modifying-task-config-1_post-task-question,1746773623097,1746773646215,23.118,0.3853,xml
67f66486e35051403284eb5e,modifying-task-config-2,1746773647364,1746774032773,385.409,6.423483333333333,xml
67f66486e35051403284eb5e,modifying-task-config-2_post-task-question,1746774034508,1746774053247,18.739,0.3123166666666667,xml
67f66486e35051403284eb5e,modifying-task-config-3,1746774054387,1746774165203,110.816,1.8469333333333333,xml
67f66486e35051403284eb5e,modifying-task-config-3_post-task-question,1746774167451,1746774185314,17.863,0.2977166666666667,xml
67f66486e35051403284eb5e,modifying-task-config-4,1746774186460,1746774545135,358.675,5.977916666666667,xml
67f66486e35051403284eb5e,modifying-task-config-4_post-task-question,1746774547491,1746774572905,25.414,0.4235666666666667,xml
67f66486e35051403284eb5e,$nasa-tlx.co.nasa-tlx,1746774574948,1746774650954,76.006,1.2667666666666666,xml
67f66486e35051403284eb5e,post-task-survey-tlx,1746774653432,1746774843733,190.301,3.171683333333333,xml
67f66486e35051403284eb5e,unqualified,0,-1,-0.001,-1.6666666666666667e-05,xml
67a8fa10b4db1990f7372f01,introduction,1746767787976,1746768402165,614.189,10.236483333333332,json5
67a8fa10b4db1990f7372f01,qualifications,1746768402873,1746768407629,4.756,0.07926666666666667,json5
67a8fa10b4db1990f7372f01,consent,1746768408223,1746768431385,23.162,0.38603333333333334,json5
67a8fa10b4db1990f7372f01,task,1746768431916,1746768500685,68.769,1.14615,json5
67a8fa10b4db1990f7372f01,writing-task-NL,1746768501056,1746768714521,213.465,3.55775,json5
67a8fa10b4db1990f7372f01,writing-task-NL_post-task-question,1746768715155,1746768727971,12.816,0.2136,json5
67a8fa10b4db1990f7372f01,tutorial-part1,1746768728342,1746768796852,68.51,1.1418333333333335,json5
67a8fa10b4db1990f7372f01,tutorial-part2,1746768797415,1746768921498,124.083,2.06805,json5
67a8fa10b4db1990f7372f01,reading-task-config-1,1746768921904,1746769125312,203.408,3.390133333333333,json5
67a8fa10b4db1990f7372f01,reading-task-config-1_post-task-question,1746769125931,1746769134328,8.397,0.13995,json5
67a8fa10b4db1990f7372f01,reading-task-config-2,1746769134761,1746769259456,124.695,2.0782499999999997,json5
67a8fa10b4db1990f7372f01,reading-task-config-2_post-task-question,1746769260115,1746769264369,4.254,0.07089999999999999,json5
67a8fa10b4db1990f7372f01,reading-task-config-3,1746769264692,1746769278330,13.638,0.2273,json5
67a8fa10b4db1990f7372f01,reading-task-config-3_post-task-question,1746769279174,1746769289554,10.38,0.17300000000000001,json5
67a8fa10b4db1990f7372f01,reading-task-config-4,1746769290058,1746769533821,243.763,4.062716666666667,json5
67a8fa10b4db1990f7372f01,reading-task-config-4_post-task-question,1746769534593,1746769540590,5.997,0.09995,json5
67a8fa10b4db1990f7372f01,reading-task-config-5,1746769540911,1746769559523,18.612,0.3102,json5
67a8fa10b4db1990f7372f01,reading-task-config-5_post-task-question,1746769560047,1746769565856,5.809,0.09681666666666668,json5
67a8fa10b4db1990f7372f01,writing-task-config,1746769566243,1746770387363,821.12,13.685333333333334,json5
67a8fa10b4db1990f7372f01,writing-task-config_post-task-question,1746770387957,1746770398657,10.7,0.17833333333333332,json5
67a8fa10b4db1990f7372f01,modifying-task-config-1,1746770399097,1746770581045,181.948,3.0324666666666666,json5
67a8fa10b4db1990f7372f01,modifying-task-config-1_post-task-question,1746770581896,1746770591331,9.435,0.15725,json5
67a8fa10b4db1990f7372f01,modifying-task-config-2,1746770591753,1746771018783,427.03,7.117166666666666,json5
67a8fa10b4db1990f7372f01,modifying-task-config-2_post-task-question,1746771019370,1746771026614,7.244,0.12073333333333333,json5
67a8fa10b4db1990f7372f01,modifying-task-config-3,1746771027015,1746771108774,81.759,1.36265,json5
67a8fa10b4db1990f7372f01,modifying-task-config-3_post-task-question,1746771109449,1746771118494,9.045,0.15075,json5
67a8fa10b4db1990f7372f01,modifying-task-config-4,1746771118872,1746771476665,357.793,5.963216666666667,json5
67a8fa10b4db1990f7372f01,modifying-task-config-4_post-task-question,1746771477327,1746771483686,6.359,0.10598333333333333,json5
67a8fa10b4db1990f7372f01,$nasa-tlx.co.nasa-tlx,1746771484485,1746771647101,162.616,2.710266666666667,json5
67a8fa10b4db1990f7372f01,post-task-survey-tlx,1746771648815,1746771713968,65.153,1.0858833333333335,json5
67a8fa10b4db1990f7372f01,unqualified,0,-1,-0.001,-1.6666666666666667e-05,json5
6094ce8d0764c24f352d1fe5,introduction,1747338876378,1747339024279,147.901,2.4650166666666666,hjson
6094ce8d0764c24f352d1fe5,qualifications,1747339024813,1747339037962,13.149,0.21914999999999998,hjson
6094ce8d0764c24f352d1fe5,consent,1747339038774,1747339068477,29.703,0.49505,hjson
6094ce8d0764c24f352d1fe5,task,1747339069282,1747339180638,111.356,1.8559333333333332,hjson
6094ce8d0764c24f352d1fe5,writing-task-NL,1747339181020,1747339407297,226.277,3.7712833333333333,hjson
6094ce8d0764c24f352d1fe5,writing-task-NL_post-task-question,1747339407757,1747339417751,9.994,0.16656666666666667,hjson
6094ce8d0764c24f352d1fe5,tutorial-part1,1747339418005,1747340202687,784.682,13.078033333333334,hjson
6094ce8d0764c24f352d1fe5,tutorial-part2,1747340202991,1747340311563,108.572,1.8095333333333334,hjson
6094ce8d0764c24f352d1fe5,reading-task-config-1,1747340311849,1747340351094,39.245,0.6540833333333332,hjson
6094ce8d0764c24f352d1fe5,reading-task-config-1_post-task-question,1747340351482,1747340357444,5.962,0.09936666666666666,hjson
6094ce8d0764c24f352d1fe5,reading-task-config-2,1747340357754,1747340433605,75.851,1.2641833333333332,hjson
6094ce8d0764c24f352d1fe5,reading-task-config-2_post-task-question,1747340434041,1747340443738,9.697,0.16161666666666666,hjson
6094ce8d0764c24f352d1fe5,reading-task-config-3,1747340444092,1747340472453,28.361,0.47268333333333334,hjson
6094ce8d0764c24f352d1fe5,reading-task-config-3_post-task-question,1747340473006,1747340477022,4.016,0.06693333333333333,hjson
6094ce8d0764c24f352d1fe5,reading-task-config-4,1747340477324,1747340684809,207.485,3.4580833333333336,hjson
6094ce8d0764c24f352d1fe5,reading-task-config-4_post-task-question,1747340685309,1747340690043,4.734,0.0789,hjson
6094ce8d0764c24f352d1fe5,reading-task-config-5,1747340690349,1747340737921,47.572,0.7928666666666667,hjson
6094ce8d0764c24f352d1fe5,reading-task-config-5_post-task-question,1747340738376,1747340742541,4.165,0.06941666666666667,hjson
6094ce8d0764c24f352d1fe5,writing-task-config,1747340742843,1747341744022,1001.179,16.686316666666666,hjson
6094ce8d0764c24f352d1fe5,writing-task-config_post-task-question,1747341744486,1747341753265,8.779,0.14631666666666668,hjson
6094ce8d0764c24f352d1fe5,modifying-task-config-1,1747341753530,1747341917717,164.187,2.73645,hjson
6094ce8d0764c24f352d1fe5,modifying-task-config-1_post-task-question,1747341918127,1747341923699,5.572,0.09286666666666667,hjson
6094ce8d0764c24f352d1fe5,modifying-task-config-2,1747341923947,1747342032879,108.932,1.8155333333333334,hjson
6094ce8d0764c24f352d1fe5,modifying-task-config-2_post-task-question,1747342033329,1747342042509,9.18,0.153,hjson
6094ce8d0764c24f352d1fe5,modifying-task-config-3,1747342042750,1747342089239,46.489,0.7748166666666666,hjson
6094ce8d0764c24f352d1fe5,modifying-task-config-3_post-task-question,1747342089706,1747342094141,4.435,0.07391666666666666,hjson
6094ce8d0764c24f352d1fe5,modifying-task-config-4,1747342094349,1747342451785,357.436,5.9572666666666665,hjson
6094ce8d0764c24f352d1fe5,modifying-task-config-4_post-task-question,1747342452225,1747342458750,6.525,0.10875,hjson
6094ce8d0764c24f352d1fe5,$nasa-tlx.co.nasa-tlx,1747342459342,1747342493265,33.923,0.5653833333333333,hjson
6094ce8d0764c24f352d1fe5,post-task-survey-tlx,1747342493902,1747342611609,117.707,1.9617833333333332,hjson
6094ce8d0764c24f352d1fe5,unqualified,0,-1,-0.001,-1.6666666666666667e-05,hjson
6715c7aedee148c65c10509c,introduction,1746767240355,1746767273192,32.837,0.5472833333333333,yaml
6715c7aedee148c65c10509c,qualifications,1746767273268,1746767282242,8.974,0.14956666666666668,yaml
6715c7aedee148c65c10509c,consent,1746767282344,1746767322975,40.631,0.6771833333333334,yaml
6715c7aedee148c65c10509c,task,1746767323090,1746767357039,33.949,0.5658166666666666,yaml
6715c7aedee148c65c10509c,writing-task-NL,1746767357094,1746767529206,172.112,2.868533333333333,yaml
6715c7aedee148c65c10509c,writing-task-NL_post-task-question,1746767529310,1746767539286,9.976,0.16626666666666667,yaml
6715c7aedee148c65c10509c,tutorial-part1,1746767539331,1746767801565,262.234,4.370566666666666,yaml
6715c7aedee148c65c10509c,tutorial-part2,1746767801615,1746767889696,88.081,1.4680166666666667,yaml
6715c7aedee148c65c10509c,reading-task-config-1,1746767889775,1746767916756,26.981,0.4496833333333334,yaml
6715c7aedee148c65c10509c,reading-task-config-1_post-task-question,1746767916825,1746767922957,6.132,0.1022,yaml
6715c7aedee148c65c10509c,reading-task-config-2,1746767923004,1746767977472,54.468,0.9078,yaml
6715c7aedee148c65c10509c,reading-task-config-2_post-task-question,1746767977578,1746767984924,7.346,0.12243333333333334,yaml
6715c7aedee148c65c10509c,reading-task-config-3,1746767984976,1746767999174,14.198,0.23663333333333333,yaml
6715c7aedee148c65c10509c,reading-task-config-3_post-task-question,1746767999256,1746768002707,3.451,0.05751666666666667,yaml
6715c7aedee148c65c10509c,reading-task-config-4,1746768002758,1746768096027,93.269,1.5544833333333334,yaml
6715c7aedee148c65c10509c,reading-task-config-4_post-task-question,1746768096113,1746768101138,5.025,0.08375,yaml
6715c7aedee148c65c10509c,reading-task-config-5,1746768101189,1746768165805,64.616,1.0769333333333333,yaml
6715c7aedee148c65c10509c,reading-task-config-5_post-task-question,1746768165883,1746768171170,5.287,0.08811666666666666,yaml
6715c7aedee148c65c10509c,writing-task-config,1746768171210,1746768542219,371.009,6.183483333333333,yaml
6715c7aedee148c65c10509c,writing-task-config_post-task-question,1746768542329,1746768548650,6.321,0.10535,yaml
6715c7aedee148c65c10509c,modifying-task-config-1,1746768548699,1746768618015,69.316,1.1552666666666667,yaml
6715c7aedee148c65c10509c,modifying-task-config-1_post-task-question,1746768618115,1746768622300,4.185,0.06974999999999999,yaml
6715c7aedee148c65c10509c,modifying-task-config-2,1746768622342,1746768796777,174.435,2.90725,yaml
6715c7aedee148c65c10509c,modifying-task-config-2_post-task-question,1746768796870,1746768803017,6.147,0.10245,yaml
6715c7aedee148c65c10509c,modifying-task-config-3,1746768803064,1746768873016,69.952,1.1658666666666666,yaml
6715c7aedee148c65c10509c,modifying-task-config-3_post-task-question,1746768873111,1746768878062,4.951,0.08251666666666665,yaml
6715c7aedee148c65c10509c,modifying-task-config-4,1746768878131,1746768942777,64.646,1.0774333333333332,yaml
6715c7aedee148c65c10509c,modifying-task-config-4_post-task-question,1746768942873,1746768946997,4.124,0.06873333333333333,yaml
6715c7aedee148c65c10509c,$nasa-tlx.co.nasa-tlx,1746768947079,1746768975680,28.601,0.4766833333333333,yaml
6715c7aedee148c65c10509c,post-task-survey-tlx,1746768975780,1746769092951,117.171,1.9528500000000002,yaml
6715c7aedee148c65c10509c,unqualified,0,-1,-0.001,-1.6666666666666667e-05,yaml
664e413a5f3eb7f99d90e15b,introduction,1746768088723,1746768154542,65.819,1.0969833333333334,json
664e413a5f3eb7f99d90e15b,qualifications,1746768154771,1746768159690,4.919,0.08198333333333332,json
664e413a5f3eb7f99d90e15b,consent,1746768159893,1746768333830,173.937,2.89895,json
664e413a5f3eb7f99d90e15b,task,1746768334059,1746768727811,393.752,6.5625333333333336,json
664e413a5f3eb7f99d90e15b,writing-task-NL,1746768727954,1746769186061,458.107,7.635116666666667,json
664e413a5f3eb7f99d90e15b,writing-task-NL_post-task-question,1746769186280,1746769198471,12.191,0.20318333333333335,json
664e413a5f3eb7f99d90e15b,tutorial-part1,1746769198587,1746770344062,1145.475,19.09125,json
664e413a5f3eb7f99d90e15b,tutorial-part2,1746770344284,1746770534400,190.116,3.1686,json
664e413a5f3eb7f99d90e15b,reading-task-config-1,1746770534599,1746770670715,136.116,2.2686,json
664e413a5f3eb7f99d90e15b,reading-task-config-1_post-task-question,1746770670956,1746770681276,10.32,0.17200000000000001,json
664e413a5f3eb7f99d90e15b,reading-task-config-2,1746770681405,1746770708369,26.964,0.44939999999999997,json
664e413a5f3eb7f99d90e15b,reading-task-config-2_post-task-question,1746770708592,1746770713837,5.245,0.08741666666666667,json
664e413a5f3eb7f99d90e15b,reading-task-config-3,1746770713965,1746770741411,27.446,0.45743333333333336,json
664e413a5f3eb7f99d90e15b,reading-task-config-3_post-task-question,1746770741607,1746770747053,5.446,0.09076666666666666,json
664e413a5f3eb7f99d90e15b,reading-task-config-4,1746770747167,1746771000500,253.333,4.222216666666666,json
664e413a5f3eb7f99d90e15b,reading-task-config-4_post-task-question,1746771000719,1746771007771,7.052,0.11753333333333332,json
664e413a5f3eb7f99d90e15b,reading-task-config-5,1746771007897,1746771112117,104.22,1.7369999999999999,json
664e413a5f3eb7f99d90e15b,reading-task-config-5_post-task-question,1746771112310,1746771117766,5.456,0.09093333333333334,json
664e413a5f3eb7f99d90e15b,writing-task-config,1746771117872,1746771892896,775.024,12.917066666666667,json
664e413a5f3eb7f99d90e15b,writing-task-config_post-task-question,1746771893192,1746771922310,29.118,0.48529999999999995,json
664e413a5f3eb7f99d90e15b,modifying-task-config-1,1746771922458,1746772054228,131.77,2.196166666666667,json
664e413a5f3eb7f99d90e15b,modifying-task-config-1_post-task-question,1746772054452,1746772070078,15.626,0.26043333333333335,json
664e413a5f3eb7f99d90e15b,modifying-task-config-2,1746772070204,1746772553255,483.051,8.05085,json
664e413a5f3eb7f99d90e15b,modifying-task-config-2_post-task-question,1746772553483,1746772558989,5.506,0.09176666666666668,json
664e413a5f3eb7f99d90e15b,modifying-task-config-3,1746772559118,1746772641305,82.187,1.3697833333333334,json
664e413a5f3eb7f99d90e15b,modifying-task-config-3_post-task-question,1746772641595,1746772647695,6.1,0.10166666666666666,json
664e413a5f3eb7f99d90e15b,modifying-task-config-4,1746772647817,1746772741812,93.995,1.5665833333333334,json
664e413a5f3eb7f99d90e15b,modifying-task-config-4_post-task-question,1746772742036,1746772749171,7.135,0.11891666666666666,json
664e413a5f3eb7f99d90e15b,$nasa-tlx.co.nasa-tlx,1746772749412,1746772825771,76.359,1.2726499999999998,json
664e413a5f3eb7f99d90e15b,post-task-survey-tlx,1746772826080,1746772927256,101.176,1.6862666666666668,json
664e413a5f3eb7f99d90e15b,unqualified,0,-1,-0.001,-1.6666666666666667e-05,json
65fb13bebfa339f73b4cf76a,introduction,1746767335704,1746767382602,46.898,0.7816333333333334,jsonc
65fb13bebfa339f73b4cf76a,qualifications,1746767383320,1746767398260,14.94,0.249,jsonc
65fb13bebfa339f73b4cf76a,consent,1746767398784,1746767417130,18.346,0.3057666666666667,jsonc
65fb13bebfa339f73b4cf76a,task,1746769643287,1746769674950,31.663,0.5277166666666667,jsonc
65fb13bebfa339f73b4cf76a,writing-task-NL,1746769675017,1746769972700,297.683,4.961383333333333,jsonc
65fb13bebfa339f73b4cf76a,writing-task-NL_post-task-question,1746769972812,1746769980871,8.059,0.13431666666666667,jsonc
65fb13bebfa339f73b4cf76a,tutorial-part1,1746769980928,1746770190511,209.583,3.4930499999999998,jsonc
65fb13bebfa339f73b4cf76a,tutorial-part2,1746770190578,1746770229327,38.749,0.6458166666666667,jsonc
65fb13bebfa339f73b4cf76a,reading-task-config-1,1746770229389,1746770261048,31.659,0.52765,jsonc
65fb13bebfa339f73b4cf76a,reading-task-config-1_post-task-question,1746770261158,1746770266568,5.41,0.09016666666666667,jsonc
65fb13bebfa339f73b4cf76a,reading-task-config-2,1746770266634,1746770288776,22.142,0.3690333333333333,jsonc
65fb13bebfa339f73b4cf76a,reading-task-config-2_post-task-question,1746770288897,1746770295808,6.911,0.11518333333333333,jsonc
65fb13bebfa339f73b4cf76a,reading-task-config-3,1746770295881,1746770307112,11.231,0.18718333333333334,jsonc
65fb13bebfa339f73b4cf76a,reading-task-config-3_post-task-question,1746770307221,1746770311696,4.475,0.07458333333333332,jsonc
65fb13bebfa339f73b4cf76a,reading-task-config-4,1746770311763,1746770369922,58.159,0.9693166666666666,jsonc
65fb13bebfa339f73b4cf76a,reading-task-config-4_post-task-question,1746770370050,1746770377923,7.873,0.13121666666666668,jsonc
65fb13bebfa339f73b4cf76a,reading-task-config-5,1746770377985,1746770425988,48.003,0.80005,jsonc
65fb13bebfa339f73b4cf76a,reading-task-config-5_post-task-question,1746770426099,1746770430355,4.256,0.07093333333333333,jsonc
65fb13bebfa339f73b4cf76a,writing-task-config,1746770430412,1746771070571,640.159,10.669316666666667,jsonc
65fb13bebfa339f73b4cf76a,writing-task-config_post-task-question,1746771070686,1746771074744,4.058,0.06763333333333334,jsonc
65fb13bebfa339f73b4cf76a,modifying-task-config-1,1746771074808,1746771080015,5.207,0.08678333333333334,jsonc
65fb13bebfa339f73b4cf76a,modifying-task-config-1_post-task-question,1746771080124,1746771083991,3.867,0.06445,jsonc
65fb13bebfa339f73b4cf76a,modifying-task-config-2,1746771084055,1746771400803,316.748,5.279133333333333,jsonc
65fb13bebfa339f73b4cf76a,modifying-task-config-2_post-task-question,1746771400918,1746771407026,6.108,0.10179999999999999,jsonc
65fb13bebfa339f73b4cf76a,modifying-task-config-3,1746771407095,1746771612816,205.721,3.4286833333333333,jsonc
65fb13bebfa339f73b4cf76a,modifying-task-config-3_post-task-question,1746771612939,1746771618120,5.181,0.08635,jsonc
65fb13bebfa339f73b4cf76a,modifying-task-config-4,1746771618191,1746771861760,243.569,4.0594833333333336,jsonc
65fb13bebfa339f73b4cf76a,modifying-task-config-4_post-task-question,1746771861871,1746771865128,3.257,0.054283333333333336,jsonc
65fb13bebfa339f73b4cf76a,$nasa-tlx.co.nasa-tlx,1746771865245,1746771885352,20.107,0.3351166666666667,jsonc
65fb13bebfa339f73b4cf76a,post-task-survey-tlx,1746771885496,1746771943104,57.608,0.9601333333333333,jsonc
65fb13bebfa339f73b4cf76a,unqualified,0,-1,-0.001,-1.6666666666666667e-05,jsonc
65fb236a5a78fcf672df7469,introduction,1747424118523,1747424148528,30.005,0.5000833333333333,json
65fb236a5a78fcf672df7469,qualifications,1747424148852,1747424170192,21.34,0.3556666666666667,json
65fb236a5a78fcf672df7469,consent,1747424170464,1747424365948,195.484,3.2580666666666667,json
65fb236a5a78fcf672df7469,task,1747424366248,1747424492718,126.47,2.1078333333333332,json
65fb236a5a78fcf672df7469,writing-task-NL,1747424492905,1747424835660,342.755,5.712583333333333,json
65fb236a5a78fcf672df7469,writing-task-NL_post-task-question,1747424835995,1747424849842,13.847,0.2307833333333333,json
65fb236a5a78fcf672df7469,tutorial-part1,1747424850018,1747425160116,310.098,5.1683,json
65fb236a5a78fcf672df7469,tutorial-part2,1747425160400,1747425405904,245.504,4.091733333333333,json
65fb236a5a78fcf672df7469,reading-task-config-1,1747425406194,1747425468545,62.351,1.0391833333333333,json
65fb236a5a78fcf672df7469,reading-task-config-1_post-task-question,1747425468847,1747425482244,13.397,0.22328333333333333,json
65fb236a5a78fcf672df7469,reading-task-config-2,1747425482420,1747425644022,161.602,2.693366666666667,json
65fb236a5a78fcf672df7469,reading-task-config-2_post-task-question,1747425644329,1747425650964,6.635,0.11058333333333333,json
65fb236a5a78fcf672df7469,reading-task-config-3,1747425651154,1747425729792,78.638,1.3106333333333333,json
65fb236a5a78fcf672df7469,reading-task-config-3_post-task-question,1747425730096,1747425737800,7.704,0.1284,json
65fb236a5a78fcf672df7469,reading-task-config-4,1747425737993,1747426071282,333.289,5.5548166666666665,json
65fb236a5a78fcf672df7469,reading-task-config-4_post-task-question,1747426071584,1747426081153,9.569,0.15948333333333334,json
65fb236a5a78fcf672df7469,reading-task-config-5,1747426081357,1747426150070,68.713,1.1452166666666665,json
65fb236a5a78fcf672df7469,reading-task-config-5_post-task-question,1747426150373,1747426158201,7.828,0.13046666666666668,json
65fb236a5a78fcf672df7469,writing-task-config,1747426158385,1747427171319,1012.934,16.882233333333332,json
65fb236a5a78fcf672df7469,writing-task-config_post-task-question,1747427171652,1747427180944,9.292,0.15486666666666665,json
65fb236a5a78fcf672df7469,modifying-task-config-1,1747427181128,1747427294269,113.141,1.8856833333333334,json
65fb236a5a78fcf672df7469,modifying-task-config-1_post-task-question,1747427294665,1747427300966,6.301,0.10501666666666667,json
65fb236a5a78fcf672df7469,modifying-task-config-2,1747427301162,1747427840531,539.369,8.989483333333334,json
65fb236a5a78fcf672df7469,modifying-task-config-2_post-task-question,1747427840878,1747427850532,9.654,0.1609,json
65fb236a5a78fcf672df7469,modifying-task-config-3,1747427850745,1747428165071,314.326,5.238766666666667,json
65fb236a5a78fcf672df7469,modifying-task-config-3_post-task-question,1747428165464,1747428171606,6.142,0.10236666666666668,json
65fb236a5a78fcf672df7469,modifying-task-config-4,1747428171813,1747428537752,365.939,6.098983333333334,json
65fb236a5a78fcf672df7469,modifying-task-config-4_post-task-question,1747428538117,1747428545634,7.517,0.12528333333333333,json
65fb236a5a78fcf672df7469,$nasa-tlx.co.nasa-tlx,1747428545974,1747428664534,118.56,1.976,json
65fb236a5a78fcf672df7469,post-task-survey-tlx,1747428664968,1747429012822,347.854,5.7975666666666665,json
65fb236a5a78fcf672df7469,unqualified,0,-1,-0.001,-1.6666666666666667e-05,json
60f7c71d1cffec381351b0b3,introduction,1746767204257,1746767231311,27.054,0.45089999999999997,xml
60f7c71d1cffec381351b0b3,qualifications,1746767232685,1746767242750,10.065,0.16774999999999998,xml
60f7c71d1cffec381351b0b3,consent,1746767243967,1746767288197,44.23,0.7371666666666666,xml
60f7c71d1cffec381351b0b3,task,1746767289458,1746767338332,48.874,0.8145666666666667,xml
60f7c71d1cffec381351b0b3,writing-task-NL,1746767339019,1746767859908,520.889,8.681483333333334,xml
60f7c71d1cffec381351b0b3,writing-task-NL_post-task-question,1746767861232,1746767872833,11.601,0.19335000000000002,xml
60f7c71d1cffec381351b0b3,tutorial-part1,1746767873605,1746768092869,219.264,3.6544000000000003,xml
60f7c71d1cffec381351b0b3,tutorial-part2,1746768093664,1746768263725,170.061,2.83435,xml
60f7c71d1cffec381351b0b3,reading-task-config-1,1746768264444,1746768323521,59.077,0.9846166666666666,xml
60f7c71d1cffec381351b0b3,reading-task-config-1_post-task-question,1746768324925,1746768332578,7.653,0.12755,xml
60f7c71d1cffec381351b0b3,reading-task-config-2,1746768333402,1746768368952,35.55,0.5924999999999999,xml
60f7c71d1cffec381351b0b3,reading-task-config-2_post-task-question,1746768370142,1746768376657,6.515,0.10858333333333332,xml
60f7c71d1cffec381351b0b3,reading-task-config-3,1746768377423,1746768414114,36.691,0.6115166666666667,xml
60f7c71d1cffec381351b0b3,reading-task-config-3_post-task-question,1746768415330,1746768421087,5.757,0.09595,xml
60f7c71d1cffec381351b0b3,reading-task-config-4,1746768421832,1746768551843,130.011,2.1668499999999997,xml
60f7c71d1cffec381351b0b3,reading-task-config-4_post-task-question,1746768553118,1746768558592,5.474,0.09123333333333333,xml
60f7c71d1cffec381351b0b3,reading-task-config-5,1746768559345,1746768629354,70.009,1.1668166666666666,xml
60f7c71d1cffec381351b0b3,reading-task-config-5_post-task-question,1746768630656,1746768635301,4.645,0.07741666666666666,xml
60f7c71d1cffec381351b0b3,writing-task-config,1746768635986,1746769358394,722.408,12.040133333333333,xml
60f7c71d1cffec381351b0b3,writing-task-config_post-task-question,1746769359688,1746769366753,7.065,0.11775000000000001,xml
60f7c71d1cffec381351b0b3,modifying-task-config-1,1746769367538,1746769527026,159.488,2.6581333333333332,xml
60f7c71d1cffec381351b0b3,modifying-task-config-1_post-task-question,1746769528301,1746769534742,6.441,0.10735,xml
60f7c71d1cffec381351b0b3,modifying-task-config-2,1746769535461,1746770006268,470.807,7.846783333333334,xml
60f7c71d1cffec381351b0b3,modifying-task-config-2_post-task-question,1746770007682,1746770013770,6.088,0.10146666666666666,xml
60f7c71d1cffec381351b0b3,modifying-task-config-3,1746770014525,1746770225332,210.807,3.5134499999999997,xml
60f7c71d1cffec381351b0b3,modifying-task-config-3_post-task-question,1746770226672,1746770233234,6.562,0.10936666666666667,xml
60f7c71d1cffec381351b0b3,modifying-task-config-4,1746770234019,1746770426447,192.428,3.207133333333333,xml
60f7c71d1cffec381351b0b3,modifying-task-config-4_post-task-question,1746770427798,1746770431642,3.844,0.06406666666666666,xml
60f7c71d1cffec381351b0b3,$nasa-tlx.co.nasa-tlx,1746770433112,1746770467816,34.704,0.5784,xml
60f7c71d1cffec381351b0b3,post-task-survey-tlx,1746770469573,1746770693159,223.586,3.7264333333333335,xml
60f7c71d1cffec381351b0b3,unqualified,0,-1,-0.001,-1.6666666666666667e-05,xml
675330fb23080b9ae3ec8239,introduction,1746767399511,1746767429222,29.711,0.4951833333333333,json5
675330fb23080b9ae3ec8239,qualifications,1746767430074,1746767448590,18.516,0.3086,json5
675330fb23080b9ae3ec8239,consent,1746767449780,1746767485363,35.583,0.59305,json5
675330fb23080b9ae3ec8239,task,1746767486169,1746767580610,94.441,1.5740166666666666,json5
675330fb23080b9ae3ec8239,writing-task-NL,1746767581216,1746767867517,286.301,4.771683333333333,json5
675330fb23080b9ae3ec8239,writing-task-NL_post-task-question,1746767868144,1746767876664,8.52,0.142,json5
675330fb23080b9ae3ec8239,tutorial-part1,1746767877130,1746768384917,507.787,8.463116666666666,json5
675330fb23080b9ae3ec8239,tutorial-part2,1746768385324,1746768963629,578.305,9.638416666666666,json5
675330fb23080b9ae3ec8239,reading-task-config-1,1746768964112,1746769017291,53.179,0.8863166666666668,json5
675330fb23080b9ae3ec8239,reading-task-config-1_post-task-question,1746769017885,1746769026854,8.969,0.14948333333333333,json5
675330fb23080b9ae3ec8239,reading-task-config-2,1746769027261,1746769108258,80.997,1.34995,json5
675330fb23080b9ae3ec8239,reading-task-config-2_post-task-question,1746769108951,1746769120352,11.401,0.19001666666666667,json5
675330fb23080b9ae3ec8239,reading-task-config-3,1746769120757,1746769241751,120.994,2.016566666666667,json5
675330fb23080b9ae3ec8239,reading-task-config-3_post-task-question,1746769242394,1746769249807,7.413,0.12355000000000001,json5
675330fb23080b9ae3ec8239,reading-task-config-4,1746769250350,1746769423780,173.43,2.8905000000000003,json5
675330fb23080b9ae3ec8239,reading-task-config-4_post-task-question,1746769424473,1746769431941,7.468,0.12446666666666667,json5
675330fb23080b9ae3ec8239,reading-task-config-5,1746769432367,1746769512486,80.119,1.3353166666666667,json5
675330fb23080b9ae3ec8239,reading-task-config-5_post-task-question,1746769513084,1746769520407,7.323,0.12205,json5
675330fb23080b9ae3ec8239,writing-task-config,1746769520839,1746770149735,628.896,10.481599999999998,json5
675330fb23080b9ae3ec8239,writing-task-config_post-task-question,1746770150459,1746770160694,10.235,0.17058333333333334,json5
675330fb23080b9ae3ec8239,modifying-task-config-1,1746770161040,1746770534046,373.006,6.2167666666666666,json5
675330fb23080b9ae3ec8239,modifying-task-config-1_post-task-question,1746770534659,1746770544147,9.488,0.15813333333333332,json5
675330fb23080b9ae3ec8239,modifying-task-config-2,1746770544614,1746770856603,311.989,5.199816666666666,json5
675330fb23080b9ae3ec8239,modifying-task-config-2_post-task-question,1746770857209,1746770865824,8.615,0.14358333333333334,json5
675330fb23080b9ae3ec8239,modifying-task-config-3,1746770866203,1746771169738,303.535,5.058916666666667,json5
675330fb23080b9ae3ec8239,modifying-task-config-3_post-task-question,1746771170332,1746771175711,5.379,0.08965,json5
675330fb23080b9ae3ec8239,modifying-task-config-4,1746771176114,1746771423191,247.077,4.1179499999999996,json5
675330fb23080b9ae3ec8239,modifying-task-config-4_post-task-question,1746771424013,1746771429465,5.452,0.09086666666666667,json5
675330fb23080b9ae3ec8239,$nasa-tlx.co.nasa-tlx,1746771430177,1746771517478,87.301,1.4550166666666666,json5
675330fb23080b9ae3ec8239,post-task-survey-tlx,1746771518357,1746771595140,76.783,1.2797166666666666,json5
675330fb23080b9ae3ec8239,unqualified,0,-1,-0.001,-1.6666666666666667e-05,json5
671e39c25e5e3f340a6f21d4,introduction,1746767405540,1746767488262,82.722,1.3786999999999998,jsonc
671e39c25e5e3f340a6f21d4,qualifications,1746767488528,1746767503324,14.796,0.24659999999999999,jsonc
671e39c25e5e3f340a6f21d4,consent,1746767503525,1746767602613,99.088,1.6514666666666666,jsonc
671e39c25e5e3f340a6f21d4,task,1746767602854,1746767831078,228.224,3.803733333333333,jsonc
671e39c25e5e3f340a6f21d4,writing-task-NL,1746767831207,1746768620069,788.862,13.147699999999999,jsonc
671e39c25e5e3f340a6f21d4,writing-task-NL_post-task-question,1746768620384,1746768644121,23.737,0.3956166666666666,jsonc
671e39c25e5e3f340a6f21d4,tutorial-part1,1746768644228,1746769692931,1048.703,17.478383333333333,jsonc
671e39c25e5e3f340a6f21d4,tutorial-part2,1746769693089,1746769912066,218.977,3.6496166666666667,jsonc
671e39c25e5e3f340a6f21d4,reading-task-config-1,1746769912240,1746770113538,201.298,3.354966666666667,jsonc
671e39c25e5e3f340a6f21d4,reading-task-config-1_post-task-question,1746770113792,1746770131306,17.514,0.2919,jsonc
671e39c25e5e3f340a6f21d4,reading-task-config-2,1746770131458,1746770419675,288.217,4.803616666666667,jsonc
671e39c25e5e3f340a6f21d4,reading-task-config-2_post-task-question,1746770419918,1746770429074,9.156,0.1526,jsonc
671e39c25e5e3f340a6f21d4,reading-task-config-3,1746770429202,1746770686553,257.351,4.289183333333333,jsonc
671e39c25e5e3f340a6f21d4,reading-task-config-3_post-task-question,1746770686824,1746770700855,14.031,0.23385,jsonc
671e39c25e5e3f340a6f21d4,reading-task-config-4,1746770701004,1746770896671,195.667,3.2611166666666667,jsonc
671e39c25e5e3f340a6f21d4,reading-task-config-4_post-task-question,1746770896888,1746770904013,7.125,0.11875,jsonc
671e39c25e5e3f340a6f21d4,reading-task-config-5,1746770904149,1746771427310,523.161,8.719349999999999,jsonc
671e39c25e5e3f340a6f21d4,reading-task-config-5_post-task-question,1746771427559,1746771437655,10.096,0.16826666666666668,jsonc
671e39c25e5e3f340a6f21d4,writing-task-config,1746771437810,1746773606629,2168.819,36.14698333333333,jsonc
671e39c25e5e3f340a6f21d4,writing-task-config_post-task-question,1746773607218,1746773615142,7.924,0.13206666666666667,jsonc
671e39c25e5e3f340a6f21d4,modifying-task-config-1,1746773615506,1746773805720,190.214,3.1702333333333335,jsonc
671e39c25e5e3f340a6f21d4,modifying-task-config-1_post-task-question,1746773806417,1746773810929,4.512,0.07519999999999999,jsonc
671e39c25e5e3f340a6f21d4,modifying-task-config-2,1746773811190,1746774022726,211.536,3.5256,jsonc
671e39c25e5e3f340a6f21d4,modifying-task-config-2_post-task-question,1746774023175,1746774030270,7.095,0.11825,jsonc
671e39c25e5e3f340a6f21d4,modifying-task-config-3,1746774030707,1746774209905,179.198,2.9866333333333333,jsonc
671e39c25e5e3f340a6f21d4,modifying-task-config-3_post-task-question,1746774210474,1746774218995,8.521,0.14201666666666668,jsonc
671e39c25e5e3f340a6f21d4,modifying-task-config-4,1746774219370,1746774842906,623.536,10.392266666666666,jsonc
671e39c25e5e3f340a6f21d4,modifying-task-config-4_post-task-question,1746774843474,1746774851093,7.619,0.12698333333333334,jsonc
671e39c25e5e3f340a6f21d4,$nasa-tlx.co.nasa-tlx,1746774851989,1746774892637,40.648,0.6774666666666668,jsonc
671e39c25e5e3f340a6f21d4,post-task-survey-tlx,1746774893345,1746775379288,485.943,8.09905,jsonc
671e39c25e5e3f340a6f21d4,unqualified,0,-1,-0.001,-1.6666666666666667e-05,jsonc
5fb4fcd1fce53c30649dd704,introduction,1746767311667,1746767355455,43.788,0.7297999999999999,xml
5fb4fcd1fce53c30649dd704,qualifications,1746767355739,1746767369276,13.537,0.2256166666666667,xml
5fb4fcd1fce53c30649dd704,consent,1746767369555,1746767402143,32.588,0.5431333333333334,xml
5fb4fcd1fce53c30649dd704,task,1746767402384,1746767509099,106.715,1.7785833333333334,xml
5fb4fcd1fce53c30649dd704,writing-task-NL,1746767509283,1746767758534,249.251,4.154183333333333,xml
5fb4fcd1fce53c30649dd704,writing-task-NL_post-task-question,1746767758751,1746767776182,17.431,0.2905166666666667,xml
5fb4fcd1fce53c30649dd704,tutorial-part1,1746767776465,1746768197659,421.194,7.019900000000001,xml
5fb4fcd1fce53c30649dd704,tutorial-part2,1746768197880,1746768409116,211.236,3.5206,xml
5fb4fcd1fce53c30649dd704,reading-task-config-1,1746768409338,1746768462870,53.532,0.8922,xml
5fb4fcd1fce53c30649dd704,reading-task-config-1_post-task-question,1746768463141,1746768474731,11.59,0.19316666666666665,xml
5fb4fcd1fce53c30649dd704,reading-task-config-2,1746768474861,1746768576227,101.366,1.6894333333333333,xml
5fb4fcd1fce53c30649dd704,reading-task-config-2_post-task-question,1746768576526,1746768582790,6.264,0.1044,xml
5fb4fcd1fce53c30649dd704,reading-task-config-3,1746768582963,1746768645762,62.799,1.04665,xml
5fb4fcd1fce53c30649dd704,reading-task-config-3_post-task-question,1746768646020,1746768651568,5.548,0.09246666666666667,xml
5fb4fcd1fce53c30649dd704,reading-task-config-4,1746768651753,1746768763029,111.276,1.8546,xml
5fb4fcd1fce53c30649dd704,reading-task-config-4_post-task-question,1746768763324,1746768771058,7.734,0.1289,xml
5fb4fcd1fce53c30649dd704,reading-task-config-5,1746768771249,1746768936389,165.14,2.752333333333333,xml
5fb4fcd1fce53c30649dd704,reading-task-config-5_post-task-question,1746768936732,1746768943232,6.5,0.10833333333333334,xml
5fb4fcd1fce53c30649dd704,writing-task-config,1746768943401,1746769677005,733.604,12.226733333333334,xml
5fb4fcd1fce53c30649dd704,writing-task-config_post-task-question,1746769677226,1746769683091,5.865,0.09775,xml
5fb4fcd1fce53c30649dd704,modifying-task-config-1,1746769683247,1746769847836,164.589,2.74315,xml
5fb4fcd1fce53c30649dd704,modifying-task-config-1_post-task-question,1746769848098,1746769855620,7.522,0.12536666666666668,xml
5fb4fcd1fce53c30649dd704,modifying-task-config-2,1746769855783,1746770093017,237.234,3.9539,xml
5fb4fcd1fce53c30649dd704,modifying-task-config-2_post-task-question,1746770093235,1746770100485,7.25,0.12083333333333333,xml
5fb4fcd1fce53c30649dd704,modifying-task-config-3,1746770100651,1746770290515,189.864,3.1644,xml
5fb4fcd1fce53c30649dd704,modifying-task-config-3_post-task-question,1746770290782,1746770297368,6.586,0.10976666666666667,xml
5fb4fcd1fce53c30649dd704,modifying-task-config-4,1746770297524,1746770446991,149.467,2.491116666666667,xml
5fb4fcd1fce53c30649dd704,modifying-task-config-4_post-task-question,1746770447207,1746770454176,6.969,0.11615,xml
5fb4fcd1fce53c30649dd704,$nasa-tlx.co.nasa-tlx,1746770454440,1746770528302,73.862,1.2310333333333332,xml
5fb4fcd1fce53c30649dd704,post-task-survey-tlx,1746770528594,1746770611986,83.392,1.3898666666666666,xml
5fb4fcd1fce53c30649dd704,unqualified,0,-1,-0.001,-1.6666666666666667e-05,xml
67d0251c804fc17732eb948a,introduction,1746767494541,1746767508584,14.043,0.23404999999999998,toml
67d0251c804fc17732eb948a,qualifications,1746767509085,1746767603030,93.945,1.56575,toml
67d0251c804fc17732eb948a,consent,1746767603605,1746767656538,52.933,0.8822166666666666,toml
67d0251c804fc17732eb948a,task,1746767657023,1746767729771,72.748,1.2124666666666668,toml
67d0251c804fc17732eb948a,writing-task-NL,1746767730063,1746767943412,213.349,3.5558166666666664,toml
67d0251c804fc17732eb948a,writing-task-NL_post-task-question,1746767943856,1746767952617,8.761,0.14601666666666666,toml
67d0251c804fc17732eb948a,tutorial-part1,1746767952879,1746768553893,601.014,10.0169,toml
67d0251c804fc17732eb948a,tutorial-part2,1746768554184,1746768818582,264.398,4.406633333333334,toml
67d0251c804fc17732eb948a,reading-task-config-1,1746768818865,1746768874814,55.949,0.9324833333333333,toml
67d0251c804fc17732eb948a,reading-task-config-1_post-task-question,1746768875244,1746768884941,9.697,0.16161666666666666,toml
67d0251c804fc17732eb948a,reading-task-config-2,1746768885227,1746768918697,33.47,0.5578333333333333,toml
67d0251c804fc17732eb948a,reading-task-config-2_post-task-question,1746768919112,1746768927790,8.678,0.14463333333333334,toml
67d0251c804fc17732eb948a,reading-task-config-3,1746768928064,1746768962762,34.698,0.5783,toml
67d0251c804fc17732eb948a,reading-task-config-3_post-task-question,1746768963191,1746768968895,5.704,0.09506666666666666,toml
67d0251c804fc17732eb948a,reading-task-config-4,1746768969122,1746769233219,264.097,4.4016166666666665,toml
67d0251c804fc17732eb948a,reading-task-config-4_post-task-question,1746769233669,1746769241426,7.757,0.12928333333333333,toml
67d0251c804fc17732eb948a,reading-task-config-5,1746769241712,1746769375375,133.663,2.227716666666667,toml
67d0251c804fc17732eb948a,reading-task-config-5_post-task-question,1746769375812,1746769383709,7.897,0.13161666666666666,toml
67d0251c804fc17732eb948a,writing-task-config,1746769383950,1746770111986,728.036,12.133933333333333,toml
67d0251c804fc17732eb948a,writing-task-config_post-task-question,1746770112563,1746770118822,6.259,0.10431666666666667,toml
67d0251c804fc17732eb948a,modifying-task-config-1,1746770119096,1746770207326,88.23,1.4705000000000001,toml
67d0251c804fc17732eb948a,modifying-task-config-1_post-task-question,1746770207743,1746770222505,14.762,0.24603333333333335,toml
67d0251c804fc17732eb948a,modifying-task-config-2,1746770222772,1746770677475,454.703,7.578383333333333,toml
67d0251c804fc17732eb948a,modifying-task-config-2_post-task-question,1746770677998,1746770684708,6.71,0.11183333333333333,toml
67d0251c804fc17732eb948a,modifying-task-config-3,1746770684989,1746770903253,218.264,3.6377333333333337,toml
67d0251c804fc17732eb948a,modifying-task-config-3_post-task-question,1746770903753,1746770917366,13.613,0.22688333333333333,toml
67d0251c804fc17732eb948a,modifying-task-config-4,1746770917675,1746771518374,600.699,10.01165,toml
67d0251c804fc17732eb948a,modifying-task-config-4_post-task-question,1746771519035,1746771525915,6.88,0.11466666666666667,toml
67d0251c804fc17732eb948a,$nasa-tlx.co.nasa-tlx,1746771526454,1746771557949,31.495,0.5249166666666667,toml
67d0251c804fc17732eb948a,post-task-survey-tlx,1746771558584,1746771679861,121.277,2.0212833333333333,toml
67d0251c804fc17732eb948a,unqualified,0,-1,-0.001,-1.6666666666666667e-05,toml
67d11644421446068e1fec14,introduction,1747336653128,1747336670468,17.34,0.289,toml
67d11644421446068e1fec14,qualifications,1747336671038,1747336678637,7.599,0.12665,toml
67d11644421446068e1fec14,consent,1747336678938,1747336691337,12.399,0.20664999999999997,toml
67d11644421446068e1fec14,task,1747336691734,1747336702434,10.7,0.17833333333333332,toml
67d11644421446068e1fec14,writing-task-NL,1747336702585,1747337061206,358.621,5.977016666666667,toml
67d11644421446068e1fec14,writing-task-NL_post-task-question,1747337061365,1747337078933,17.568,0.2928,toml
67d11644421446068e1fec14,tutorial-part1,1747337079008,1747337125950,46.942,0.7823666666666667,toml
67d11644421446068e1fec14,tutorial-part2,1747337126091,1747337167037,40.946,0.6824333333333333,toml
67d11644421446068e1fec14,reading-task-config-1,1747337167132,1747337323022,155.89,2.5981666666666663,toml
67d11644421446068e1fec14,reading-task-config-1_post-task-question,1747337323156,1747337328278,5.122,0.08536666666666666,toml
67d11644421446068e1fec14,reading-task-config-2,1747337328363,1747337346338,17.975,0.29958333333333337,toml
67d11644421446068e1fec14,reading-task-config-2_post-task-question,1747337346531,1747337349997,3.466,0.05776666666666667,toml
67d11644421446068e1fec14,reading-task-config-3,1747337350086,1747337401476,51.39,0.8565,toml
67d11644421446068e1fec14,reading-task-config-3_post-task-question,1747337401623,1747337405385,3.762,0.0627,toml
67d11644421446068e1fec14,reading-task-config-4,1747337405457,1747337487713,82.256,1.3709333333333333,toml
67d11644421446068e1fec14,reading-task-config-4_post-task-question,1747337487857,1747337492733,4.876,0.08126666666666667,toml
67d11644421446068e1fec14,reading-task-config-5,1747337492809,1747337540324,47.515,0.7919166666666667,toml
67d11644421446068e1fec14,reading-task-config-5_post-task-question,1747337540474,1747337544280,3.806,0.06343333333333333,toml
67d11644421446068e1fec14,writing-task-config,1747337544367,1747337951575,407.208,6.7868,toml
67d11644421446068e1fec14,writing-task-config_post-task-question,1747337951744,1747337957876,6.132,0.1022,toml
67d11644421446068e1fec14,modifying-task-config-1,1747337957964,1747338038533,80.569,1.3428166666666668,toml
67d11644421446068e1fec14,modifying-task-config-1_post-task-question,1747338038674,1747338042132,3.458,0.057633333333333335,toml
67d11644421446068e1fec14,modifying-task-config-2,1747338042207,1747338463649,421.442,7.024033333333334,toml
67d11644421446068e1fec14,modifying-task-config-2_post-task-question,1747338463791,1747338468135,4.344,0.0724,toml
67d11644421446068e1fec14,modifying-task-config-3,1747338468217,1747338576499,108.282,1.8047,toml
67d11644421446068e1fec14,modifying-task-config-3_post-task-question,1747338576652,1747338580379,3.727,0.06211666666666667,toml
67d11644421446068e1fec14,modifying-task-config-4,1747338580469,1747339219681,639.212,10.653533333333334,toml
67d11644421446068e1fec14,modifying-task-config-4_post-task-question,1747339219858,1747339223903,4.045,0.06741666666666667,toml
67d11644421446068e1fec14,$nasa-tlx.co.nasa-tlx,1747339224058,1747339253391,29.333,0.4888833333333333,toml
67d11644421446068e1fec14,post-task-survey-tlx,1747339253624,1747339305131,51.507,0.8584499999999999,toml
67d11644421446068e1fec14,unqualified,0,-1,-0.001,-1.6666666666666667e-05,toml
67d0088c269b3e96d9ba6019,introduction,1746769680236,1746769708318,28.082,0.46803333333333336,hjson
67d0088c269b3e96d9ba6019,qualifications,1746769708789,1746769713527,4.738,0.07896666666666667,hjson
67d0088c269b3e96d9ba6019,consent,1746769713937,1746769736719,22.782,0.3797,hjson
67d0088c269b3e96d9ba6019,task,1746769737132,1746769763185,26.053,0.4342166666666667,hjson
67d0088c269b3e96d9ba6019,writing-task-NL,1746769763420,1746770102000,338.58,5.643,hjson
67d0088c269b3e96d9ba6019,writing-task-NL_post-task-question,1746770102585,1746770118384,15.799,0.26331666666666664,hjson
67d0088c269b3e96d9ba6019,tutorial-part1,1746770118707,1746770411736,293.029,4.883816666666666,hjson
67d0088c269b3e96d9ba6019,tutorial-part2,1746770412034,1746770840741,428.707,7.145116666666667,hjson
67d0088c269b3e96d9ba6019,reading-task-config-1,1746770841098,1746771334527,493.429,8.223816666666666,hjson
67d0088c269b3e96d9ba6019,reading-task-config-1_post-task-question,1746771335009,1746771353536,18.527,0.30878333333333335,hjson
67d0088c269b3e96d9ba6019,reading-task-config-2,1746771353851,1746771392682,38.831,0.6471833333333333,hjson
67d0088c269b3e96d9ba6019,reading-task-config-2_post-task-question,1746771393160,1746771399430,6.27,0.1045,hjson
67d0088c269b3e96d9ba6019,reading-task-config-3,1746771399750,1746771426173,26.423,0.4403833333333333,hjson
67d0088c269b3e96d9ba6019,reading-task-config-3_post-task-question,1746771426620,1746771433327,6.707,0.11178333333333333,hjson
67d0088c269b3e96d9ba6019,reading-task-config-4,1746771433631,1746771546367,112.736,1.8789333333333333,hjson
67d0088c269b3e96d9ba6019,reading-task-config-4_post-task-question,1746771546893,1746771552711,5.818,0.09696666666666666,hjson
67d0088c269b3e96d9ba6019,reading-task-config-5,1746771552964,1746771629414,76.45,1.2741666666666667,hjson
67d0088c269b3e96d9ba6019,reading-task-config-5_post-task-question,1746771629853,1746771646083,16.23,0.2705,hjson
67d0088c269b3e96d9ba6019,writing-task-config,1746771646469,1746772760262,1113.793,18.563216666666666,hjson
67d0088c269b3e96d9ba6019,writing-task-config_post-task-question,1746772761000,1746772767981,6.981,0.11635,hjson
67d0088c269b3e96d9ba6019,modifying-task-config-1,1746772768275,1746772964089,195.814,3.2635666666666667,hjson
67d0088c269b3e96d9ba6019,modifying-task-config-1_post-task-question,1746772964738,1746772972578,7.84,0.13066666666666665,hjson
67d0088c269b3e96d9ba6019,modifying-task-config-2,1746772972875,1746773259834,286.959,4.78265,hjson
67d0088c269b3e96d9ba6019,modifying-task-config-2_post-task-question,1746773260341,1746773266429,6.088,0.10146666666666666,hjson
67d0088c269b3e96d9ba6019,modifying-task-config-3,1746773266750,1746773719682,452.932,7.548866666666667,hjson
67d0088c269b3e96d9ba6019,modifying-task-config-3_post-task-question,1746773720485,1746773725683,5.198,0.08663333333333334,hjson
67d0088c269b3e96d9ba6019,modifying-task-config-4,1746773725999,1746773919107,193.108,3.2184666666666666,hjson
67d0088c269b3e96d9ba6019,modifying-task-config-4_post-task-question,1746773919725,1746773924098,4.373,0.07288333333333334,hjson
67d0088c269b3e96d9ba6019,$nasa-tlx.co.nasa-tlx,1746773924660,1746773993796,69.136,1.1522666666666666,hjson
67d0088c269b3e96d9ba6019,post-task-survey-tlx,1746773994435,1746774132003,137.568,2.2928,hjson
67d0088c269b3e96d9ba6019,unqualified,0,-1,-0.001,-1.6666666666666667e-05,hjson
678a94ff1cf9f0775cb89e69,introduction,1747172814938,1747172843718,28.78,0.4796666666666667,hjson
678a94ff1cf9f0775cb89e69,qualifications,1747172844345,1747172851645,7.3,0.12166666666666666,hjson
678a94ff1cf9f0775cb89e69,consent,1747172852167,1747172997651,145.484,2.4247333333333336,hjson
678a94ff1cf9f0775cb89e69,task,1747172998346,1747173394706,396.36,6.606,hjson
678a94ff1cf9f0775cb89e69,writing-task-NL,1747173395071,1747173608112,213.041,3.550683333333333,hjson
678a94ff1cf9f0775cb89e69,writing-task-NL_post-task-question,1747173608854,1747173616684,7.83,0.1305,hjson
678a94ff1cf9f0775cb89e69,tutorial-part1,1747173617026,1747173850135,233.109,3.8851500000000003,hjson
678a94ff1cf9f0775cb89e69,tutorial-part2,1747173850521,1747174176879,326.358,5.4393,hjson
678a94ff1cf9f0775cb89e69,reading-task-config-1,1747174177251,1747174210799,33.548,0.5591333333333334,hjson
678a94ff1cf9f0775cb89e69,reading-task-config-1_post-task-question,1747174211462,1747174219080,7.618,0.12696666666666667,hjson
678a94ff1cf9f0775cb89e69,reading-task-config-2,1747174219432,1747174228394,8.962,0.14936666666666668,hjson
678a94ff1cf9f0775cb89e69,reading-task-config-2_post-task-question,1747174228905,1747174237458,8.553,0.14255,hjson
678a94ff1cf9f0775cb89e69,reading-task-config-3,1747174237779,1747174249674,11.895,0.19824999999999998,hjson
678a94ff1cf9f0775cb89e69,reading-task-config-3_post-task-question,1747174250134,1747174256824,6.69,0.1115,hjson
678a94ff1cf9f0775cb89e69,reading-task-config-4,1747174257210,1747174284667,27.457,0.45761666666666667,hjson
678a94ff1cf9f0775cb89e69,reading-task-config-4_post-task-question,1747174285182,1747174294132,8.95,0.14916666666666664,hjson
678a94ff1cf9f0775cb89e69,reading-task-config-5,1747174294484,1747174328559,34.075,0.5679166666666667,hjson
678a94ff1cf9f0775cb89e69,reading-task-config-5_post-task-question,1747174329037,1747174337673,8.636,0.14393333333333333,hjson
678a94ff1cf9f0775cb89e69,writing-task-config,1747174337988,1747174879642,541.654,9.027566666666667,hjson
678a94ff1cf9f0775cb89e69,writing-task-config_post-task-question,1747174880137,1747174886151,6.014,0.10023333333333334,hjson
678a94ff1cf9f0775cb89e69,modifying-task-config-1,1747174886459,1747174957573,71.114,1.1852333333333334,hjson
678a94ff1cf9f0775cb89e69,modifying-task-config-1_post-task-question,1747174958104,1747174965784,7.68,0.128,hjson
678a94ff1cf9f0775cb89e69,modifying-task-config-2,1747174966104,1747174996312,30.208,0.5034666666666666,hjson
678a94ff1cf9f0775cb89e69,modifying-task-config-2_post-task-question,1747174996812,1747175003162,6.35,0.10583333333333332,hjson
678a94ff1cf9f0775cb89e69,modifying-task-config-3,1747175003480,1747175045806,42.326,0.7054333333333334,hjson
678a94ff1cf9f0775cb89e69,modifying-task-config-3_post-task-question,1747175046320,1747175052485,6.165,0.10275,hjson
678a94ff1cf9f0775cb89e69,modifying-task-config-4,1747175052818,1747175069016,16.198,0.2699666666666667,hjson
678a94ff1cf9f0775cb89e69,modifying-task-config-4_post-task-question,1747175069530,1747175075081,5.551,0.09251666666666666,hjson
678a94ff1cf9f0775cb89e69,$nasa-tlx.co.nasa-tlx,1747175075616,1747175095594,19.978,0.3329666666666667,hjson
678a94ff1cf9f0775cb89e69,post-task-survey-tlx,1747175096186,1747175156964,60.778,1.0129666666666666,hjson
678a94ff1cf9f0775cb89e69,unqualified,0,-1,-0.001,-1.6666666666666667e-05,hjson
67176f0792ed8c4064f61a2c,introduction,1746773986145,1746774034588,48.443,0.8073833333333333,json
67176f0792ed8c4064f61a2c,qualifications,1746774035161,1746774054955,19.794,0.3299,json
67176f0792ed8c4064f61a2c,consent,1746774055351,1746774142012,86.661,1.44435,json
67176f0792ed8c4064f61a2c,task,1746774142531,1746774332422,189.891,3.16485,json
67176f0792ed8c4064f61a2c,writing-task-NL,1746774332742,1746774692949,360.207,6.00345,json
67176f0792ed8c4064f61a2c,writing-task-NL_post-task-question,1746774693415,1746774708478,15.063,0.25105,json
67176f0792ed8c4064f61a2c,tutorial-part1,1746774708717,1746775362943,654.226,10.903766666666666,json
67176f0792ed8c4064f61a2c,tutorial-part2,1746775363511,1746775599621,236.11,3.935166666666667,json
67176f0792ed8c4064f61a2c,reading-task-config-1,1746775600120,1746775753537,153.417,2.55695,json
67176f0792ed8c4064f61a2c,reading-task-config-1_post-task-question,1746775753992,1746775761524,7.532,0.12553333333333333,json
67176f0792ed8c4064f61a2c,reading-task-config-2,1746775761771,1746775817472,55.701,0.92835,json
67176f0792ed8c4064f61a2c,reading-task-config-2_post-task-question,1746775817957,1746775824109,6.152,0.10253333333333334,json
67176f0792ed8c4064f61a2c,reading-task-config-3,1746775824362,1746775865654,41.292,0.6882,json
67176f0792ed8c4064f61a2c,reading-task-config-3_post-task-question,1746775866156,1746775875321,9.165,0.15275,json
67176f0792ed8c4064f61a2c,reading-task-config-4,1746775875575,1746776130322,254.747,4.245783333333334,json
67176f0792ed8c4064f61a2c,reading-task-config-4_post-task-question,1746776130883,1746776141464,10.581,0.17634999999999998,json
67176f0792ed8c4064f61a2c,reading-task-config-5,1746776141765,1746776196713,54.948,0.9158000000000001,json
67176f0792ed8c4064f61a2c,reading-task-config-5_post-task-question,1746776197185,1746776201726,4.541,0.07568333333333334,json
67176f0792ed8c4064f61a2c,writing-task-config,1746776201974,1746777807791,1605.817,26.763616666666667,json
67176f0792ed8c4064f61a2c,writing-task-config_post-task-question,1746777808260,1746777816293,8.033,0.13388333333333333,json
67176f0792ed8c4064f61a2c,modifying-task-config-1,1746777816549,1746777922012,105.463,1.7577166666666666,json
67176f0792ed8c4064f61a2c,modifying-task-config-1_post-task-question,1746777922485,1746777929050,6.565,0.10941666666666668,json
67176f0792ed8c4064f61a2c,modifying-task-config-2,1746777929301,1746778187858,258.557,4.309283333333334,json
67176f0792ed8c4064f61a2c,modifying-task-config-2_post-task-question,1746778188329,1746778193564,5.235,0.08725000000000001,json
67176f0792ed8c4064f61a2c,modifying-task-config-3,1746778193851,1746778239108,45.257,0.7542833333333333,json
67176f0792ed8c4064f61a2c,modifying-task-config-3_post-task-question,1746778239662,1746778244950,5.288,0.08813333333333334,json
67176f0792ed8c4064f61a2c,modifying-task-config-4,1746778245225,1746778371105,125.88,2.098,json
67176f0792ed8c4064f61a2c,modifying-task-config-4_post-task-question,1746778371569,1746778379940,8.371,0.13951666666666668,json
67176f0792ed8c4064f61a2c,$nasa-tlx.co.nasa-tlx,1746778380354,1746778406465,26.111,0.43518333333333337,json
67176f0792ed8c4064f61a2c,post-task-survey-tlx,1746778407080,1746778527807,120.727,2.0121166666666666,json
67176f0792ed8c4064f61a2c,unqualified,0,-1,-0.001,-1.6666666666666667e-05,json
678526627e48ded12935af38,introduction,1746768778278,1746768805741,27.463,0.45771666666666666,yaml
678526627e48ded12935af38,qualifications,1746768806130,1746768812592,6.462,0.10769999999999999,yaml
678526627e48ded12935af38,consent,1746768812938,1746768837429,24.491,0.40818333333333334,yaml
678526627e48ded12935af38,task,1746768837859,1746768880099,42.24,0.7040000000000001,yaml
678526627e48ded12935af38,writing-task-NL,1746768880304,1746769069342,189.038,3.1506333333333334,yaml
678526627e48ded12935af38,writing-task-NL_post-task-question,1746769069797,1746769087203,17.406,0.29009999999999997,yaml
678526627e48ded12935af38,tutorial-part1,1746769087396,1746769189188,101.792,1.6965333333333334,yaml
678526627e48ded12935af38,tutorial-part2,1746769189413,1746769242910,53.497,0.8916166666666666,yaml
678526627e48ded12935af38,reading-task-config-1,1746769243123,1746769268286,25.163,0.41938333333333333,yaml
678526627e48ded12935af38,reading-task-config-1_post-task-question,1746769268610,1746769278898,10.288,0.17146666666666668,yaml
678526627e48ded12935af38,reading-task-config-2,1746769279094,1746769297863,18.769,0.31281666666666663,yaml
678526627e48ded12935af38,reading-task-config-2_post-task-question,1746769298201,1746769308179,9.978,0.1663,yaml
678526627e48ded12935af38,reading-task-config-3,1746769308398,1746769325076,16.678,0.2779666666666667,yaml
678526627e48ded12935af38,reading-task-config-3_post-task-question,1746769325419,1746769330231,4.812,0.08020000000000001,yaml
678526627e48ded12935af38,reading-task-config-4,1746769330427,1746769384218,53.791,0.8965166666666666,yaml
678526627e48ded12935af38,reading-task-config-4_post-task-question,1746769384576,1746769390034,5.458,0.09096666666666667,yaml
678526627e48ded12935af38,reading-task-config-5,1746769390258,1746769435240,44.982,0.7497,yaml
678526627e48ded12935af38,reading-task-config-5_post-task-question,1746769435573,1746769440227,4.654,0.07756666666666666,yaml
678526627e48ded12935af38,writing-task-config,1746769440408,1746769798366,357.958,5.9659666666666675,yaml
678526627e48ded12935af38,writing-task-config_post-task-question,1746769798763,1746769810339,11.576,0.19293333333333335,yaml
678526627e48ded12935af38,modifying-task-config-1,1746769810539,1746769866431,55.892,0.9315333333333334,yaml
678526627e48ded12935af38,modifying-task-config-1_post-task-question,1746769866822,1746769871655,4.833,0.08055,yaml
678526627e48ded12935af38,modifying-task-config-2,1746769871831,1746772675141,2803.31,46.72183333333333,yaml
678526627e48ded12935af38,modifying-task-config-2_post-task-question,1746772675617,1746772682033,6.416,0.10693333333333334,yaml
678526627e48ded12935af38,modifying-task-config-3,1746772682394,1746772937891,255.497,4.258283333333334,yaml
678526627e48ded12935af38,modifying-task-config-3_post-task-question,1746772938427,1746772944557,6.13,0.10216666666666667,yaml
678526627e48ded12935af38,modifying-task-config-4,1746772944912,1746773045729,100.817,1.6802833333333331,yaml
678526627e48ded12935af38,modifying-task-config-4_post-task-question,1746773046189,1746773052441,6.252,0.1042,yaml
678526627e48ded12935af38,$nasa-tlx.co.nasa-tlx,1746773052982,1746773094302,41.32,0.6886666666666666,yaml
678526627e48ded12935af38,post-task-survey-tlx,1746773094985,1746773211652,116.667,1.94445,yaml
678526627e48ded12935af38,unqualified,0,-1,-0.001,-1.6666666666666667e-05,yaml
6738d09a032bf7224008ce7e,introduction,1747334722181,1747334791360,69.179,1.1529833333333335,yaml
6738d09a032bf7224008ce7e,qualifications,1747334791687,1747334837339,45.652,0.7608666666666667,yaml
6738d09a032bf7224008ce7e,consent,1747334837582,1747335160134,322.552,5.375866666666667,yaml
6738d09a032bf7224008ce7e,task,1747335160474,1747335285235,124.761,2.07935,yaml
6738d09a032bf7224008ce7e,writing-task-NL,1747335285557,1747335837918,552.361,9.206016666666667,yaml
6738d09a032bf7224008ce7e,writing-task-NL_post-task-question,1747335838248,1747335856449,18.201,0.30335,yaml
6738d09a032bf7224008ce7e,tutorial-part1,1747335856581,1747337059506,1202.925,20.04875,yaml
6738d09a032bf7224008ce7e,tutorial-part2,1747337059686,1747337388292,328.606,5.476766666666666,yaml
6738d09a032bf7224008ce7e,reading-task-config-1,1747337388572,1747337516448,127.876,2.131266666666667,yaml
6738d09a032bf7224008ce7e,reading-task-config-1_post-task-question,1747337516742,1747337523016,6.274,0.10456666666666667,yaml
6738d09a032bf7224008ce7e,reading-task-config-2,1747337523192,1747337755352,232.16,3.869333333333333,yaml
6738d09a032bf7224008ce7e,reading-task-config-2_post-task-question,1747337755754,1747337761993,6.239,0.10398333333333333,yaml
6738d09a032bf7224008ce7e,reading-task-config-3,1747337762155,1747337833342,71.187,1.18645,yaml
6738d09a032bf7224008ce7e,reading-task-config-3_post-task-question,1747337833685,1747337840838,7.153,0.11921666666666667,yaml
6738d09a032bf7224008ce7e,reading-task-config-4,1747337841022,1747337948489,107.467,1.7911166666666667,yaml
6738d09a032bf7224008ce7e,reading-task-config-4_post-task-question,1747337948886,1747337954071,5.185,0.08641666666666666,yaml
6738d09a032bf7224008ce7e,reading-task-config-5,1747337954253,1747338114860,160.607,2.6767833333333333,yaml
6738d09a032bf7224008ce7e,reading-task-config-5_post-task-question,1747338115155,1747338120836,5.681,0.09468333333333333,yaml
6738d09a032bf7224008ce7e,writing-task-config,1747338121011,1747338545622,424.611,7.076849999999999,yaml
6738d09a032bf7224008ce7e,writing-task-config_post-task-question,1747338545943,1747338551423,5.48,0.09133333333333334,yaml
6738d09a032bf7224008ce7e,modifying-task-config-1,1747338551625,1747338991585,439.96,7.332666666666666,yaml
6738d09a032bf7224008ce7e,modifying-task-config-1_post-task-question,1747338992018,1747339000113,8.095,0.13491666666666668,yaml
6738d09a032bf7224008ce7e,modifying-task-config-2,1747339000325,1747339897962,897.637,14.960616666666665,yaml
6738d09a032bf7224008ce7e,modifying-task-config-2_post-task-question,1747339898375,1747339904820,6.445,0.10741666666666667,yaml
6738d09a032bf7224008ce7e,modifying-task-config-3,1747339904973,1747340222276,317.303,5.288383333333333,yaml
6738d09a032bf7224008ce7e,modifying-task-config-3_post-task-question,1747340222647,1747340231904,9.257,0.15428333333333333,yaml
6738d09a032bf7224008ce7e,modifying-task-config-4,1747340232143,1747340475635,243.492,4.0582,yaml
6738d09a032bf7224008ce7e,modifying-task-config-4_post-task-question,1747340476119,1747340482208,6.089,0.10148333333333334,yaml
6738d09a032bf7224008ce7e,$nasa-tlx.co.nasa-tlx,1747340482514,1747340507986,25.472,0.4245333333333334,yaml
6738d09a032bf7224008ce7e,post-task-survey-tlx,1747340508592,1747340625245,116.653,1.9442166666666667,yaml
6738d09a032bf7224008ce7e,unqualified,0,-1,-0.001,-1.6666666666666667e-05,yaml
62d6d87d91cf24a3c1c0f10c,introduction,1747335412022,1747335433624,21.602,0.3600333333333333,hjson
62d6d87d91cf24a3c1c0f10c,qualifications,1747335433859,1747335439687,5.828,0.09713333333333334,hjson
62d6d87d91cf24a3c1c0f10c,consent,1747335439894,1747335480573,40.679,0.6779833333333334,hjson
62d6d87d91cf24a3c1c0f10c,task,1747335480812,1747335518188,37.376,0.6229333333333333,hjson
62d6d87d91cf24a3c1c0f10c,writing-task-NL,1747335518300,1747335633076,114.776,1.9129333333333334,hjson
62d6d87d91cf24a3c1c0f10c,writing-task-NL_post-task-question,1747335633280,1747335639559,6.279,0.10464999999999999,hjson
62d6d87d91cf24a3c1c0f10c,tutorial-part1,1747335639670,1747335886197,246.527,4.108783333333333,hjson
62d6d87d91cf24a3c1c0f10c,tutorial-part2,1747335886319,1747335939883,53.564,0.8927333333333334,hjson
62d6d87d91cf24a3c1c0f10c,reading-task-config-1,1747335939997,1747335959138,19.141,0.3190166666666666,hjson
62d6d87d91cf24a3c1c0f10c,reading-task-config-1_post-task-question,1747335959364,1747335963858,4.494,0.0749,hjson
62d6d87d91cf24a3c1c0f10c,reading-task-config-2,1747335963999,1747336045823,81.824,1.3637333333333332,hjson
62d6d87d91cf24a3c1c0f10c,reading-task-config-2_post-task-question,1747336046028,1747336049927,3.899,0.06498333333333334,hjson
62d6d87d91cf24a3c1c0f10c,reading-task-config-3,1747336050037,1747336058678,8.641,0.14401666666666665,hjson
62d6d87d91cf24a3c1c0f10c,reading-task-config-3_post-task-question,1747336058860,1747336062862,4.002,0.0667,hjson
62d6d87d91cf24a3c1c0f10c,reading-task-config-4,1747336062981,1747336131395,68.414,1.1402333333333334,hjson
62d6d87d91cf24a3c1c0f10c,reading-task-config-4_post-task-question,1747336131594,1747336140155,8.561,0.14268333333333333,hjson
62d6d87d91cf24a3c1c0f10c,reading-task-config-5,1747336140271,1747336167170,26.899,0.4483166666666667,hjson
62d6d87d91cf24a3c1c0f10c,reading-task-config-5_post-task-question,1747336167364,1747336171842,4.478,0.07463333333333333,hjson
62d6d87d91cf24a3c1c0f10c,writing-task-config,1747336171941,1747337424212,1252.271,20.87118333333333,hjson
62d6d87d91cf24a3c1c0f10c,writing-task-config_post-task-question,1747337424447,1747337430270,5.823,0.09705000000000001,hjson
62d6d87d91cf24a3c1c0f10c,modifying-task-config-1,1747337430383,1747337486996,56.613,0.94355,hjson
62d6d87d91cf24a3c1c0f10c,modifying-task-config-1_post-task-question,1747337487207,1747337495547,8.34,0.13899999999999998,hjson
62d6d87d91cf24a3c1c0f10c,modifying-task-config-2,1747337495671,1747337611592,115.921,1.9320166666666667,hjson
62d6d87d91cf24a3c1c0f10c,modifying-task-config-2_post-task-question,1747337611853,1747337616910,5.057,0.08428333333333334,hjson
62d6d87d91cf24a3c1c0f10c,modifying-task-config-3,1747337617029,1747337701635,84.606,1.4101,hjson
62d6d87d91cf24a3c1c0f10c,modifying-task-config-3_post-task-question,1747337701894,1747337709370,7.476,0.1246,hjson
62d6d87d91cf24a3c1c0f10c,modifying-task-config-4,1747337709494,1747338076590,367.096,6.118266666666667,hjson
62d6d87d91cf24a3c1c0f10c,modifying-task-config-4_post-task-question,1747338076809,1747338082643,5.834,0.09723333333333332,hjson
62d6d87d91cf24a3c1c0f10c,$nasa-tlx.co.nasa-tlx,1747338082865,1747338097955,15.09,0.2515,hjson
62d6d87d91cf24a3c1c0f10c,post-task-survey-tlx,1747338098308,1747338138681,40.373,0.6728833333333333,hjson
62d6d87d91cf24a3c1c0f10c,unqualified,0,-1,-0.001,-1.6666666666666667e-05,hjson
67c6ed1e12728e4fe7a1edf6,introduction,1747172598562,1747172610165,11.603,0.19338333333333332,jsonc
67c6ed1e12728e4fe7a1edf6,qualifications,1747172610411,1747172618908,8.497,0.14161666666666667,jsonc
67c6ed1e12728e4fe7a1edf6,consent,1747172619100,1747172636969,17.869,0.2978166666666667,jsonc
67c6ed1e12728e4fe7a1edf6,task,1747172637204,1747172788744,151.54,2.5256666666666665,jsonc
67c6ed1e12728e4fe7a1edf6,writing-task-NL,1747172788877,1747172985993,197.116,3.285266666666667,jsonc
67c6ed1e12728e4fe7a1edf6,writing-task-NL_post-task-question,1747172986214,1747172992614,6.4,0.10666666666666667,jsonc
67c6ed1e12728e4fe7a1edf6,tutorial-part1,1747172992719,1747173324802,332.083,5.534716666666667,jsonc
67c6ed1e12728e4fe7a1edf6,tutorial-part2,1747173324945,1747173582747,257.802,4.2967,jsonc
67c6ed1e12728e4fe7a1edf6,reading-task-config-1,1747173582926,1747174194268,611.342,10.189033333333333,jsonc
67c6ed1e12728e4fe7a1edf6,reading-task-config-1_post-task-question,1747174194486,1747174205692,11.206,0.18676666666666666,jsonc
67c6ed1e12728e4fe7a1edf6,reading-task-config-2,1747174205806,1747175234154,1028.348,17.139133333333334,jsonc
67c6ed1e12728e4fe7a1edf6,reading-task-config-2_post-task-question,1747175234372,1747175247108,12.736,0.2122666666666667,jsonc
67c6ed1e12728e4fe7a1edf6,reading-task-config-3,1747175247221,1747175849492,602.271,10.037849999999999,jsonc
67c6ed1e12728e4fe7a1edf6,reading-task-config-3_post-task-question,1747175849710,1747175854023,4.313,0.07188333333333333,jsonc
67c6ed1e12728e4fe7a1edf6,reading-task-config-4,1747175854135,1747175976516,122.381,2.0396833333333335,jsonc
67c6ed1e12728e4fe7a1edf6,reading-task-config-4_post-task-question,1747175976752,1747175981590,4.838,0.08063333333333333,jsonc
67c6ed1e12728e4fe7a1edf6,reading-task-config-5,1747175981696,1747176161736,180.04,3.0006666666666666,jsonc
67c6ed1e12728e4fe7a1edf6,reading-task-config-5_post-task-question,1747176161959,1747176171015,9.056,0.1509333333333333,jsonc
67c6ed1e12728e4fe7a1edf6,writing-task-config,1747176171127,1747176605110,433.983,7.23305,jsonc
67c6ed1e12728e4fe7a1edf6,writing-task-config_post-task-question,1747176605336,1747176610069,4.733,0.07888333333333333,jsonc
67c6ed1e12728e4fe7a1edf6,modifying-task-config-1,1747176610176,1747177107994,497.818,8.296966666666666,jsonc
67c6ed1e12728e4fe7a1edf6,modifying-task-config-1_post-task-question,1747177108229,1747177113146,4.917,0.08195,jsonc
67c6ed1e12728e4fe7a1edf6,modifying-task-config-2,1747177113265,1747177656623,543.358,9.055966666666666,jsonc
67c6ed1e12728e4fe7a1edf6,modifying-task-config-2_post-task-question,1747177656859,1747177662942,6.083,0.10138333333333334,jsonc
67c6ed1e12728e4fe7a1edf6,modifying-task-config-3,1747177663072,1747177840344,177.272,2.954533333333333,jsonc
67c6ed1e12728e4fe7a1edf6,modifying-task-config-3_post-task-question,1747177840587,1747177846694,6.107,0.10178333333333334,jsonc
67c6ed1e12728e4fe7a1edf6,modifying-task-config-4,1747177846815,1747178138740,291.925,4.8654166666666665,jsonc
67c6ed1e12728e4fe7a1edf6,modifying-task-config-4_post-task-question,1747178138990,1747178147152,8.162,0.13603333333333334,jsonc
67c6ed1e12728e4fe7a1edf6,$nasa-tlx.co.nasa-tlx,1747178147399,1747178172866,25.467,0.42445,jsonc
67c6ed1e12728e4fe7a1edf6,post-task-survey-tlx,1747178173195,1747178304368,131.173,2.1862166666666667,jsonc
67c6ed1e12728e4fe7a1edf6,unqualified,0,-1,-0.001,-1.6666666666666667e-05,jsonc
672b5998daafdbf9c43a531b,introduction,1746769872310,1746769891557,19.247,0.3207833333333333,jsonc
672b5998daafdbf9c43a531b,qualifications,1746769891833,1746769960611,68.778,1.1463,jsonc
672b5998daafdbf9c43a531b,consent,1746769960881,1746769991833,30.952,0.5158666666666667,jsonc
672b5998daafdbf9c43a531b,task,1746769992088,1746770008949,16.861,0.2810166666666667,jsonc
672b5998daafdbf9c43a531b,writing-task-NL,1746770009087,1746770497930,488.843,8.147383333333334,jsonc
672b5998daafdbf9c43a531b,writing-task-NL_post-task-question,1746770498396,1746770511727,13.331,0.22218333333333332,jsonc
672b5998daafdbf9c43a531b,tutorial-part1,1746770511868,1746770552590,40.722,0.6787,jsonc
672b5998daafdbf9c43a531b,tutorial-part2,1746770552746,1746770580409,27.663,0.46105,jsonc
672b5998daafdbf9c43a531b,reading-task-config-1,1746770580578,1746770596756,16.178,0.26963333333333334,jsonc
672b5998daafdbf9c43a531b,reading-task-config-1_post-task-question,1746770597024,1746770605869,8.845,0.14741666666666667,jsonc
672b5998daafdbf9c43a531b,reading-task-config-2,1746770606013,1746770619090,13.077,0.21795,jsonc
672b5998daafdbf9c43a531b,reading-task-config-2_post-task-question,1746770619324,1746770627104,7.78,0.12966666666666668,jsonc
672b5998daafdbf9c43a531b,reading-task-config-3,1746770627255,1746770644851,17.596,0.2932666666666667,jsonc
672b5998daafdbf9c43a531b,reading-task-config-3_post-task-question,1746770645097,1746770651251,6.154,0.10256666666666667,jsonc
672b5998daafdbf9c43a531b,reading-task-config-4,1746770651390,1746770670361,18.971,0.3161833333333333,jsonc
672b5998daafdbf9c43a531b,reading-task-config-4_post-task-question,1746770670651,1746770677015,6.364,0.10606666666666667,jsonc
672b5998daafdbf9c43a531b,reading-task-config-5,1746770677174,1746770686795,9.621,0.16035000000000002,jsonc
672b5998daafdbf9c43a531b,reading-task-config-5_post-task-question,1746770687045,1746770694232,7.187,0.11978333333333334,jsonc
672b5998daafdbf9c43a531b,writing-task-config,1746771426755,1746772240001,813.246,13.5541,jsonc
672b5998daafdbf9c43a531b,writing-task-config_post-task-question,1746772240365,1746772247188,6.823,0.11371666666666667,jsonc
672b5998daafdbf9c43a531b,modifying-task-config-1,1746772247349,1746772308108,60.759,1.01265,jsonc
672b5998daafdbf9c43a531b,modifying-task-config-1_post-task-question,1746772308429,1746772313837,5.408,0.09013333333333334,jsonc
672b5998daafdbf9c43a531b,modifying-task-config-2,1746772313994,1746772329464,15.47,0.25783333333333336,jsonc
672b5998daafdbf9c43a531b,modifying-task-config-2_post-task-question,1746772329754,1746772336312,6.558,0.1093,jsonc
672b5998daafdbf9c43a531b,modifying-task-config-3,1746772336474,1746772356301,19.827,0.33045,jsonc
672b5998daafdbf9c43a531b,modifying-task-config-3_post-task-question,1746772356585,1746772365883,9.298,0.15496666666666667,jsonc
672b5998daafdbf9c43a531b,modifying-task-config-4,1746772366048,1746772374753,8.705,0.14508333333333334,jsonc
672b5998daafdbf9c43a531b,modifying-task-config-4_post-task-question,1746772375040,1746772386173,11.133,0.18555,jsonc
672b5998daafdbf9c43a531b,$nasa-tlx.co.nasa-tlx,1746772386545,1746772423070,36.525,0.60875,jsonc
672b5998daafdbf9c43a531b,post-task-survey-tlx,1746772423560,1746772507593,84.033,1.40055,jsonc
672b5998daafdbf9c43a531b,unqualified,0,-1,-0.001,-1.6666666666666667e-05,jsonc
5795af044a84da00014c5df1,introduction,1746767247331,1746767326710,79.379,1.3229833333333334,json
5795af044a84da00014c5df1,qualifications,1746767326877,1746767333510,6.633,0.11055,json
5795af044a84da00014c5df1,consent,1746767333653,1746767348103,14.45,0.24083333333333332,json
5795af044a84da00014c5df1,task,1746767348260,1746767418593,70.333,1.1722166666666667,json
5795af044a84da00014c5df1,writing-task-NL,1746767418675,1746767542281,123.606,2.0601,json
5795af044a84da00014c5df1,writing-task-NL_post-task-question,1746767542490,1746767552872,10.382,0.17303333333333332,json
5795af044a84da00014c5df1,tutorial-part1,1746767552934,1746767795079,242.145,4.03575,json
5795af044a84da00014c5df1,tutorial-part2,1746767795191,1746767878287,83.096,1.3849333333333333,json
5795af044a84da00014c5df1,reading-task-config-1,1746767878414,1746767914879,36.465,0.60775,json
5795af044a84da00014c5df1,reading-task-config-1_post-task-question,1746767915041,1746767921264,6.223,0.10371666666666667,json
5795af044a84da00014c5df1,reading-task-config-2,1746767921337,1746767957403,36.066,0.6011000000000001,json
5795af044a84da00014c5df1,reading-task-config-2_post-task-question,1746767957549,1746767963521,5.972,0.09953333333333333,json
5795af044a84da00014c5df1,reading-task-config-3,1746767963594,1746767975352,11.758,0.19596666666666665,json
5795af044a84da00014c5df1,reading-task-config-3_post-task-question,1746767975488,1746767980246,4.758,0.0793,json
5795af044a84da00014c5df1,reading-task-config-4,1746767980314,1746768210006,229.692,3.8282000000000003,json
5795af044a84da00014c5df1,reading-task-config-4_post-task-question,1746768210170,1746768216097,5.927,0.09878333333333332,json
5795af044a84da00014c5df1,reading-task-config-5,1746768216176,1746768258747,42.571,0.7095166666666667,json
5795af044a84da00014c5df1,reading-task-config-5_post-task-question,1746768258898,1746768267223,8.325,0.13874999999999998,json
5795af044a84da00014c5df1,writing-task-config,1746768267293,1746768522839,255.546,4.2591,json
5795af044a84da00014c5df1,writing-task-config_post-task-question,1746768523020,1746768528288,5.268,0.0878,json
5795af044a84da00014c5df1,modifying-task-config-1,1746768528359,1746768594610,66.251,1.1041833333333335,json
5795af044a84da00014c5df1,modifying-task-config-1_post-task-question,1746768594777,1746768598660,3.883,0.06471666666666667,json
5795af044a84da00014c5df1,modifying-task-config-2,1746768598731,1746768778235,179.504,2.9917333333333334,json
5795af044a84da00014c5df1,modifying-task-config-2_post-task-question,1746768778404,1746768787228,8.824,0.14706666666666665,json
5795af044a84da00014c5df1,modifying-task-config-3,1746768787292,1746768866383,79.091,1.3181833333333333,json
5795af044a84da00014c5df1,modifying-task-config-3_post-task-question,1746768866549,1746768873526,6.977,0.11628333333333334,json
5795af044a84da00014c5df1,modifying-task-config-4,1746768873604,1746769008883,135.279,2.25465,json
5795af044a84da00014c5df1,modifying-task-config-4_post-task-question,1746769009073,1746769016543,7.47,0.1245,json
5795af044a84da00014c5df1,$nasa-tlx.co.nasa-tlx,1746769016706,1746769072785,56.079,0.93465,json
5795af044a84da00014c5df1,post-task-survey-tlx,1746769073042,1746769200980,127.938,2.1323,json
5795af044a84da00014c5df1,unqualified,0,-1,-0.001,-1.6666666666666667e-05,json
65298aca34ac384b783169d4,introduction,1746767244203,1746767302184,57.981,0.96635,jsonc
65298aca34ac384b783169d4,qualifications,1746767302313,1746767310717,8.404,0.14006666666666667,jsonc
65298aca34ac384b783169d4,consent,1746767310841,1746767380256,69.415,1.1569166666666668,jsonc
65298aca34ac384b783169d4,task,1746767380381,1746767498776,118.395,1.97325,jsonc
65298aca34ac384b783169d4,writing-task-NL,1746767498863,1746767733905,235.042,3.9173666666666667,jsonc
65298aca34ac384b783169d4,writing-task-NL_post-task-question,1746767734040,1746767743989,9.949,0.16581666666666667,jsonc
65298aca34ac384b783169d4,tutorial-part1,1746767744056,1746768302366,558.31,9.305166666666667,jsonc
65298aca34ac384b783169d4,tutorial-part2,1746768302455,1746768505505,203.05,3.3841666666666668,jsonc
65298aca34ac384b783169d4,reading-task-config-1,1746768505583,1746768559507,53.924,0.8987333333333333,jsonc
65298aca34ac384b783169d4,reading-task-config-1_post-task-question,1746768559709,1746768574582,14.873,0.24788333333333332,jsonc
65298aca34ac384b783169d4,reading-task-config-2,1746768574703,1746768603480,28.777,0.4796166666666667,jsonc
65298aca34ac384b783169d4,reading-task-config-2_post-task-question,1746768603685,1746768611791,8.106,0.1351,jsonc
65298aca34ac384b783169d4,reading-task-config-3,1746768611919,1746768631965,20.046,0.3341,jsonc
65298aca34ac384b783169d4,reading-task-config-3_post-task-question,1746768632180,1746768636754,4.574,0.07623333333333333,jsonc
65298aca34ac384b783169d4,reading-task-config-4,1746768636883,1746768768434,131.551,2.1925166666666667,jsonc
65298aca34ac384b783169d4,reading-task-config-4_post-task-question,1746768768657,1746768787987,19.33,0.32216666666666666,jsonc
65298aca34ac384b783169d4,reading-task-config-5,1746768788097,1746768823301,35.204,0.5867333333333333,jsonc
65298aca34ac384b783169d4,reading-task-config-5_post-task-question,1746768823508,1746768830892,7.384,0.12306666666666667,jsonc
65298aca34ac384b783169d4,writing-task-config,1746768831001,1746769822572,991.571,16.526183333333332,jsonc
65298aca34ac384b783169d4,writing-task-config_post-task-question,1746769822800,1746769834594,11.794,0.19656666666666667,jsonc
65298aca34ac384b783169d4,modifying-task-config-1,1746769834705,1746769896101,61.396,1.0232666666666668,jsonc
65298aca34ac384b783169d4,modifying-task-config-1_post-task-question,1746769896327,1746769902443,6.116,0.10193333333333333,jsonc
65298aca34ac384b783169d4,modifying-task-config-2,1746769902565,1746770095561,192.996,3.2166,jsonc
65298aca34ac384b783169d4,modifying-task-config-2_post-task-question,1746770095763,1746770100371,4.608,0.0768,jsonc
65298aca34ac384b783169d4,modifying-task-config-3,1746770100479,1746770181309,80.83,1.3471666666666666,jsonc
65298aca34ac384b783169d4,modifying-task-config-3_post-task-question,1746770181541,1746770186120,4.579,0.07631666666666666,jsonc
65298aca34ac384b783169d4,modifying-task-config-4,1746770186233,1746770296811,110.578,1.8429666666666666,jsonc
65298aca34ac384b783169d4,modifying-task-config-4_post-task-question,1746770297018,1746770301942,4.924,0.08206666666666668,jsonc
65298aca34ac384b783169d4,$nasa-tlx.co.nasa-tlx,1746770302154,1746770348122,45.968,0.7661333333333334,jsonc
65298aca34ac384b783169d4,post-task-survey-tlx,1746770348396,1746770664917,316.521,5.27535,jsonc
65298aca34ac384b783169d4,unqualified,0,-1,-0.001,-1.6666666666666667e-05,jsonc
681374d36d7bd7ccb6f914f5,introduction,1747341086085,1747341090169,4.084,0.06806666666666666,json5
681374d36d7bd7ccb6f914f5,qualifications,1747341090293,1747341100133,9.84,0.164,json5
681374d36d7bd7ccb6f914f5,consent,1747341100261,1747341234885,134.624,2.243733333333333,json5
681374d36d7bd7ccb6f914f5,task,1747341235005,1747341288497,53.492,0.8915333333333333,json5
681374d36d7bd7ccb6f914f5,writing-task-NL,1747341288571,1747341562721,274.15,4.569166666666666,json5
681374d36d7bd7ccb6f914f5,writing-task-NL_post-task-question,1747341562816,1747341567471,4.655,0.07758333333333334,json5
681374d36d7bd7ccb6f914f5,tutorial-part1,1747341567524,1747341873583,306.059,5.100983333333334,json5
681374d36d7bd7ccb6f914f5,tutorial-part2,1747341873641,1747341892674,19.033,0.3172166666666667,json5
681374d36d7bd7ccb6f914f5,reading-task-config-1,1747341892730,1747341902621,9.891,0.16485,json5
681374d36d7bd7ccb6f914f5,reading-task-config-1_post-task-question,1747341902721,1747341905685,2.964,0.0494,json5
681374d36d7bd7ccb6f914f5,reading-task-config-2,1747341905748,1747341938397,32.649,0.54415,json5
681374d36d7bd7ccb6f914f5,reading-task-config-2_post-task-question,1747341938489,1747341941362,2.873,0.04788333333333334,json5
681374d36d7bd7ccb6f914f5,reading-task-config-3,1747341941403,1747341978943,37.54,0.6256666666666667,json5
681374d36d7bd7ccb6f914f5,reading-task-config-3_post-task-question,1747341979042,1747341981736,2.694,0.0449,json5
681374d36d7bd7ccb6f914f5,reading-task-config-4,1747341981787,1747342014593,32.806,0.5467666666666666,json5
681374d36d7bd7ccb6f914f5,reading-task-config-4_post-task-question,1747342014680,1747342018890,4.21,0.07016666666666667,json5
681374d36d7bd7ccb6f914f5,reading-task-config-5,1747342018937,1747342065233,46.296,0.7716,json5
681374d36d7bd7ccb6f914f5,reading-task-config-5_post-task-question,1747342065322,1747342080687,15.365,0.25608333333333333,json5
681374d36d7bd7ccb6f914f5,writing-task-config,1747342080745,1747342414418,333.673,5.561216666666667,json5
681374d36d7bd7ccb6f914f5,writing-task-config_post-task-question,1747342414511,1747342417012,2.501,0.04168333333333333,json5
681374d36d7bd7ccb6f914f5,modifying-task-config-1,1747342417050,1747342480774,63.724,1.0620666666666667,json5
681374d36d7bd7ccb6f914f5,modifying-task-config-1_post-task-question,1747342480861,1747342483072,2.211,0.03685,json5
681374d36d7bd7ccb6f914f5,modifying-task-config-2,1747342483113,1747342548369,65.256,1.0876,json5
681374d36d7bd7ccb6f914f5,modifying-task-config-2_post-task-question,1747342548452,1747342557288,8.836,0.14726666666666668,json5
681374d36d7bd7ccb6f914f5,modifying-task-config-3,1747342557353,1747342609457,52.104,0.8684,json5
681374d36d7bd7ccb6f914f5,modifying-task-config-3_post-task-question,1747342609550,1747342611628,2.078,0.03463333333333333,json5
681374d36d7bd7ccb6f914f5,modifying-task-config-4,1747342611665,1747342675437,63.772,1.0628666666666666,json5
681374d36d7bd7ccb6f914f5,modifying-task-config-4_post-task-question,1747342675537,1747342678806,3.269,0.054483333333333335,json5
681374d36d7bd7ccb6f914f5,$nasa-tlx.co.nasa-tlx,1747342678902,1747342696386,17.484,0.29140000000000005,json5
681374d36d7bd7ccb6f914f5,post-task-survey-tlx,1747342696528,1747342734358,37.83,0.6305,json5
681374d36d7bd7ccb6f914f5,unqualified,0,-1,-0.001,-1.6666666666666667e-05,json5
61287939bc5a971fc15333e4,introduction,1746767318659,1746767324304,5.645,0.09408333333333332,json
61287939bc5a971fc15333e4,qualifications,1746767324502,1746767356186,31.684,0.5280666666666667,json
61287939bc5a971fc15333e4,consent,1746767356387,1746767407438,51.051,0.85085,json
61287939bc5a971fc15333e4,task,1746767407631,1746767428317,20.686,0.34476666666666667,json
61287939bc5a971fc15333e4,writing-task-NL,1746767428417,1746768120707,692.29,11.538166666666665,json
61287939bc5a971fc15333e4,writing-task-NL_post-task-question,1746768120929,1746768131441,10.512,0.1752,json
61287939bc5a971fc15333e4,tutorial-part1,1746768131554,1746768661768,530.214,8.836900000000002,json
61287939bc5a971fc15333e4,tutorial-part2,1746768661897,1746769036878,374.981,6.2496833333333335,json
61287939bc5a971fc15333e4,reading-task-config-1,1746769037059,1746769093806,56.747,0.9457833333333333,json
61287939bc5a971fc15333e4,reading-task-config-1_post-task-question,1746769094017,1746769111068,17.051,0.2841833333333333,json
61287939bc5a971fc15333e4,reading-task-config-2,1746769111183,1746769174866,63.683,1.0613833333333333,json
61287939bc5a971fc15333e4,reading-task-config-2_post-task-question,1746769175064,1746769184842,9.778,0.16296666666666668,json
61287939bc5a971fc15333e4,reading-task-config-3,1746769184962,1746769259275,74.313,1.23855,json
61287939bc5a971fc15333e4,reading-task-config-3_post-task-question,1746769259478,1746769269559,10.081,0.16801666666666665,json
61287939bc5a971fc15333e4,reading-task-config-4,1746769269665,1746769473944,204.279,3.4046499999999997,json
61287939bc5a971fc15333e4,reading-task-config-4_post-task-question,1746769474144,1746769484987,10.843,0.18071666666666666,json
61287939bc5a971fc15333e4,reading-task-config-5,1746769485104,1746769582977,97.873,1.6312166666666668,json
61287939bc5a971fc15333e4,reading-task-config-5_post-task-question,1746769583188,1746769592082,8.894,0.14823333333333333,json
61287939bc5a971fc15333e4,writing-task-config,1746769592184,1746772282305,2690.121,44.83535,json
61287939bc5a971fc15333e4,writing-task-config_post-task-question,1746772282534,1746772292069,9.535,0.15891666666666668,json
61287939bc5a971fc15333e4,modifying-task-config-1,1746772292178,1746772353350,61.172,1.0195333333333332,json
61287939bc5a971fc15333e4,modifying-task-config-1_post-task-question,1746772353565,1746772362451,8.886,0.14809999999999998,json
61287939bc5a971fc15333e4,modifying-task-config-2,1746772362571,1746772430677,68.106,1.1351,json
61287939bc5a971fc15333e4,modifying-task-config-2_post-task-question,1746772430879,1746772440096,9.217,0.15361666666666668,json
61287939bc5a971fc15333e4,modifying-task-config-3,1746772440213,1746772521654,81.441,1.35735,json
61287939bc5a971fc15333e4,modifying-task-config-3_post-task-question,1746772521860,1746772533656,11.796,0.1966,json
61287939bc5a971fc15333e4,modifying-task-config-4,1746772533782,1746772584787,51.005,0.8500833333333334,json
61287939bc5a971fc15333e4,modifying-task-config-4_post-task-question,1746772584986,1746772597161,12.175,0.2029166666666667,json
61287939bc5a971fc15333e4,$nasa-tlx.co.nasa-tlx,1746772597404,1746772618077,20.673,0.34454999999999997,json
61287939bc5a971fc15333e4,post-task-survey-tlx,1746772618394,1746772695295,76.901,1.2816833333333333,json
61287939bc5a971fc15333e4,unqualified,0,-1,-0.001,-1.6666666666666667e-05,json
65feaaac53eb219f09ad5ea0,introduction,1746767397324,1746767452856,55.532,0.9255333333333333,toml
65feaaac53eb219f09ad5ea0,qualifications,1746767453503,1746767836448,382.945,6.382416666666667,toml
65feaaac53eb219f09ad5ea0,consent,1746767837125,1746768257366,420.241,7.004016666666667,toml
65feaaac53eb219f09ad5ea0,task,1746768258159,1746768405389,147.23,2.4538333333333333,toml
65feaaac53eb219f09ad5ea0,writing-task-NL,1746768405757,1746768686557,280.8,4.680000000000001,toml
65feaaac53eb219f09ad5ea0,writing-task-NL_post-task-question,1746768687266,1746768696316,9.05,0.15083333333333335,toml
65feaaac53eb219f09ad5ea0,tutorial-part1,1746768696788,1746769295873,599.085,9.98475,toml
65feaaac53eb219f09ad5ea0,tutorial-part2,1746769296257,1746769650400,354.143,5.902383333333333,toml
65feaaac53eb219f09ad5ea0,reading-task-config-1,1746769650690,1746769777801,127.111,2.118516666666667,toml
65feaaac53eb219f09ad5ea0,reading-task-config-1_post-task-question,1746769778228,1746769788711,10.483,0.1747166666666667,toml
65feaaac53eb219f09ad5ea0,reading-task-config-2,1746769788966,1746769918615,129.649,2.160816666666667,toml
65feaaac53eb219f09ad5ea0,reading-task-config-2_post-task-question,1746769919089,1746769929622,10.533,0.17554999999999998,toml
65feaaac53eb219f09ad5ea0,reading-task-config-3,1746769929935,1746769969866,39.931,0.6655166666666666,toml
65feaaac53eb219f09ad5ea0,reading-task-config-3_post-task-question,1746769970338,1746769977928,7.59,0.1265,toml
65feaaac53eb219f09ad5ea0,reading-task-config-4,1746769978206,1746770152893,174.687,2.9114500000000003,toml
65feaaac53eb219f09ad5ea0,reading-task-config-4_post-task-question,1746770153387,1746770162159,8.772,0.1462,toml
65feaaac53eb219f09ad5ea0,reading-task-config-5,1746770162423,1746770225440,63.017,1.0502833333333335,toml
65feaaac53eb219f09ad5ea0,reading-task-config-5_post-task-question,1746770225927,1746770232406,6.479,0.10798333333333333,toml
65feaaac53eb219f09ad5ea0,writing-task-config,1746770232645,1746771741384,1508.739,25.14565,toml
65feaaac53eb219f09ad5ea0,writing-task-config_post-task-question,1746771741855,1746771749051,7.196,0.11993333333333332,toml
65feaaac53eb219f09ad5ea0,modifying-task-config-1,1746771749283,1746771837352,88.069,1.4678166666666668,toml
65feaaac53eb219f09ad5ea0,modifying-task-config-1_post-task-question,1746771837807,1746771843831,6.024,0.1004,toml
65feaaac53eb219f09ad5ea0,modifying-task-config-2,1746771844099,1746772659014,814.915,13.581916666666666,toml
65feaaac53eb219f09ad5ea0,modifying-task-config-2_post-task-question,1746772659496,1746772666296,6.8,0.11333333333333333,toml
65feaaac53eb219f09ad5ea0,modifying-task-config-3,1746772666546,1746772702243,35.697,0.5949500000000001,toml
65feaaac53eb219f09ad5ea0,modifying-task-config-3_post-task-question,1746772702722,1746772706965,4.243,0.07071666666666668,toml
65feaaac53eb219f09ad5ea0,modifying-task-config-4,1746772707273,1746772831277,124.004,2.0667333333333335,toml
65feaaac53eb219f09ad5ea0,modifying-task-config-4_post-task-question,1746772831974,1746772837067,5.093,0.08488333333333334,toml
65feaaac53eb219f09ad5ea0,$nasa-tlx.co.nasa-tlx,1746772837533,1746772861323,23.79,0.39649999999999996,toml
65feaaac53eb219f09ad5ea0,post-task-survey-tlx,1746772861881,1746772930859,68.978,1.1496333333333333,toml
65feaaac53eb219f09ad5ea0,unqualified,0,-1,-0.001,-1.6666666666666667e-05,toml
5755c957eb80c4000741a9ce,introduction,1747172536752,1747172552841,16.089,0.26815,json5
5755c957eb80c4000741a9ce,qualifications,1747172552918,1747172558933,6.015,0.10024999999999999,json5
5755c957eb80c4000741a9ce,consent,1747172559023,1747172579908,20.885,0.34808333333333336,json5
5755c957eb80c4000741a9ce,task,1747172579985,1747172850029,270.044,4.500733333333333,json5
5755c957eb80c4000741a9ce,writing-task-NL,1747172850074,1747172961488,111.414,1.8569,json5
5755c957eb80c4000741a9ce,writing-task-NL_post-task-question,1747172961566,1747172975715,14.149,0.23581666666666665,json5
5755c957eb80c4000741a9ce,tutorial-part1,1747172975754,1747173129769,154.015,2.5669166666666663,json5
5755c957eb80c4000741a9ce,tutorial-part2,1747173129821,1747173207765,77.944,1.2990666666666668,json5
5755c957eb80c4000741a9ce,reading-task-config-1,1747173207813,1747173232182,24.369,0.40615,json5
5755c957eb80c4000741a9ce,reading-task-config-1_post-task-question,1747173232253,1747173236909,4.656,0.07759999999999999,json5
5755c957eb80c4000741a9ce,reading-task-config-2,1747173236950,1747173254843,17.893,0.2982166666666667,json5
5755c957eb80c4000741a9ce,reading-task-config-2_post-task-question,1747173254913,1747173258092,3.179,0.052983333333333334,json5
5755c957eb80c4000741a9ce,reading-task-config-3,1747173258132,1747173269971,11.839,0.19731666666666667,json5
5755c957eb80c4000741a9ce,reading-task-config-3_post-task-question,1747173270040,1747173273198,3.158,0.05263333333333333,json5
5755c957eb80c4000741a9ce,reading-task-config-4,1747173273236,1747173351520,78.284,1.3047333333333335,json5
5755c957eb80c4000741a9ce,reading-task-config-4_post-task-question,1747173351585,1747173357638,6.053,0.10088333333333334,json5
5755c957eb80c4000741a9ce,reading-task-config-5,1747173357678,1747173382340,24.662,0.4110333333333333,json5
5755c957eb80c4000741a9ce,reading-task-config-5_post-task-question,1747173382413,1747173386872,4.459,0.07431666666666666,json5
5755c957eb80c4000741a9ce,writing-task-config,1747173386909,1747173535582,148.673,2.477883333333333,json5
5755c957eb80c4000741a9ce,writing-task-config_post-task-question,1747173535652,1747173544362,8.71,0.1451666666666667,json5
5755c957eb80c4000741a9ce,modifying-task-config-1,1747173544405,1747173588817,44.412,0.7402,json5
5755c957eb80c4000741a9ce,modifying-task-config-1_post-task-question,1747173588886,1747173592003,3.117,0.05195,json5
5755c957eb80c4000741a9ce,modifying-task-config-2,1747173592042,1747173684407,92.365,1.5394166666666667,json5
5755c957eb80c4000741a9ce,modifying-task-config-2_post-task-question,1747173684481,1747173687911,3.43,0.05716666666666667,json5
5755c957eb80c4000741a9ce,modifying-task-config-3,1747173687953,1747173708962,21.009,0.35015,json5
5755c957eb80c4000741a9ce,modifying-task-config-3_post-task-question,1747173709030,1747173714127,5.097,0.08495000000000001,json5
5755c957eb80c4000741a9ce,modifying-task-config-4,1747173714171,1747173775914,61.743,1.02905,json5
5755c957eb80c4000741a9ce,modifying-task-config-4_post-task-question,1747173775988,1747173778322,2.334,0.038900000000000004,json5
5755c957eb80c4000741a9ce,$nasa-tlx.co.nasa-tlx,1747173778388,1747173809509,31.121,0.5186833333333333,json5
5755c957eb80c4000741a9ce,post-task-survey-tlx,1747173809609,1747173961477,151.868,2.5311333333333335,json5
5755c957eb80c4000741a9ce,unqualified,0,-1,-0.001,-1.6666666666666667e-05,json5
6693d3ae2bd15cf7a058e6a7,introduction,1746767869573,1746767912244,42.671,0.7111833333333333,json5
6693d3ae2bd15cf7a058e6a7,qualifications,1746767912376,1746767942258,29.882,0.4980333333333334,json5
6693d3ae2bd15cf7a058e6a7,consent,1746767942378,1746768119741,177.363,2.95605,json5
6693d3ae2bd15cf7a058e6a7,task,1746768119878,1746768347246,227.368,3.7894666666666668,json5
6693d3ae2bd15cf7a058e6a7,writing-task-NL,1746768347361,1746768836450,489.089,8.151483333333333,json5
6693d3ae2bd15cf7a058e6a7,writing-task-NL_post-task-question,1746768836697,1746768847665,10.968,0.1828,json5
6693d3ae2bd15cf7a058e6a7,tutorial-part1,1746768847745,1746768979753,132.008,2.2001333333333335,json5
6693d3ae2bd15cf7a058e6a7,tutorial-part2,1746768979862,1746769013916,34.054,0.5675666666666667,json5
6693d3ae2bd15cf7a058e6a7,reading-task-config-1,1746769014007,1746769085941,71.934,1.1988999999999999,json5
6693d3ae2bd15cf7a058e6a7,reading-task-config-1_post-task-question,1746769086082,1746769095956,9.874,0.16456666666666667,json5
6693d3ae2bd15cf7a058e6a7,reading-task-config-2,1746769096033,1746769162103,66.07,1.1011666666666666,json5
6693d3ae2bd15cf7a058e6a7,reading-task-config-2_post-task-question,1746769162254,1746769169036,6.782,0.11303333333333333,json5
6693d3ae2bd15cf7a058e6a7,reading-task-config-3,1746769169113,1746769262696,93.583,1.5597166666666666,json5
6693d3ae2bd15cf7a058e6a7,reading-task-config-3_post-task-question,1746769262819,1746769272174,9.355,0.15591666666666668,json5
6693d3ae2bd15cf7a058e6a7,reading-task-config-4,1746769272252,1746769353947,81.695,1.3615833333333331,json5
6693d3ae2bd15cf7a058e6a7,reading-task-config-4_post-task-question,1746769354075,1746769363187,9.112,0.15186666666666668,json5
6693d3ae2bd15cf7a058e6a7,reading-task-config-5,1746769363267,1746769447999,84.732,1.4122,json5
6693d3ae2bd15cf7a058e6a7,reading-task-config-5_post-task-question,1746769448150,1746769453940,5.79,0.0965,json5
6693d3ae2bd15cf7a058e6a7,writing-task-config,1746769454014,1746771249517,1795.503,29.92505,json5
6693d3ae2bd15cf7a058e6a7,writing-task-config_post-task-question,1746771249734,1746771262128,12.394,0.20656666666666668,json5
6693d3ae2bd15cf7a058e6a7,modifying-task-config-1,1746771262229,1746771505529,243.3,4.055000000000001,json5
6693d3ae2bd15cf7a058e6a7,modifying-task-config-1_post-task-question,1746771505722,1746771515334,9.612,0.1602,json5
6693d3ae2bd15cf7a058e6a7,modifying-task-config-2,1746771515448,1746772035452,520.004,8.666733333333333,json5
6693d3ae2bd15cf7a058e6a7,modifying-task-config-2_post-task-question,1746772035662,1746772040980,5.318,0.08863333333333333,json5
6693d3ae2bd15cf7a058e6a7,modifying-task-config-3,1746772041089,1746772159549,118.46,1.9743333333333333,json5
6693d3ae2bd15cf7a058e6a7,modifying-task-config-3_post-task-question,1746772159773,1746772165003,5.23,0.08716666666666667,json5
6693d3ae2bd15cf7a058e6a7,modifying-task-config-4,1746772165119,1746772504582,339.463,5.657716666666667,json5
6693d3ae2bd15cf7a058e6a7,modifying-task-config-4_post-task-question,1746772504801,1746772510365,5.564,0.09273333333333333,json5
6693d3ae2bd15cf7a058e6a7,$nasa-tlx.co.nasa-tlx,1746772510562,1746772572090,61.528,1.0254666666666667,json5
6693d3ae2bd15cf7a058e6a7,post-task-survey-tlx,1746772572365,1746772795969,223.604,3.7267333333333337,json5
6693d3ae2bd15cf7a058e6a7,unqualified,0,-1,-0.001,-1.6666666666666667e-05,json5
60e2bf0aa568b97e8d525872,introduction,1746767340090,1746767407432,67.342,1.1223666666666667,toml
60e2bf0aa568b97e8d525872,qualifications,1746767407694,1746767418638,10.944,0.1824,toml
60e2bf0aa568b97e8d525872,consent,1746767418852,1746767460164,41.312,0.6885333333333333,toml
60e2bf0aa568b97e8d525872,task,1746767460406,1746767671057,210.651,3.51085,toml
60e2bf0aa568b97e8d525872,writing-task-NL,1746767671169,1746768009293,338.124,5.635400000000001,toml
60e2bf0aa568b97e8d525872,writing-task-NL_post-task-question,1746768009531,1746768017489,7.958,0.13263333333333333,toml
60e2bf0aa568b97e8d525872,tutorial-part1,1746768017596,1746768237029,219.433,3.6572166666666663,toml
60e2bf0aa568b97e8d525872,tutorial-part2,1746768237225,1746768448067,210.842,3.5140333333333333,toml
60e2bf0aa568b97e8d525872,reading-task-config-1,1746768448205,1746768554754,106.549,1.7758166666666668,toml
60e2bf0aa568b97e8d525872,reading-task-config-1_post-task-question,1746768555035,1746768563936,8.901,0.14835,toml
60e2bf0aa568b97e8d525872,reading-task-config-2,1746768564063,1746768644052,79.989,1.33315,toml
60e2bf0aa568b97e8d525872,reading-task-config-2_post-task-question,1746768644331,1746768651192,6.861,0.11435,toml
60e2bf0aa568b97e8d525872,reading-task-config-3,1746768651308,1746768689601,38.293,0.6382166666666667,toml
60e2bf0aa568b97e8d525872,reading-task-config-3_post-task-question,1746768689811,1746768695675,5.864,0.09773333333333332,toml
60e2bf0aa568b97e8d525872,reading-task-config-4,1746768695787,1746768800890,105.103,1.7517166666666666,toml
60e2bf0aa568b97e8d525872,reading-task-config-4_post-task-question,1746768801084,1746768806594,5.51,0.09183333333333334,toml
60e2bf0aa568b97e8d525872,reading-task-config-5,1746768806702,1746768839473,32.771,0.5461833333333334,toml
60e2bf0aa568b97e8d525872,reading-task-config-5_post-task-question,1746768839669,1746768848218,8.549,0.14248333333333332,toml
60e2bf0aa568b97e8d525872,writing-task-config,1746768848322,1746769282768,434.446,7.2407666666666675,toml
60e2bf0aa568b97e8d525872,writing-task-config_post-task-question,1746769283022,1746769288267,5.245,0.08741666666666667,toml
60e2bf0aa568b97e8d525872,modifying-task-config-1,1746769288390,1746769440093,151.703,2.528383333333333,toml
60e2bf0aa568b97e8d525872,modifying-task-config-1_post-task-question,1746769440395,1746769447876,7.481,0.12468333333333333,toml
60e2bf0aa568b97e8d525872,modifying-task-config-2,1746769448003,1746769726959,278.956,4.649266666666667,toml
60e2bf0aa568b97e8d525872,modifying-task-config-2_post-task-question,1746769727208,1746769769472,42.264,0.7044,toml
60e2bf0aa568b97e8d525872,modifying-task-config-3,1746769769592,1746769896158,126.566,2.1094333333333335,toml
60e2bf0aa568b97e8d525872,modifying-task-config-3_post-task-question,1746769896408,1746769911096,14.688,0.24480000000000002,toml
60e2bf0aa568b97e8d525872,modifying-task-config-4,1746769911225,1746770368994,457.769,7.629483333333334,toml
60e2bf0aa568b97e8d525872,modifying-task-config-4_post-task-question,1746770369253,1746770373926,4.673,0.07788333333333333,toml
60e2bf0aa568b97e8d525872,$nasa-tlx.co.nasa-tlx,1746770374173,1746770474998,100.825,1.6804166666666667,toml
60e2bf0aa568b97e8d525872,post-task-survey-tlx,1746770475303,1746770548883,73.58,1.2263333333333333,toml
60e2bf0aa568b97e8d525872,unqualified,0,-1,-0.001,-1.6666666666666667e-05,toml
67d24179c5bd87691f1fe036,introduction,1746767424160,1746767429803,5.643,0.09405,yaml
67d24179c5bd87691f1fe036,qualifications,1746767429866,1746767464779,34.913,0.5818833333333333,yaml
67d24179c5bd87691f1fe036,consent,1746767464873,1746767473784,8.911,0.14851666666666666,yaml
67d24179c5bd87691f1fe036,task,1746767473851,1746767696264,222.413,3.7068833333333333,yaml
67d24179c5bd87691f1fe036,writing-task-NL,1746767696314,1746767798930,102.616,1.7102666666666666,yaml
67d24179c5bd87691f1fe036,writing-task-NL_post-task-question,1746767799032,1746767804812,5.78,0.09633333333333334,yaml
67d24179c5bd87691f1fe036,tutorial-part1,1746767804846,1746768230137,425.291,7.088183333333333,yaml
67d24179c5bd87691f1fe036,tutorial-part2,1746768230221,1746768276999,46.778,0.7796333333333333,yaml
67d24179c5bd87691f1fe036,reading-task-config-1,1746768277045,1746768300312,23.267,0.3877833333333333,yaml
67d24179c5bd87691f1fe036,reading-task-config-1_post-task-question,1746768300386,1746768304366,3.98,0.06633333333333333,yaml
67d24179c5bd87691f1fe036,reading-task-config-2,1746768304428,1746768319814,15.386,0.25643333333333335,yaml
67d24179c5bd87691f1fe036,reading-task-config-2_post-task-question,1746768319890,1746768325595,5.705,0.09508333333333334,yaml
67d24179c5bd87691f1fe036,reading-task-config-3,1746768325629,1746768352198,26.569,0.44281666666666664,yaml
67d24179c5bd87691f1fe036,reading-task-config-3_post-task-question,1746768352283,1746768355812,3.529,0.05881666666666666,yaml
67d24179c5bd87691f1fe036,reading-task-config-4,1746768355852,1746769335954,980.102,16.33503333333333,yaml
67d24179c5bd87691f1fe036,reading-task-config-4_post-task-question,1746769336026,1746769341098,5.072,0.08453333333333334,yaml
67d24179c5bd87691f1fe036,reading-task-config-5,1746769341141,1746769497716,156.575,2.609583333333333,yaml
67d24179c5bd87691f1fe036,reading-task-config-5_post-task-question,1746769497811,1746769501699,3.888,0.0648,yaml
67d24179c5bd87691f1fe036,writing-task-config,1746769501733,1746769717754,216.021,3.6003499999999997,yaml
67d24179c5bd87691f1fe036,writing-task-config_post-task-question,1746769717841,1746769722404,4.563,0.07604999999999999,yaml
67d24179c5bd87691f1fe036,modifying-task-config-1,1746769722446,1746769797540,75.094,1.2515666666666665,yaml
67d24179c5bd87691f1fe036,modifying-task-config-1_post-task-question,1746769797654,1746769802635,4.981,0.08301666666666667,yaml
67d24179c5bd87691f1fe036,modifying-task-config-2,1746769802686,1746769922405,119.719,1.9953166666666666,yaml
67d24179c5bd87691f1fe036,modifying-task-config-2_post-task-question,1746769922487,1746769930680,8.193,0.13655,yaml
67d24179c5bd87691f1fe036,modifying-task-config-3,1746769930718,1746769990976,60.258,1.0043,yaml
67d24179c5bd87691f1fe036,modifying-task-config-3_post-task-question,1746769991072,1746769995319,4.247,0.07078333333333334,yaml
67d24179c5bd87691f1fe036,modifying-task-config-4,1746769995355,1746770056636,61.281,1.02135,yaml
67d24179c5bd87691f1fe036,modifying-task-config-4_post-task-question,1746770056705,1746770060770,4.065,0.06775,yaml
67d24179c5bd87691f1fe036,$nasa-tlx.co.nasa-tlx,1746770060839,1746770091459,30.62,0.5103333333333333,yaml
67d24179c5bd87691f1fe036,post-task-survey-tlx,1746770091559,1746770124574,33.015,0.55025,yaml
67d24179c5bd87691f1fe036,unqualified,0,-1,-0.001,-1.6666666666666667e-05,yaml
5c4f5967aac8be0001716a65,introduction,1747172500275,1747172564305,64.03,1.0671666666666666,xml
5c4f5967aac8be0001716a65,qualifications,1747172564421,1747172572603,8.182,0.13636666666666666,xml
5c4f5967aac8be0001716a65,consent,1747172572711,1747172597396,24.685,0.41141666666666665,xml
5c4f5967aac8be0001716a65,task,1747172597510,1747172646394,48.884,0.8147333333333333,xml
5c4f5967aac8be0001716a65,writing-task-NL,1747172646451,1747172772418,125.967,2.09945,xml
5c4f5967aac8be0001716a65,writing-task-NL_post-task-question,1747172772546,1747172779038,6.492,0.1082,xml
5c4f5967aac8be0001716a65,tutorial-part1,1747172779097,1747172898247,119.15,1.9858333333333333,xml
5c4f5967aac8be0001716a65,tutorial-part2,1747172898314,1747173003740,105.426,1.7571,xml
5c4f5967aac8be0001716a65,reading-task-config-1,1747173003809,1747173078063,74.254,1.2375666666666667,xml
5c4f5967aac8be0001716a65,reading-task-config-1_post-task-question,1747173078170,1747173082833,4.663,0.07771666666666667,xml
5c4f5967aac8be0001716a65,reading-task-config-2,1747173082895,1747173104833,21.938,0.3656333333333333,xml
5c4f5967aac8be0001716a65,reading-task-config-2_post-task-question,1747173104950,1747173109671,4.721,0.07868333333333334,xml
5c4f5967aac8be0001716a65,reading-task-config-3,1747173109732,1747173135117,25.385,0.42308333333333337,xml
5c4f5967aac8be0001716a65,reading-task-config-3_post-task-question,1747173135243,1747173137969,2.726,0.04543333333333333,xml
5c4f5967aac8be0001716a65,reading-task-config-4,1747173138032,1747173255172,117.14,1.9523333333333333,xml
5c4f5967aac8be0001716a65,reading-task-config-4_post-task-question,1747173255290,1747173259877,4.587,0.07644999999999999,xml
5c4f5967aac8be0001716a65,reading-task-config-5,1747173259944,1747173290209,30.265,0.5044166666666666,xml
5c4f5967aac8be0001716a65,reading-task-config-5_post-task-question,1747173290314,1747173292666,2.352,0.0392,xml
5c4f5967aac8be0001716a65,writing-task-config,1747173292719,1747173781409,488.69,8.144833333333333,xml
5c4f5967aac8be0001716a65,writing-task-config_post-task-question,1747173781537,1747173788748,7.211,0.12018333333333334,xml
5c4f5967aac8be0001716a65,modifying-task-config-1,1747173788817,1747173847266,58.449,0.97415,xml
5c4f5967aac8be0001716a65,modifying-task-config-1_post-task-question,1747173847397,1747173852481,5.084,0.08473333333333333,xml
5c4f5967aac8be0001716a65,modifying-task-config-2,1747173852560,1747173973904,121.344,2.0223999999999998,xml
5c4f5967aac8be0001716a65,modifying-task-config-2_post-task-question,1747173974045,1747173978512,4.467,0.07444999999999999,xml
5c4f5967aac8be0001716a65,modifying-task-config-3,1747173978584,1747174006856,28.272,0.47119999999999995,xml
5c4f5967aac8be0001716a65,modifying-task-config-3_post-task-question,1747174006978,1747174009899,2.921,0.04868333333333333,xml
5c4f5967aac8be0001716a65,modifying-task-config-4,1747174009972,1747174509651,499.679,8.327983333333332,xml
5c4f5967aac8be0001716a65,modifying-task-config-4_post-task-question,1747174509840,1747174514665,4.825,0.08041666666666666,xml
5c4f5967aac8be0001716a65,$nasa-tlx.co.nasa-tlx,1747174514820,1747174538486,23.666,0.39443333333333336,xml
5c4f5967aac8be0001716a65,post-task-survey-tlx,1747174538677,1747174609026,70.349,1.1724833333333333,xml
5c4f5967aac8be0001716a65,unqualified,0,-1,-0.001,-1.6666666666666667e-05,xml
