participantId,format,task,startTime,endTime,duration_sec,difficulty,confidence
67895b7d6400163124042af7,jsonc,writing-task-NL,1747334653715,1747334665864,12.149,4,4
67895b7d6400163124042af7,jsonc,reading-task-config-1,1747335948071,1747335955384,7.313,6,4
67895b7d6400163124042af7,jsonc,reading-task-config-2,1747336025084,1747336031368,6.284,7,3
67895b7d6400163124042af7,jsonc,reading-task-config-3,1747336067277,1747336075982,8.705,6,4
67895b7d6400163124042af7,jsonc,reading-task-config-4,1747336151419,1747336156501,5.082,6,4
67895b7d6400163124042af7,jsonc,reading-task-config-5,1747336187448,1747336193744,6.296,5,4
67895b7d6400163124042af7,jsonc,writing-task-config,1747336877323,1747336883587,6.264,7,4
67895b7d6400163124042af7,jsonc,modifying-task-config-1,1747336908705,1747336913032,4.327,7,4
67895b7d6400163124042af7,jsonc,modifying-task-config-2,1747336918623,1747336924594,5.971,6,4
67895b7d6400163124042af7,jsonc,modifying-task-config-3,1747336929267,1747336934772,5.505,7,5
67895b7d6400163124042af7,jsonc,modifying-task-config-4,1747336939981,1747336945878,5.897,7,5
659960f32faa4ff4b116de92,toml,writing-task-NL,1747172873965,1747172880942,6.977,1,7
659960f32faa4ff4b116de92,toml,reading-task-config-1,1747173743902,1747173752623,8.721,5,1
659960f32faa4ff4b116de92,toml,reading-task-config-2,1747173772330,1747173784041,11.711,4,5
659960f32faa4ff4b116de92,toml,reading-task-config-3,1747173817375,1747173826391,9.016,4,2
659960f32faa4ff4b116de92,toml,reading-task-config-4,1747174200137,1747174204872,4.735,7,1
659960f32faa4ff4b116de92,toml,reading-task-config-5,1747174233353,1747174236739,3.386,1,7
659960f32faa4ff4b116de92,toml,writing-task-config,1747175177504,1747175182642,5.138,7,1
659960f32faa4ff4b116de92,toml,modifying-task-config-1,1747175283276,1747175287876,4.6,1,3
659960f32faa4ff4b116de92,toml,modifying-task-config-2,1747175427599,1747175433608,6.009,3,2
659960f32faa4ff4b116de92,toml,modifying-task-config-3,1747175500972,1747175504108,3.136,1,7
659960f32faa4ff4b116de92,toml,modifying-task-config-4,1747175790477,1747175794908,4.431,3,5
5f7f239e9b204e05b6c36538,json5,writing-task-NL,1746770313980,1746770319498,5.518,1,1
5f7f239e9b204e05b6c36538,json5,reading-task-config-1,1746772271344,1746772277804,6.46,4,2
5f7f239e9b204e05b6c36538,json5,reading-task-config-2,1746772305775,1746772309961,4.186,1,3
5f7f239e9b204e05b6c36538,json5,reading-task-config-3,1746772343794,1746772347826,4.032,1,6
5f7f239e9b204e05b6c36538,json5,reading-task-config-4,1746772453323,1746772457096,3.773,7,1
5f7f239e9b204e05b6c36538,json5,reading-task-config-5,1746772536042,1746772539184,3.142,7,1
5f7f239e9b204e05b6c36538,json5,writing-task-config,1746773058260,1746773064137,5.877,7,1
5f7f239e9b204e05b6c36538,json5,modifying-task-config-1,1746773385312,1746773389225,3.913,7,1
5f7f239e9b204e05b6c36538,json5,modifying-task-config-2,1746773643389,1746773648144,4.755,7,1
5f7f239e9b204e05b6c36538,json5,modifying-task-config-3,1746773705623,1746773709790,4.167,3,4
5f7f239e9b204e05b6c36538,json5,modifying-task-config-4,1746773787859,1746773791728,3.869,5,2
67b8636acd5ed420cc098b64,toml,writing-task-NL,1747174183116,1747174219764,36.648,7,7
67b8636acd5ed420cc098b64,toml,reading-task-config-1,1747174758667,1747174775442,16.775,7,3
67b8636acd5ed420cc098b64,toml,reading-task-config-2,1747174872855,1747174894602,21.747,4,1
67b8636acd5ed420cc098b64,toml,reading-task-config-3,1747174962565,1747174978276,15.711,7,1
67b8636acd5ed420cc098b64,toml,reading-task-config-4,1747175120280,1747175136736,16.456,7,2
67b8636acd5ed420cc098b64,toml,reading-task-config-5,1747175198267,1747175206836,8.569,1,7
67b8636acd5ed420cc098b64,toml,writing-task-config,1747176369539,1747176376722,7.183,7,1
67b8636acd5ed420cc098b64,toml,modifying-task-config-1,1747177107491,1747177119232,11.741,7,2
67b8636acd5ed420cc098b64,toml,modifying-task-config-2,1747177707005,1747177728554,21.549,7,1
67b8636acd5ed420cc098b64,toml,modifying-task-config-3,1747178109671,1747178131502,21.831,4,2
67b8636acd5ed420cc098b64,toml,modifying-task-config-4,1747178345734,1747178361046,15.312,5,3
57ca4b09993b08000192297b,xml,writing-task-NL,1747172725872,1747172733392,7.52,1,4
57ca4b09993b08000192297b,xml,reading-task-config-1,1747173008054,1747173015257,7.203,1,7
57ca4b09993b08000192297b,xml,reading-task-config-2,1747173035030,1747173039833,4.803,1,7
57ca4b09993b08000192297b,xml,reading-task-config-3,1747173122825,1747173127440,4.615,3,6
57ca4b09993b08000192297b,xml,reading-task-config-4,1747173178494,1747173185224,6.73,2,6
57ca4b09993b08000192297b,xml,reading-task-config-5,1747173234422,1747173238664,4.242,1,7
57ca4b09993b08000192297b,xml,writing-task-config,1747173604042,1747173608799,4.757,4,4
57ca4b09993b08000192297b,xml,modifying-task-config-1,1747173693676,1747173696672,2.996,2,7
57ca4b09993b08000192297b,xml,modifying-task-config-2,1747173854008,1747173859568,5.56,2,6
57ca4b09993b08000192297b,xml,modifying-task-config-3,1747173939832,1747173946296,6.464,5,5
57ca4b09993b08000192297b,xml,modifying-task-config-4,1747174412724,1747174419840,7.116,6,2
67d1cc8044430e99a7d91b4a,toml,writing-task-NL,1746777445342,1746777450500,5.158,1,7
67d1cc8044430e99a7d91b4a,toml,reading-task-config-1,1746778364617,1746778385823,21.206,5,7
67d1cc8044430e99a7d91b4a,toml,reading-task-config-2,1746778411478,1746778423363,11.885,1,7
67d1cc8044430e99a7d91b4a,toml,reading-task-config-3,1746778538871,1746778554744,15.873,4,5
67d1cc8044430e99a7d91b4a,toml,reading-task-config-4,1746778670983,1746778675788,4.805,5,5
67d1cc8044430e99a7d91b4a,toml,reading-task-config-5,1746778896604,1746778903711,7.107,2,7
67d1cc8044430e99a7d91b4a,toml,writing-task-config,1746780187170,1746780209035,21.865,4,6
67d1cc8044430e99a7d91b4a,toml,modifying-task-config-1,1746780363632,1746780372666,9.034,1,6
67d1cc8044430e99a7d91b4a,toml,modifying-task-config-2,1746781197532,1746781213929,16.397,7,4
67d1cc8044430e99a7d91b4a,toml,modifying-task-config-3,1746781320849,1746781325876,5.027,2,6
67d1cc8044430e99a7d91b4a,toml,modifying-task-config-4,1746781757152,1746781769299,12.147,7,4
6693ce87e76d32ccf07fbcd8,xml,writing-task-NL,1746768656064,1746768673759,17.695,1,7
6693ce87e76d32ccf07fbcd8,xml,reading-task-config-1,1746769644624,1746769656205,11.581,1,7
6693ce87e76d32ccf07fbcd8,xml,reading-task-config-2,1746769867289,1746769879922,12.633,3,7
6693ce87e76d32ccf07fbcd8,xml,reading-task-config-3,1746769942076,1746769952520,10.444,1,7
6693ce87e76d32ccf07fbcd8,xml,reading-task-config-4,1746770158181,1746770168363,10.182,1,7
6693ce87e76d32ccf07fbcd8,xml,reading-task-config-5,1746770247299,1746770255008,7.709,1,7
6693ce87e76d32ccf07fbcd8,xml,writing-task-config,1746771315110,1746771327397,12.287,5,3
6693ce87e76d32ccf07fbcd8,xml,modifying-task-config-1,1746771649202,1746771655675,6.473,1,7
6693ce87e76d32ccf07fbcd8,xml,modifying-task-config-2,1746771923566,1746771934141,10.575,1,7
6693ce87e76d32ccf07fbcd8,xml,modifying-task-config-3,1746772509558,1746772524732,15.174,2,6
6693ce87e76d32ccf07fbcd8,xml,modifying-task-config-4,1746772836086,1746772841444,5.358,1,7
680ebf035ab59d342f31726e,hjson,writing-task-NL,1747173131732,1747173143883,12.151,2,7
680ebf035ab59d342f31726e,hjson,reading-task-config-1,1747175340818,1747175351004,10.186,2,7
680ebf035ab59d342f31726e,hjson,reading-task-config-2,1747175408661,1747175418053,9.392,2,7
680ebf035ab59d342f31726e,hjson,reading-task-config-3,1747175456404,1747175463354,6.95,2,7
680ebf035ab59d342f31726e,hjson,reading-task-config-4,1747175573967,1747175580640,6.673,2,7
680ebf035ab59d342f31726e,hjson,reading-task-config-5,1747175674937,1747175682449,7.512,2,7
680ebf035ab59d342f31726e,hjson,writing-task-config,1747176993064,1747177000157,7.093,4,6
680ebf035ab59d342f31726e,hjson,modifying-task-config-1,1747177099395,1747177104781,5.386,2,7
680ebf035ab59d342f31726e,hjson,modifying-task-config-2,1747177317007,1747177323497,6.49,2,7
680ebf035ab59d342f31726e,hjson,modifying-task-config-3,1747177440090,1747177446106,6.016,2,7
680ebf035ab59d342f31726e,hjson,modifying-task-config-4,1747177776816,1747177785661,8.845,4,5
67f0d86fabc081fdc410e828,yaml,writing-task-NL,1746768598232,1746768607281,9.049,1,7
67f0d86fabc081fdc410e828,yaml,reading-task-config-1,1746769725546,1746769740118,14.572,7,5
67f0d86fabc081fdc410e828,yaml,reading-task-config-2,1746769935302,1746769944415,9.113,5,7
67f0d86fabc081fdc410e828,yaml,reading-task-config-3,1746769986864,1746769995388,8.524,1,7
67f0d86fabc081fdc410e828,yaml,reading-task-config-4,1746770188769,1746770197765,8.996,3,6
67f0d86fabc081fdc410e828,yaml,reading-task-config-5,1746770265347,1746770270889,5.542,1,7
67f0d86fabc081fdc410e828,yaml,writing-task-config,1746770949894,1746770958643,8.749,7,1
67f0d86fabc081fdc410e828,yaml,modifying-task-config-1,1746771042170,1746771049385,7.215,1,7
67f0d86fabc081fdc410e828,yaml,modifying-task-config-2,1746771261670,1746771266754,5.084,1,7
67f0d86fabc081fdc410e828,yaml,modifying-task-config-3,1746771413552,1746771422808,9.256,1,6
67f0d86fabc081fdc410e828,yaml,modifying-task-config-4,1746771586478,1746771592861,6.383,3,5
6691809035e52ca9b2b0f39a,yaml,writing-task-NL,1747173479198,1747173496260,17.062,5,6
6691809035e52ca9b2b0f39a,yaml,reading-task-config-1,1747174227101,1747174237877,10.776,1,7
6691809035e52ca9b2b0f39a,yaml,reading-task-config-2,1747174373364,1747174382669,9.305,5,7
6691809035e52ca9b2b0f39a,yaml,reading-task-config-3,1747174421170,1747174428037,6.867,1,7
6691809035e52ca9b2b0f39a,yaml,reading-task-config-4,1747174732496,1747174744053,11.557,4,5
6691809035e52ca9b2b0f39a,yaml,reading-task-config-5,1747174784713,1747174790341,5.628,1,7
6691809035e52ca9b2b0f39a,yaml,writing-task-config,1747176308429,1747176317062,8.633,7,1
6691809035e52ca9b2b0f39a,yaml,modifying-task-config-1,1747176482568,1747176492502,9.934,3,2
6691809035e52ca9b2b0f39a,yaml,modifying-task-config-2,1747176743960,1747176749126,5.166,4,5
6691809035e52ca9b2b0f39a,yaml,modifying-task-config-3,1747176898160,1747176903582,5.422,4,1
6691809035e52ca9b2b0f39a,yaml,modifying-task-config-4,1747177145607,1747177150814,5.207,4,2
678faf5b31008609fd85b185,json5,writing-task-NL,1747345727154,1747345734985,7.831,3,3
678faf5b31008609fd85b185,json5,reading-task-config-1,1747346176467,1747346187603,11.136,6,2
678faf5b31008609fd85b185,json5,reading-task-config-2,1747346231994,1747346239993,7.999,6,3
678faf5b31008609fd85b185,json5,reading-task-config-3,1747346263836,1747346273826,9.99,3,6
678faf5b31008609fd85b185,json5,reading-task-config-4,1747346324030,1747346330761,6.731,6,4
678faf5b31008609fd85b185,json5,reading-task-config-5,1747346452186,1747346458941,6.755,2,6
678faf5b31008609fd85b185,json5,writing-task-config,1747346828490,1747346835352,6.862,7,2
678faf5b31008609fd85b185,json5,modifying-task-config-1,1747346926986,1747346932574,5.588,2,4
678faf5b31008609fd85b185,json5,modifying-task-config-2,1747347081566,1747347093155,11.589,4,4
678faf5b31008609fd85b185,json5,modifying-task-config-3,1747347140914,1747347146850,5.936,4,4
678faf5b31008609fd85b185,json5,modifying-task-config-4,1747347274109,1747347281187,7.078,7,1
65e85a421f2dee53c62fbf45,json5,writing-task-NL,1746769839579,1746769849849,10.27,1,7
65e85a421f2dee53c62fbf45,json5,reading-task-config-1,1746775411061,1746775431106,20.045,1,6
65e85a421f2dee53c62fbf45,json5,reading-task-config-2,1746775500207,1746775513078,12.871,2,6
65e85a421f2dee53c62fbf45,json5,reading-task-config-3,1746775625252,1746775633905,8.653,4,4
65e85a421f2dee53c62fbf45,json5,reading-task-config-4,1746776161733,1746776170935,9.202,7,3
65e85a421f2dee53c62fbf45,json5,reading-task-config-5,1746776579481,1746776587274,7.793,1,7
65e85a421f2dee53c62fbf45,json5,writing-task-config,1746778179608,1746778187150,7.542,7,1
65e85a421f2dee53c62fbf45,json5,modifying-task-config-1,1746778637600,1746778650843,13.243,1,7
65e85a421f2dee53c62fbf45,json5,modifying-task-config-2,1746779509373,1746779516338,6.965,7,4
65e85a421f2dee53c62fbf45,json5,modifying-task-config-3,1746780024712,1746780035058,10.346,5,5
65e85a421f2dee53c62fbf45,json5,modifying-task-config-4,1746780417899,1746780429881,11.982,3,6
666b0b42bb6fa2822fa27a32,json5,writing-task-NL,1746767993571,1746768002258,8.687,1,1
666b0b42bb6fa2822fa27a32,json5,reading-task-config-1,1746769194230,1746769203467,9.237,3,4
666b0b42bb6fa2822fa27a32,json5,reading-task-config-2,1746769318127,1746769322739,4.612,2,5
666b0b42bb6fa2822fa27a32,json5,reading-task-config-3,1746769423455,1746769428067,4.612,5,3
666b0b42bb6fa2822fa27a32,json5,reading-task-config-4,1746769524422,1746769529603,5.181,3,4
666b0b42bb6fa2822fa27a32,json5,reading-task-config-5,1746769659337,1746769662700,3.363,1,6
666b0b42bb6fa2822fa27a32,json5,writing-task-config,1746770323733,1746770329252,5.519,4,4
666b0b42bb6fa2822fa27a32,json5,modifying-task-config-1,1746770486380,1746770491300,4.92,3,4
666b0b42bb6fa2822fa27a32,json5,modifying-task-config-2,1746770635541,1746770642629,7.088,5,3
666b0b42bb6fa2822fa27a32,json5,modifying-task-config-3,1746770754150,1746770760453,6.303,2,6
666b0b42bb6fa2822fa27a32,json5,modifying-task-config-4,1746770922503,1746770928413,5.91,3,5
6708da9c62672d0fe65b6683,jsonc,writing-task-NL,1747172979055,1747172987153,8.098,1,7
6708da9c62672d0fe65b6683,jsonc,reading-task-config-1,1747173391607,1747173402979,11.372,6,3
6708da9c62672d0fe65b6683,jsonc,reading-task-config-2,1747173439764,1747173447422,7.658,4,3
6708da9c62672d0fe65b6683,jsonc,reading-task-config-3,1747173479537,1747173487164,7.627,2,5
6708da9c62672d0fe65b6683,jsonc,reading-task-config-4,1747173580558,1747173588534,7.976,7,1
6708da9c62672d0fe65b6683,jsonc,reading-task-config-5,1747173624042,1747173631372,7.33,2,4
6708da9c62672d0fe65b6683,jsonc,writing-task-config,1747174057151,1747174063655,6.504,7,1
6708da9c62672d0fe65b6683,jsonc,modifying-task-config-1,1747174267181,1747174273985,6.804,7,1
6708da9c62672d0fe65b6683,jsonc,modifying-task-config-2,1747174526538,1747174532913,6.375,7,1
6708da9c62672d0fe65b6683,jsonc,modifying-task-config-3,1747174632780,1747174639032,6.252,7,1
6708da9c62672d0fe65b6683,jsonc,modifying-task-config-4,1747174772194,1747174778082,5.888,7,1
60f70af563ef757f65e750e0,xml,writing-task-NL,1746767856084,1746767867017,10.933,1,7
60f70af563ef757f65e750e0,xml,reading-task-config-1,1746768677809,1746768690559,12.75,3,5
60f70af563ef757f65e750e0,xml,reading-task-config-2,1746768768811,1746768780030,11.219,3,6
60f70af563ef757f65e750e0,xml,reading-task-config-3,1746768807286,1746768816378,9.092,3,4
60f70af563ef757f65e750e0,xml,reading-task-config-4,1746769101492,1746769113050,11.558,4,4
60f70af563ef757f65e750e0,xml,reading-task-config-5,1746769142208,1746769163466,21.258,3,4
60f70af563ef757f65e750e0,xml,writing-task-config,1746769864402,1746769883362,18.96,6,2
60f70af563ef757f65e750e0,xml,modifying-task-config-1,1746770056551,1746770080098,23.547,5,4
60f70af563ef757f65e750e0,xml,modifying-task-config-2,1746770354330,1746770362954,8.624,3,5
60f70af563ef757f65e750e0,xml,modifying-task-config-3,1746770504397,1746770513283,8.886,3,5
60f70af563ef757f65e750e0,xml,modifying-task-config-4,1746770752613,1746770758564,5.951,4,3
670f9ddb0e32533c222c3031,json,writing-task-NL,1746768863948,1746768880972,17.024,3,6
670f9ddb0e32533c222c3031,json,reading-task-config-1,1746769066042,1746769074627,8.585,5,4
670f9ddb0e32533c222c3031,json,reading-task-config-2,1746769113358,1746769117659,4.301,5,4
670f9ddb0e32533c222c3031,json,reading-task-config-3,1746769144779,1746769148059,3.28,5,6
670f9ddb0e32533c222c3031,json,reading-task-config-4,1746769163225,1746769169659,6.434,6,5
670f9ddb0e32533c222c3031,json,reading-task-config-5,1746769227474,1746769235091,7.617,4,6
670f9ddb0e32533c222c3031,json,writing-task-config,1746770101625,1746770107931,6.306,5,6
670f9ddb0e32533c222c3031,json,modifying-task-config-1,1746770117973,1746770123666,5.693,4,5
670f9ddb0e32533c222c3031,json,modifying-task-config-2,1746770132659,1746770138211,5.552,4,6
670f9ddb0e32533c222c3031,json,modifying-task-config-3,1746770193373,1746770199051,5.678,4,6
670f9ddb0e32533c222c3031,json,modifying-task-config-4,1746770225952,1746770231226,5.274,4,6
67d03135f855dd0ff0994265,toml,writing-task-NL,1746769129736,1746769147554,17.818,1,6
67d03135f855dd0ff0994265,toml,reading-task-config-1,1746769648193,1746769657398,9.205,2,4
67d03135f855dd0ff0994265,toml,reading-task-config-2,1746769748793,1746769761311,12.518,2,6
67d03135f855dd0ff0994265,toml,reading-task-config-3,1746769824138,1746769830157,6.019,1,6
67d03135f855dd0ff0994265,toml,reading-task-config-4,1746769971262,1746769979558,8.296,4,1
67d03135f855dd0ff0994265,toml,reading-task-config-5,1746770094025,1746770102389,8.364,5,2
67d03135f855dd0ff0994265,toml,writing-task-config,1746771267352,1746771276737,9.385,5,3
67d03135f855dd0ff0994265,toml,modifying-task-config-1,1746771428702,1746771436337,7.635,5,2
67d03135f855dd0ff0994265,toml,modifying-task-config-2,1746771646664,1746771658119,11.455,3,4
67d03135f855dd0ff0994265,toml,modifying-task-config-3,1746771793836,1746771799899,6.063,3,3
67d03135f855dd0ff0994265,toml,modifying-task-config-4,1746771968281,1746771975415,7.134,3,3
674f479b2a4ef75e4551f258,json5,writing-task-NL,1747336451749,1747336466708,14.959,2,6
674f479b2a4ef75e4551f258,json5,reading-task-config-1,1747338134555,1747338145319,10.764,2,6
674f479b2a4ef75e4551f258,json5,reading-task-config-2,1747338254647,1747338263516,8.869,1,6
674f479b2a4ef75e4551f258,json5,reading-task-config-3,1747338337818,1747338342394,4.576,1,7
674f479b2a4ef75e4551f258,json5,reading-task-config-4,1747338540281,1747338547801,7.52,3,5
674f479b2a4ef75e4551f258,json5,reading-task-config-5,1747338697014,1747338704724,7.71,4,4
674f479b2a4ef75e4551f258,json5,writing-task-config,1747339639580,1747339645852,6.272,2,6
674f479b2a4ef75e4551f258,json5,modifying-task-config-1,1747339782297,1747339789436,7.139,2,6
674f479b2a4ef75e4551f258,json5,modifying-task-config-2,1747340080445,1747340088017,7.572,3,4
674f479b2a4ef75e4551f258,json5,modifying-task-config-3,1747340214332,1747340220676,6.344,2,6
674f479b2a4ef75e4551f258,json5,modifying-task-config-4,1747340385423,1747340394730,9.307,4,3
5ee4a14b578f8a000b384376,yaml,writing-task-NL,1746767576896,1746767583775,6.879,1,7
5ee4a14b578f8a000b384376,yaml,reading-task-config-1,1746767950285,1746767957778,7.493,2,7
5ee4a14b578f8a000b384376,yaml,reading-task-config-2,1746767993385,1746767998800,5.415,2,7
5ee4a14b578f8a000b384376,yaml,reading-task-config-3,1746768011624,1746768017451,5.827,2,7
5ee4a14b578f8a000b384376,yaml,reading-task-config-4,1746768090593,1746768096424,5.831,4,3
5ee4a14b578f8a000b384376,yaml,reading-task-config-5,1746768127713,1746768132772,5.059,3,5
5ee4a14b578f8a000b384376,yaml,writing-task-config,1746768544227,1746768551201,6.974,7,1
5ee4a14b578f8a000b384376,yaml,modifying-task-config-1,1746768617848,1746768621810,3.962,2,6
5ee4a14b578f8a000b384376,yaml,modifying-task-config-2,1746768822187,1746768826685,4.498,4,6
5ee4a14b578f8a000b384376,yaml,modifying-task-config-3,1746768997404,1746769001978,4.574,7,1
5ee4a14b578f8a000b384376,yaml,modifying-task-config-4,1746769444465,1746769450404,5.939,7,1
63af557b3d4f219c3226b7d6,yaml,writing-task-NL,1747333718054,1747333725884,7.83,2,6
63af557b3d4f219c3226b7d6,yaml,reading-task-config-1,1747334170511,1747334179646,9.135,3,6
63af557b3d4f219c3226b7d6,yaml,reading-task-config-2,1747334209529,1747334215715,6.186,3,5
63af557b3d4f219c3226b7d6,yaml,reading-task-config-3,1747334229996,1747334236161,6.165,3,5
63af557b3d4f219c3226b7d6,yaml,reading-task-config-4,1747334333438,1747334339337,5.899,5,4
63af557b3d4f219c3226b7d6,yaml,reading-task-config-5,1747334374630,1747334379593,4.963,3,5
63af557b3d4f219c3226b7d6,yaml,writing-task-config,1747334864806,1747334872207,7.401,7,1
63af557b3d4f219c3226b7d6,yaml,modifying-task-config-1,1747334951866,1747334956976,5.11,6,1
63af557b3d4f219c3226b7d6,yaml,modifying-task-config-2,1747335149085,1747335154192,5.107,5,2
63af557b3d4f219c3226b7d6,yaml,modifying-task-config-3,1747335320049,1747335325808,5.759,6,1
63af557b3d4f219c3226b7d6,yaml,modifying-task-config-4,1747335487339,1747335492856,5.517,7,1
65583ffa38bfc41805a553cd,hjson,writing-task-NL,1747180139155,1747180148723,9.568,1,7
65583ffa38bfc41805a553cd,hjson,reading-task-config-1,1747180920429,1747180931973,11.544,4,4
65583ffa38bfc41805a553cd,hjson,reading-task-config-2,1747180960645,1747180971311,10.666,2,6
65583ffa38bfc41805a553cd,hjson,reading-task-config-3,1747180999568,1747181008204,8.636,2,6
65583ffa38bfc41805a553cd,hjson,reading-task-config-4,1747181302702,1747181315494,12.792,7,1
65583ffa38bfc41805a553cd,hjson,reading-task-config-5,1747181394548,1747181410437,15.889,1,6
65583ffa38bfc41805a553cd,hjson,writing-task-config,1747182418468,1747182425123,6.655,7,1
65583ffa38bfc41805a553cd,hjson,modifying-task-config-1,1747182525255,1747182530740,5.485,1,7
65583ffa38bfc41805a553cd,hjson,modifying-task-config-2,1747182820022,1747182834016,13.994,2,7
65583ffa38bfc41805a553cd,hjson,modifying-task-config-3,1747182931118,1747182936315,5.197,1,7
65583ffa38bfc41805a553cd,hjson,modifying-task-config-4,1747183188359,1747183195310,6.951,7,1
66684d30d1a0d64a3a348c82,yaml,writing-task-NL,1747333774144,1747333788815,14.671,1,6
66684d30d1a0d64a3a348c82,yaml,reading-task-config-1,1747334799908,1747334810492,10.584,6,4
66684d30d1a0d64a3a348c82,yaml,reading-task-config-2,1747334894629,1747334903380,8.751,6,4
66684d30d1a0d64a3a348c82,yaml,reading-task-config-3,1747334984226,1747334994077,9.851,5,4
66684d30d1a0d64a3a348c82,yaml,reading-task-config-4,1747335176544,1747335185134,8.59,7,3
66684d30d1a0d64a3a348c82,yaml,reading-task-config-5,1747335261752,1747335268001,6.249,6,3
66684d30d1a0d64a3a348c82,yaml,writing-task-config,1747335724675,1747335734089,9.414,7,2
66684d30d1a0d64a3a348c82,yaml,modifying-task-config-1,1747336261614,1747336269429,7.815,7,1
66684d30d1a0d64a3a348c82,yaml,modifying-task-config-2,1747336646064,1747336655862,9.798,6,3
66684d30d1a0d64a3a348c82,yaml,modifying-task-config-3,1747337412567,1747337420443,7.876,7,1
66684d30d1a0d64a3a348c82,yaml,modifying-task-config-4,1747337767095,1747337775215,8.12,7,1
60ec51c51a3158a50ded8a3e,json5,writing-task-NL,1747334324385,1747334331163,6.778,2,6
60ec51c51a3158a50ded8a3e,json5,reading-task-config-1,1747334687545,1747334693314,5.769,1,7
60ec51c51a3158a50ded8a3e,json5,reading-task-config-2,1747334722649,1747334726330,3.681,2,6
60ec51c51a3158a50ded8a3e,json5,reading-task-config-3,1747334751480,1747334754833,3.353,1,7
60ec51c51a3158a50ded8a3e,json5,reading-task-config-4,1747334879438,1747334886058,6.62,3,5
60ec51c51a3158a50ded8a3e,json5,reading-task-config-5,1747334937629,1747334946260,8.631,2,5
60ec51c51a3158a50ded8a3e,json5,writing-task-config,1747335291120,1747335298379,7.259,4,5
60ec51c51a3158a50ded8a3e,json5,modifying-task-config-1,1747335430566,1747335435931,5.365,3,5
60ec51c51a3158a50ded8a3e,json5,modifying-task-config-2,1747335594581,1747335604054,9.473,3,5
60ec51c51a3158a50ded8a3e,json5,modifying-task-config-3,1747335695032,1747335703850,8.818,3,4
60ec51c51a3158a50ded8a3e,json5,modifying-task-config-4,1747335892865,1747335899450,6.585,3,3
671bdd06525adeea062a1d73,json,writing-task-NL,1747172763241,1747172768525,5.284,1,7
671bdd06525adeea062a1d73,json,reading-task-config-1,1747173068986,1747173073251,4.265,1,7
671bdd06525adeea062a1d73,json,reading-task-config-2,1747173089578,1747173093599,4.021,1,7
671bdd06525adeea062a1d73,json,reading-task-config-3,1747173115462,1747173118613,3.151,1,7
671bdd06525adeea062a1d73,json,reading-task-config-4,1747173177182,1747173180580,3.398,1,7
671bdd06525adeea062a1d73,json,reading-task-config-5,1747173198558,1747173202585,4.027,1,7
671bdd06525adeea062a1d73,json,writing-task-config,1747173374950,1747173377711,2.761,1,7
671bdd06525adeea062a1d73,json,modifying-task-config-1,1747173564480,1747173568342,3.862,1,7
671bdd06525adeea062a1d73,json,modifying-task-config-2,1747173704812,1747173708440,3.628,1,7
671bdd06525adeea062a1d73,json,modifying-task-config-3,1747173774121,1747173776691,2.57,1,7
671bdd06525adeea062a1d73,json,modifying-task-config-4,1747173898786,1747173901396,2.61,1,7
6647e8618c77f7b938865d25,json5,writing-task-NL,1747360459536,1747360470235,10.699,1,7
6647e8618c77f7b938865d25,json5,reading-task-config-1,1747361374537,1747361388527,13.99,5,7
6647e8618c77f7b938865d25,json5,reading-task-config-2,1747361553034,1747361560739,7.705,6,3
6647e8618c77f7b938865d25,json5,reading-task-config-3,1747361601431,1747361607155,5.724,1,7
6647e8618c77f7b938865d25,json5,reading-task-config-4,1747361742788,1747361750337,7.549,6,4
6647e8618c77f7b938865d25,json5,reading-task-config-5,1747361827387,1747361833012,5.625,3,6
6647e8618c77f7b938865d25,json5,writing-task-config,1747362184862,1747362195271,10.409,6,6
6647e8618c77f7b938865d25,json5,modifying-task-config-1,1747362408477,1747362415240,6.763,2,7
6647e8618c77f7b938865d25,json5,modifying-task-config-2,1747362758400,1747362765956,7.556,3,7
6647e8618c77f7b938865d25,json5,modifying-task-config-3,1747362885213,1747362893225,8.012,5,6
6647e8618c77f7b938865d25,json5,modifying-task-config-4,1747363092452,1747363098447,5.995,2,7
613a541cf948d295c1df8752,jsonc,writing-task-NL,1746767521069,1746767525815,4.746,1,7
613a541cf948d295c1df8752,jsonc,reading-task-config-1,1746767925020,1746767930929,5.909,2,6
613a541cf948d295c1df8752,jsonc,reading-task-config-2,1746767948424,1746767953096,4.672,1,7
613a541cf948d295c1df8752,jsonc,reading-task-config-3,1746767975142,1746767979082,3.94,1,7
613a541cf948d295c1df8752,jsonc,reading-task-config-4,1746768072893,1746768077565,4.672,2,6
613a541cf948d295c1df8752,jsonc,reading-task-config-5,1746768112215,1746768116624,4.409,1,7
613a541cf948d295c1df8752,jsonc,writing-task-config,1746769270198,1746769275020,4.822,5,3
613a541cf948d295c1df8752,jsonc,modifying-task-config-1,1746769361570,1746769365783,4.213,3,3
613a541cf948d295c1df8752,jsonc,modifying-task-config-2,1746769491219,1746769498269,7.05,2,5
613a541cf948d295c1df8752,jsonc,modifying-task-config-3,1746769544565,1746769550516,5.951,2,6
613a541cf948d295c1df8752,jsonc,modifying-task-config-4,1746769818350,1746769823233,4.883,5,3
5e5c993cd0394c474f7cc502,toml,writing-task-NL,1747618295002,1747618301083,6.081,7,7
5e5c993cd0394c474f7cc502,toml,reading-task-config-1,1747618635985,1747618641721,5.736,1,7
5e5c993cd0394c474f7cc502,toml,reading-task-config-2,1747618674745,1747618679012,4.267,2,6
5e5c993cd0394c474f7cc502,toml,reading-task-config-3,1747618688953,1747618692031,3.078,1,7
5e5c993cd0394c474f7cc502,toml,reading-task-config-4,1747618747070,1747618751826,4.756,2,7
5e5c993cd0394c474f7cc502,toml,reading-task-config-5,1747618777443,1747618780090,2.647,1,7
5e5c993cd0394c474f7cc502,toml,writing-task-config,1747619418814,1747619425492,6.678,7,3
5e5c993cd0394c474f7cc502,toml,modifying-task-config-1,1747619471664,1747619475946,4.282,2,3
5e5c993cd0394c474f7cc502,toml,modifying-task-config-2,1747619583953,1747619587638,3.685,2,6
5e5c993cd0394c474f7cc502,toml,modifying-task-config-3,1747619641160,1747619645815,4.655,2,4
5e5c993cd0394c474f7cc502,toml,modifying-task-config-4,1747619825255,1747619832333,7.078,5,1
67c045fa5074c5500ca40e76,xml,writing-task-NL,1746769635504,1746769654808,19.304,1,7
67c045fa5074c5500ca40e76,xml,reading-task-config-1,1746772312581,1746772325527,12.946,7,6
67c045fa5074c5500ca40e76,xml,reading-task-config-2,1746772737788,1746772746844,9.056,7,4
67c045fa5074c5500ca40e76,xml,reading-task-config-3,1746772806033,1746772819962,13.929,6,5
67c045fa5074c5500ca40e76,xml,reading-task-config-4,1746773400091,1746773407831,7.74,7,6
67c045fa5074c5500ca40e76,xml,reading-task-config-5,1746773484725,1746773492751,8.026,7,5
67c045fa5074c5500ca40e76,xml,writing-task-config,1746774597886,1746774604696,6.81,7,6
67c045fa5074c5500ca40e76,xml,modifying-task-config-1,1746774916711,1746774926969,10.258,7,3
67c045fa5074c5500ca40e76,xml,modifying-task-config-2,1746775043091,1746775053062,9.971,7,2
67c045fa5074c5500ca40e76,xml,modifying-task-config-3,1746775099428,1746775109262,9.834,7,1
67c045fa5074c5500ca40e76,xml,modifying-task-config-4,1746775147476,1746775160680,13.204,7,1
67d2eaf9d5996dc6be1c7072,xml,writing-task-NL,1746768115449,1746768123450,8.001,1,7
67d2eaf9d5996dc6be1c7072,xml,reading-task-config-1,1746769594811,1746769602185,7.374,1,7
67d2eaf9d5996dc6be1c7072,xml,reading-task-config-2,1746769719423,1746769723518,4.095,1,7
67d2eaf9d5996dc6be1c7072,xml,reading-task-config-3,1746769893785,1746769900107,6.322,5,4
67d2eaf9d5996dc6be1c7072,xml,reading-task-config-4,1746770071576,1746770077747,6.171,4,5
67d2eaf9d5996dc6be1c7072,xml,reading-task-config-5,1746770348751,1746770353478,4.727,1,7
67d2eaf9d5996dc6be1c7072,xml,writing-task-config,1746771054636,1746771059831,5.195,7,1
67d2eaf9d5996dc6be1c7072,xml,modifying-task-config-1,1746771156964,1746771163068,6.104,1,7
67d2eaf9d5996dc6be1c7072,xml,modifying-task-config-2,1746771429937,1746771441895,11.958,7,1
67d2eaf9d5996dc6be1c7072,xml,modifying-task-config-3,1746771563515,1746771567663,4.148,5,3
67d2eaf9d5996dc6be1c7072,xml,modifying-task-config-4,1746771738515,1746771744347,5.832,5,3
60e2ebb6ad1d5ee0e515a7c5,yaml,writing-task-NL,1746767881589,1746767897570,15.981,2,3
60e2ebb6ad1d5ee0e515a7c5,yaml,reading-task-config-1,1746768284811,1746768296679,11.868,4,2
60e2ebb6ad1d5ee0e515a7c5,yaml,reading-task-config-2,1746768329244,1746768338339,9.095,4,3
60e2ebb6ad1d5ee0e515a7c5,yaml,reading-task-config-3,1746768374605,1746768384842,10.237,2,5
60e2ebb6ad1d5ee0e515a7c5,yaml,reading-task-config-4,1746768517121,1746768526221,9.1,6,1
60e2ebb6ad1d5ee0e515a7c5,yaml,reading-task-config-5,1746768592384,1746768597096,4.712,1,7
60e2ebb6ad1d5ee0e515a7c5,yaml,writing-task-config,1746769195787,1746769203673,7.886,7,1
60e2ebb6ad1d5ee0e515a7c5,yaml,modifying-task-config-1,1746769320776,1746769327216,6.44,1,7
60e2ebb6ad1d5ee0e515a7c5,yaml,modifying-task-config-2,1746769499082,1746769512404,13.322,2,4
60e2ebb6ad1d5ee0e515a7c5,yaml,modifying-task-config-3,1746769619928,1746769630080,10.152,3,5
60e2ebb6ad1d5ee0e515a7c5,yaml,modifying-task-config-4,1746769779325,1746769787458,8.133,5,3
67153c0d669d191ab273b865,yaml,writing-task-NL,1747175273871,1747175287639,13.768,1,7
67153c0d669d191ab273b865,yaml,reading-task-config-1,1747176255014,1747176265646,10.632,7,4
67153c0d669d191ab273b865,yaml,reading-task-config-2,1747176320846,1747176328700,7.854,7,4
67153c0d669d191ab273b865,yaml,reading-task-config-3,1747176390869,1747176396123,5.254,4,7
67153c0d669d191ab273b865,yaml,reading-task-config-4,1747176619764,1747176628744,8.98,7,3
67153c0d669d191ab273b865,yaml,reading-task-config-5,1747176705099,1747176710988,5.889,6,6
67153c0d669d191ab273b865,yaml,writing-task-config,1747177468294,1747177487589,19.295,7,1
67153c0d669d191ab273b865,yaml,modifying-task-config-1,1747177679612,1747177685188,5.576,7,1
67153c0d669d191ab273b865,yaml,modifying-task-config-2,1747178026210,1747178031650,5.44,7,6
67153c0d669d191ab273b865,yaml,modifying-task-config-3,1747178248907,1747178254127,5.22,7,1
67153c0d669d191ab273b865,yaml,modifying-task-config-4,1747178458803,1747178462838,4.035,7,2
67ab1d683813ed19603e1030,yaml,writing-task-NL,1746778401980,1746778410844,8.864,1,7
67ab1d683813ed19603e1030,yaml,reading-task-config-1,1746778813818,1746778823452,9.634,4,5
67ab1d683813ed19603e1030,yaml,reading-task-config-2,1746778916341,1746778919683,3.342,1,7
67ab1d683813ed19603e1030,yaml,reading-task-config-3,1746778941201,1746778943820,2.619,1,7
67ab1d683813ed19603e1030,yaml,reading-task-config-4,1746779216554,1746779221621,5.067,6,2
67ab1d683813ed19603e1030,yaml,reading-task-config-5,1746779244281,1746779247009,2.728,1,7
67ab1d683813ed19603e1030,yaml,writing-task-config,1746779629446,1746779634833,5.387,5,2
67ab1d683813ed19603e1030,yaml,modifying-task-config-1,1746779843082,1746779845870,2.788,1,7
67ab1d683813ed19603e1030,yaml,modifying-task-config-2,1746780166317,1746780172826,6.509,3,5
67ab1d683813ed19603e1030,yaml,modifying-task-config-3,1746780386999,1746780392062,5.063,6,1
67ab1d683813ed19603e1030,yaml,modifying-task-config-4,1746780541630,1746780545178,3.548,1,7
60e343946a7faddde88fbe3c,yaml,writing-task-NL,1747173830623,1747173843257,12.634,1,7
60e343946a7faddde88fbe3c,yaml,reading-task-config-1,1747174502899,1747174512946,10.047,1,7
60e343946a7faddde88fbe3c,yaml,reading-task-config-2,1747174559701,1747174567417,7.716,1,7
60e343946a7faddde88fbe3c,yaml,reading-task-config-3,1747174599495,1747174604758,5.263,1,7
60e343946a7faddde88fbe3c,yaml,reading-task-config-4,1747174739311,1747174749526,10.215,2,7
60e343946a7faddde88fbe3c,yaml,reading-task-config-5,1747175017339,1747175027940,10.601,3,6
60e343946a7faddde88fbe3c,yaml,writing-task-config,1747176131885,1747176142103,10.218,4,6
60e343946a7faddde88fbe3c,yaml,modifying-task-config-1,1747176349275,1747176354346,5.071,2,7
60e343946a7faddde88fbe3c,yaml,modifying-task-config-2,1747176608629,1747176615434,6.805,1,7
60e343946a7faddde88fbe3c,yaml,modifying-task-config-3,1747176803121,1747176812196,9.075,2,7
60e343946a7faddde88fbe3c,yaml,modifying-task-config-4,1747177098133,1747177103015,4.882,2,5
67e0333064ddada0e2fc6f1e,yaml,writing-task-NL,1746774091782,1746774116793,25.011,1,7
67e0333064ddada0e2fc6f1e,yaml,reading-task-config-1,1746774486670,1746774497929,11.259,1,7
67e0333064ddada0e2fc6f1e,yaml,reading-task-config-2,1746774518408,1746774522604,4.196,1,7
67e0333064ddada0e2fc6f1e,yaml,reading-task-config-3,1746774571976,1746774584925,12.949,1,7
67e0333064ddada0e2fc6f1e,yaml,reading-task-config-4,1746774628595,1746774632527,3.932,1,7
67e0333064ddada0e2fc6f1e,yaml,reading-task-config-5,1746774659228,1746774662781,3.553,1,7
67e0333064ddada0e2fc6f1e,yaml,writing-task-config,1746774893832,1746774900039,6.207,1,7
67e0333064ddada0e2fc6f1e,yaml,modifying-task-config-1,1746774999658,1746775005054,5.396,1,7
67e0333064ddada0e2fc6f1e,yaml,modifying-task-config-2,1746775177224,1746775181764,4.54,1,7
67e0333064ddada0e2fc6f1e,yaml,modifying-task-config-3,1746775242655,1746775253319,10.664,1,7
67e0333064ddada0e2fc6f1e,yaml,modifying-task-config-4,1746775324201,1746775328565,4.364,1,7
5b3ec4332a5fbf00014eae57,toml,writing-task-NL,1747346110427,1747346121001,10.574,7,4
5b3ec4332a5fbf00014eae57,toml,reading-task-config-1,1747346584705,1747346590376,5.671,1,7
5b3ec4332a5fbf00014eae57,toml,reading-task-config-2,1747346656314,1747346668592,12.278,4,3
5b3ec4332a5fbf00014eae57,toml,reading-task-config-3,1747346694850,1747346699384,4.534,1,7
5b3ec4332a5fbf00014eae57,toml,reading-task-config-4,1747346944342,1747346953928,9.586,6,1
5b3ec4332a5fbf00014eae57,toml,reading-task-config-5,1747347067230,1747347077151,9.921,2,5
5b3ec4332a5fbf00014eae57,toml,writing-task-config,1747347917424,1747347924727,7.303,7,1
5b3ec4332a5fbf00014eae57,toml,modifying-task-config-1,1747348030372,1747348037375,7.003,5,2
5b3ec4332a5fbf00014eae57,toml,modifying-task-config-2,1747348287588,1747348296135,8.547,6,2
5b3ec4332a5fbf00014eae57,toml,modifying-task-config-3,1747348386031,1747348397719,11.688,4,2
5b3ec4332a5fbf00014eae57,toml,modifying-task-config-4,1747348726811,1747348732312,5.501,7,1
66912d7bf9d35c08f6919958,json,writing-task-NL,1746768968193,1746768983733,15.54,1,7
66912d7bf9d35c08f6919958,json,reading-task-config-1,1746769956410,1746769972646,16.236,1,7
66912d7bf9d35c08f6919958,json,reading-task-config-2,1746769989263,1746769999846,10.583,1,7
66912d7bf9d35c08f6919958,json,reading-task-config-3,1746770118702,1746770134461,15.759,1,7
66912d7bf9d35c08f6919958,json,reading-task-config-4,1746770220028,1746770228527,8.499,1,7
66912d7bf9d35c08f6919958,json,reading-task-config-5,1746770553338,1746770559206,5.868,1,7
66912d7bf9d35c08f6919958,json,writing-task-config,1746771178107,1746771209095,30.988,1,7
66912d7bf9d35c08f6919958,json,modifying-task-config-1,1746771233750,1746771240599,6.849,1,7
66912d7bf9d35c08f6919958,json,modifying-task-config-2,1746771255496,1746771278022,22.526,1,7
66912d7bf9d35c08f6919958,json,modifying-task-config-3,1746771402969,1746771408954,5.985,1,7
66912d7bf9d35c08f6919958,json,modifying-task-config-4,1746771637105,1746771644719,7.614,1,7
6717980047b565ab5b849317,hjson,writing-task-NL,1746769191226,1746769204586,13.36,1,6
6717980047b565ab5b849317,hjson,reading-task-config-1,1746769883100,1746769893189,10.089,6,4
6717980047b565ab5b849317,hjson,reading-task-config-2,1746769949773,1746769957616,7.843,5,4
6717980047b565ab5b849317,hjson,reading-task-config-3,1746770015784,1746770025773,9.989,5,5
6717980047b565ab5b849317,hjson,reading-task-config-4,1746770089174,1746770102615,13.441,6,3
6717980047b565ab5b849317,hjson,reading-task-config-5,1746770174323,1746770185424,11.101,6,2
6717980047b565ab5b849317,hjson,writing-task-config,1746770971267,1746770982021,10.754,6,3
6717980047b565ab5b849317,hjson,modifying-task-config-1,1746771034634,1746771040313,5.679,7,2
6717980047b565ab5b849317,hjson,modifying-task-config-2,1746771145402,1746771199056,53.654,7,2
6717980047b565ab5b849317,hjson,modifying-task-config-3,1746771474096,1746771492133,18.037,6,3
6717980047b565ab5b849317,hjson,modifying-task-config-4,1746771846751,1746771872624,25.873,7,1
651b29ff3a6cadf518640abe,xml,writing-task-NL,1746767691486,1746767699136,7.65,2,7
651b29ff3a6cadf518640abe,xml,reading-task-config-1,1746768801662,1746768812990,11.328,4,5
651b29ff3a6cadf518640abe,xml,reading-task-config-2,1746768886913,1746768894212,7.299,3,6
651b29ff3a6cadf518640abe,xml,reading-task-config-3,1746769014200,1746769021788,7.588,6,2
651b29ff3a6cadf518640abe,xml,reading-task-config-4,1746769282727,1746769288643,5.916,7,1
651b29ff3a6cadf518640abe,xml,reading-task-config-5,1746769414239,1746769420324,6.085,5,3
651b29ff3a6cadf518640abe,xml,writing-task-config,1746770248067,1746770252647,4.58,7,1
651b29ff3a6cadf518640abe,xml,modifying-task-config-1,1746770358712,1746770362987,4.275,7,1
651b29ff3a6cadf518640abe,xml,modifying-task-config-2,1746770761892,1746770767451,5.559,7,1
651b29ff3a6cadf518640abe,xml,modifying-task-config-3,1746771094849,1746771098360,3.511,4,4
651b29ff3a6cadf518640abe,xml,modifying-task-config-4,1746771250661,1746771254465,3.804,7,1
6818ca1523ece90f671e3601,json,writing-task-NL,1746769081777,1746769095039,13.262,2,6
6818ca1523ece90f671e3601,json,reading-task-config-1,1746769868084,1746769875119,7.035,2,7
6818ca1523ece90f671e3601,json,reading-task-config-2,1746769905284,1746769911933,6.649,1,7
6818ca1523ece90f671e3601,json,reading-task-config-3,1746769980493,1746769988049,7.556,2,7
6818ca1523ece90f671e3601,json,reading-task-config-4,1746770268693,1746770275737,7.044,3,6
6818ca1523ece90f671e3601,json,reading-task-config-5,1746770324037,1746770328674,4.637,1,7
6818ca1523ece90f671e3601,json,writing-task-config,1746771669621,1746771677622,8.001,2,7
6818ca1523ece90f671e3601,json,modifying-task-config-1,1746771823760,1746771829712,5.952,3,5
6818ca1523ece90f671e3601,json,modifying-task-config-2,1746772084900,1746772089236,4.336,1,7
6818ca1523ece90f671e3601,json,modifying-task-config-3,1746772194536,1746772203667,9.131,1,7
6818ca1523ece90f671e3601,json,modifying-task-config-4,1746772318987,1746772323775,4.788,6,2
67c1dd323984fa84ae83e162,jsonc,writing-task-NL,1747174934305,1747174966199,31.894,3,6
67c1dd323984fa84ae83e162,jsonc,reading-task-config-1,1747176108042,1747176120020,11.978,6,4
67c1dd323984fa84ae83e162,jsonc,reading-task-config-2,1747176151798,1747176162366,10.568,5,5
67c1dd323984fa84ae83e162,jsonc,reading-task-config-3,1747176226743,1747176236442,9.699,4,3
67c1dd323984fa84ae83e162,jsonc,reading-task-config-4,1747176399867,1747176417798,17.931,7,6
67c1dd323984fa84ae83e162,jsonc,reading-task-config-5,1747176513539,1747176534386,20.847,6,6
67c1dd323984fa84ae83e162,jsonc,writing-task-config,1747178481437,1747178491968,10.531,7,6
67c1dd323984fa84ae83e162,jsonc,modifying-task-config-1,1747178574817,1747178590452,15.635,6,4
67c1dd323984fa84ae83e162,jsonc,modifying-task-config-2,1747179086703,1747179109050,22.347,7,2
67c1dd323984fa84ae83e162,jsonc,modifying-task-config-3,1747179252334,1747179261830,9.496,1,7
67c1dd323984fa84ae83e162,jsonc,modifying-task-config-4,1747179618334,1747179627678,9.344,6,3
67d2a409ab3638e33fc417b9,hjson,writing-task-NL,1747348118854,1747348125173,6.319,1,5
67d2a409ab3638e33fc417b9,hjson,reading-task-config-1,1747348287836,1747348296980,9.144,3,3
67d2a409ab3638e33fc417b9,hjson,reading-task-config-2,1747348314563,1747348318748,4.185,4,5
67d2a409ab3638e33fc417b9,hjson,reading-task-config-3,1747348428849,1747348433645,4.796,7,1
67d2a409ab3638e33fc417b9,hjson,reading-task-config-4,1747348530107,1747348534653,4.546,5,4
67d2a409ab3638e33fc417b9,hjson,reading-task-config-5,1747348609180,1747348613717,4.537,6,4
67d2a409ab3638e33fc417b9,hjson,writing-task-config,1747349116693,1747349123861,7.168,2,4
67d2a409ab3638e33fc417b9,hjson,modifying-task-config-1,1747349201480,1747349207757,6.277,1,1
67d2a409ab3638e33fc417b9,hjson,modifying-task-config-2,1747349467555,1747349472127,4.572,1,1
67d2a409ab3638e33fc417b9,hjson,modifying-task-config-3,1747349563766,1747349567814,4.048,1,1
67d2a409ab3638e33fc417b9,hjson,modifying-task-config-4,1747349659131,1747349664206,5.075,1,1
66ec8f7ce843d25227820f97,hjson,writing-task-NL,1747334207184,1747334214241,7.057,1,7
66ec8f7ce843d25227820f97,hjson,reading-task-config-1,1747335253843,1747335259457,5.614,6,5
66ec8f7ce843d25227820f97,hjson,reading-task-config-2,1747335294810,1747335300989,6.179,2,6
66ec8f7ce843d25227820f97,hjson,reading-task-config-3,1747335401770,1747335417624,15.854,6,2
66ec8f7ce843d25227820f97,hjson,reading-task-config-4,1747335612300,1747335623040,10.74,7,5
66ec8f7ce843d25227820f97,hjson,reading-task-config-5,1747335697858,1747335705040,7.182,1,6
66ec8f7ce843d25227820f97,hjson,writing-task-config,1747336184764,1747336191973,7.209,7,6
66ec8f7ce843d25227820f97,hjson,modifying-task-config-1,1747336416696,1747336420756,4.06,1,6
66ec8f7ce843d25227820f97,hjson,modifying-task-config-2,1747336765744,1747336769672,3.928,6,6
66ec8f7ce843d25227820f97,hjson,modifying-task-config-3,1747337016346,1747337024373,8.027,6,6
66ec8f7ce843d25227820f97,hjson,modifying-task-config-4,1747337090014,1747337096973,6.959,1,5
6680d2279263349cc005956a,json,writing-task-NL,1746768531038,1746768540325,9.287,2,6
6680d2279263349cc005956a,json,reading-task-config-1,1746769487031,1746769494011,6.98,1,7
6680d2279263349cc005956a,json,reading-task-config-2,1746769521896,1746769526658,4.762,1,7
6680d2279263349cc005956a,json,reading-task-config-3,1746769586248,1746769592886,6.638,1,7
6680d2279263349cc005956a,json,reading-task-config-4,1746769787308,1746769794447,7.139,7,2
6680d2279263349cc005956a,json,reading-task-config-5,1746769894864,1746769901656,6.792,5,3
6680d2279263349cc005956a,json,writing-task-config,1746770807511,1746770815252,7.741,5,4
6680d2279263349cc005956a,json,modifying-task-config-1,1746771165000,1746771170950,5.95,1,6
6680d2279263349cc005956a,json,modifying-task-config-2,1746771670067,1746771675210,5.143,1,6
6680d2279263349cc005956a,json,modifying-task-config-3,1746772032276,1746772037209,4.933,4,4
6680d2279263349cc005956a,json,modifying-task-config-4,1746772433358,1746772439659,6.301,3,5
6081728972120aa7f9685791,json,writing-task-NL,1746768096596,1746768111605,15.009,1,7
6081728972120aa7f9685791,json,reading-task-config-1,1746768654895,1746768659298,4.403,1,7
6081728972120aa7f9685791,json,reading-task-config-2,1746768679908,1746768684251,4.343,1,7
6081728972120aa7f9685791,json,reading-task-config-3,1746768749414,1746768752094,2.68,1,7
6081728972120aa7f9685791,json,reading-task-config-4,1746769047207,1746769053245,6.038,4,6
6081728972120aa7f9685791,json,reading-task-config-5,1746769115626,1746769121201,5.575,3,7
6081728972120aa7f9685791,json,writing-task-config,1746769717225,1746769725132,7.907,2,6
6081728972120aa7f9685791,json,modifying-task-config-1,1746769846153,1746769851862,5.709,2,6
6081728972120aa7f9685791,json,modifying-task-config-2,1746770060650,1746770072219,11.569,3,6
6081728972120aa7f9685791,json,modifying-task-config-3,1746770378054,1746770383055,5.001,4,7
6081728972120aa7f9685791,json,modifying-task-config-4,1746770606526,1746770615816,9.29,3,6
67aca6831f2b0b79416bdb6c,xml,writing-task-NL,1747175760408,1747175775395,14.987,2,7
67aca6831f2b0b79416bdb6c,xml,reading-task-config-1,1747176435327,1747176440860,5.533,2,7
67aca6831f2b0b79416bdb6c,xml,reading-task-config-2,1747176476639,1747176481669,5.03,3,5
67aca6831f2b0b79416bdb6c,xml,reading-task-config-3,1747176487739,1747176495416,7.677,4,6
67aca6831f2b0b79416bdb6c,xml,reading-task-config-4,1747176606435,1747176610962,4.527,2,5
67aca6831f2b0b79416bdb6c,xml,reading-task-config-5,1747176619832,1747176625166,5.334,3,6
67aca6831f2b0b79416bdb6c,xml,writing-task-config,1747178010207,1747178017607,7.4,7,3
67aca6831f2b0b79416bdb6c,xml,modifying-task-config-1,1747178031656,1747178036348,4.692,6,7
67aca6831f2b0b79416bdb6c,xml,modifying-task-config-2,1747178044211,1747178053042,8.831,2,5
67aca6831f2b0b79416bdb6c,xml,modifying-task-config-3,1747178131105,1747178137066,5.961,4,7
67aca6831f2b0b79416bdb6c,xml,modifying-task-config-4,1747178140955,1747178156091,15.136,4,5
675aaf0eb1b401136f37c475,json,writing-task-NL,1747345696195,1747345709600,13.405,2,6
675aaf0eb1b401136f37c475,json,reading-task-config-1,1747346483750,1747346499203,15.453,7,3
675aaf0eb1b401136f37c475,json,reading-task-config-2,1747346551200,1747346562476,11.276,3,5
675aaf0eb1b401136f37c475,json,reading-task-config-3,1747346629490,1747346642847,13.357,6,3
675aaf0eb1b401136f37c475,json,reading-task-config-4,1747346972796,1747346984550,11.754,7,3
675aaf0eb1b401136f37c475,json,reading-task-config-5,1747347070086,1747347079123,9.037,6,3
675aaf0eb1b401136f37c475,json,writing-task-config,1747348656743,1747348664120,7.377,7,1
675aaf0eb1b401136f37c475,json,modifying-task-config-1,1747348802570,1747348811848,9.278,7,2
675aaf0eb1b401136f37c475,json,modifying-task-config-2,1747349015125,1747349026623,11.498,6,4
675aaf0eb1b401136f37c475,json,modifying-task-config-3,1747349118707,1747349125561,6.854,7,4
675aaf0eb1b401136f37c475,json,modifying-task-config-4,1747349283411,1747349291248,7.837,5,5
6723422d5f63c70998014b03,jsonc,writing-task-NL,1747345778339,1747345797911,19.572,3,6
6723422d5f63c70998014b03,jsonc,reading-task-config-1,1747346266902,1747346276672,9.77,6,3
6723422d5f63c70998014b03,jsonc,reading-task-config-2,1747346306106,1747346315450,9.344,3,5
6723422d5f63c70998014b03,jsonc,reading-task-config-3,1747346363594,1747346398547,34.953,3,5
6723422d5f63c70998014b03,jsonc,reading-task-config-4,1747346502790,1747346515689,12.899,6,1
6723422d5f63c70998014b03,jsonc,reading-task-config-5,1747346639230,1747346652566,13.336,3,4
6723422d5f63c70998014b03,jsonc,writing-task-config,1747347851534,1747347863394,11.86,7,2
6723422d5f63c70998014b03,jsonc,modifying-task-config-1,1747348014908,1747348025390,10.482,6,4
6723422d5f63c70998014b03,jsonc,modifying-task-config-2,1747348258004,1747348271668,13.664,6,3
6723422d5f63c70998014b03,jsonc,modifying-task-config-3,1747348369211,1747348382554,13.343,5,3
6723422d5f63c70998014b03,jsonc,modifying-task-config-4,1747348460901,1747348470393,9.492,6,3
6554e79557e3d6be08e32ceb,yaml,writing-task-NL,1746767866888,1746767880332,13.444,2,6
6554e79557e3d6be08e32ceb,yaml,reading-task-config-1,1746768288804,1746768302031,13.227,2,6
6554e79557e3d6be08e32ceb,yaml,reading-task-config-2,1746768377712,1746768383874,6.162,3,5
6554e79557e3d6be08e32ceb,yaml,reading-task-config-3,1746768412565,1746768417920,5.355,3,5
6554e79557e3d6be08e32ceb,yaml,reading-task-config-4,1746768577702,1746768584385,6.683,6,2
6554e79557e3d6be08e32ceb,yaml,reading-task-config-5,1746768628266,1746768636720,8.454,3,5
6554e79557e3d6be08e32ceb,yaml,writing-task-config,1746769117146,1746769125712,8.566,7,1
6554e79557e3d6be08e32ceb,yaml,modifying-task-config-1,1746769200828,1746769205602,4.774,3,5
6554e79557e3d6be08e32ceb,yaml,modifying-task-config-2,1746769540263,1746769545447,5.184,5,2
6554e79557e3d6be08e32ceb,yaml,modifying-task-config-3,1746769665407,1746769674924,9.517,4,4
6554e79557e3d6be08e32ceb,yaml,modifying-task-config-4,1746769777924,1746769784160,6.236,4,4
645b519f108c046164a6d232,yaml,writing-task-NL,1746767587104,1746767596587,9.483,3,4
645b519f108c046164a6d232,yaml,reading-task-config-1,1746767890076,1746767899483,9.407,2,5
645b519f108c046164a6d232,yaml,reading-task-config-2,1746767929682,1746767937074,7.392,2,5
645b519f108c046164a6d232,yaml,reading-task-config-3,1746767952691,1746767957842,5.151,1,6
645b519f108c046164a6d232,yaml,reading-task-config-4,1746768034537,1746768039954,5.417,1,6
645b519f108c046164a6d232,yaml,reading-task-config-5,1746768070161,1746768076282,6.121,1,6
645b519f108c046164a6d232,yaml,writing-task-config,1746768429069,1746768441906,12.837,6,2
645b519f108c046164a6d232,yaml,modifying-task-config-1,1746768493470,1746768500627,7.157,2,6
645b519f108c046164a6d232,yaml,modifying-task-config-2,1746768632184,1746768638938,6.754,3,4
645b519f108c046164a6d232,yaml,modifying-task-config-3,1746768729219,1746768738794,9.575,3,3
645b519f108c046164a6d232,yaml,modifying-task-config-4,1746768814683,1746768820994,6.311,4,3
589cd166b2a7180001f0527d,jsonc,writing-task-NL,1747173078388,1747173090018,11.63,1,7
589cd166b2a7180001f0527d,jsonc,reading-task-config-1,1747174026992,1747174039499,12.507,1,7
589cd166b2a7180001f0527d,jsonc,reading-task-config-2,1747174153912,1747174164057,10.145,7,1
589cd166b2a7180001f0527d,jsonc,reading-task-config-3,1747174233134,1747174241342,8.208,1,7
589cd166b2a7180001f0527d,jsonc,reading-task-config-4,1747174369975,1747174376623,6.648,7,1
589cd166b2a7180001f0527d,jsonc,reading-task-config-5,1747174417690,1747174423122,5.432,1,7
589cd166b2a7180001f0527d,jsonc,writing-task-config,1747175457321,1747175464038,6.717,7,1
589cd166b2a7180001f0527d,jsonc,modifying-task-config-1,1747175643758,1747175649673,5.915,7,1
589cd166b2a7180001f0527d,jsonc,modifying-task-config-2,1747176298306,1747176305715,7.409,4,3
589cd166b2a7180001f0527d,jsonc,modifying-task-config-3,1747176446714,1747176454506,7.792,4,5
589cd166b2a7180001f0527d,jsonc,modifying-task-config-4,1747176638345,1747176646652,8.307,3,4
6682a94b061954ae8483fb08,toml,writing-task-NL,1746768302853,1746768320280,17.427,1,5
6682a94b061954ae8483fb08,toml,reading-task-config-1,1746768962186,1746768970036,7.85,1,7
6682a94b061954ae8483fb08,toml,reading-task-config-2,1746768995539,1746768999934,4.395,1,7
6682a94b061954ae8483fb08,toml,reading-task-config-3,1746769022334,1746769025914,3.58,1,7
6682a94b061954ae8483fb08,toml,reading-task-config-4,1746769124986,1746769132985,7.999,2,7
6682a94b061954ae8483fb08,toml,reading-task-config-5,1746769175896,1746769182165,6.269,1,7
6682a94b061954ae8483fb08,toml,writing-task-config,1746770406145,1746770420853,14.708,5,2
6682a94b061954ae8483fb08,toml,modifying-task-config-1,1746770479731,1746770488023,8.292,2,5
6682a94b061954ae8483fb08,toml,modifying-task-config-2,1746770590824,1746770596605,5.781,2,6
6682a94b061954ae8483fb08,toml,modifying-task-config-3,1746770669353,1746770680262,10.909,1,6
6682a94b061954ae8483fb08,toml,modifying-task-config-4,1746770857393,1746770863100,5.707,1,6
6735b2a6112cf17b7b8df8d1,jsonc,writing-task-NL,1747173292315,1747173295937,3.622,1,7
6735b2a6112cf17b7b8df8d1,jsonc,reading-task-config-1,1747173639871,1747173647337,7.466,7,2
6735b2a6112cf17b7b8df8d1,jsonc,reading-task-config-2,1747173821677,1747173828827,7.15,7,1
6735b2a6112cf17b7b8df8d1,jsonc,reading-task-config-3,1747174295226,1747174302701,7.475,6,3
6735b2a6112cf17b7b8df8d1,jsonc,reading-task-config-4,1747174729539,1747174733912,4.373,7,1
6735b2a6112cf17b7b8df8d1,jsonc,reading-task-config-5,1747174776623,1747174782730,6.107,2,6
6735b2a6112cf17b7b8df8d1,jsonc,writing-task-config,1747175298183,1747175302759,4.576,5,2
6735b2a6112cf17b7b8df8d1,jsonc,modifying-task-config-1,1747175416356,1747175422171,5.815,6,4
6735b2a6112cf17b7b8df8d1,jsonc,modifying-task-config-2,1747175898905,1747175911370,12.465,6,5
6735b2a6112cf17b7b8df8d1,jsonc,modifying-task-config-3,1747176099273,1747176118222,18.949,7,1
6735b2a6112cf17b7b8df8d1,jsonc,modifying-task-config-4,1747176200610,1747176203822,3.212,7,1
67792abbab2fa21bf3644c09,hjson,writing-task-NL,1746768138021,1746768155411,17.39,2,6
67792abbab2fa21bf3644c09,hjson,reading-task-config-1,1746770704093,1746770717659,13.566,2,7
67792abbab2fa21bf3644c09,hjson,reading-task-config-2,1746770993431,1746771010320,16.889,5,3
67792abbab2fa21bf3644c09,hjson,reading-task-config-3,1746771615800,1746771622951,7.151,4,4
67792abbab2fa21bf3644c09,hjson,reading-task-config-4,1746771861400,1746771872745,11.345,4,3
67792abbab2fa21bf3644c09,hjson,reading-task-config-5,1746771917524,1746771926532,9.008,2,7
67792abbab2fa21bf3644c09,hjson,writing-task-config,1746772734557,1746772741129,6.572,4,4
67792abbab2fa21bf3644c09,hjson,modifying-task-config-1,1746772900854,1746772908523,7.669,2,7
67792abbab2fa21bf3644c09,hjson,modifying-task-config-2,1746773116339,1746773122718,6.379,2,7
67792abbab2fa21bf3644c09,hjson,modifying-task-config-3,1746773272288,1746773278129,5.841,2,6
67792abbab2fa21bf3644c09,hjson,modifying-task-config-4,1746773384608,1746773395633,11.025,6,1
5ea90bb434d5e337e98c7edd,json5,writing-task-NL,1746767956945,1746767964359,7.414,1,7
5ea90bb434d5e337e98c7edd,json5,reading-task-config-1,1746768674088,1746768678582,4.494,1,7
5ea90bb434d5e337e98c7edd,json5,reading-task-config-2,1746768699921,1746768702742,2.821,1,7
5ea90bb434d5e337e98c7edd,json5,reading-task-config-3,1746768719858,1746768723842,3.984,1,7
5ea90bb434d5e337e98c7edd,json5,reading-task-config-4,1746768887298,1746768894462,7.164,5,4
5ea90bb434d5e337e98c7edd,json5,reading-task-config-5,1746768930421,1746768933327,2.906,1,7
5ea90bb434d5e337e98c7edd,json5,writing-task-config,1746770674832,1746770681253,6.421,6,3
5ea90bb434d5e337e98c7edd,json5,modifying-task-config-1,1746770837381,1746770845668,8.287,3,6
5ea90bb434d5e337e98c7edd,json5,modifying-task-config-2,1746771658325,1746771668946,10.621,3,6
5ea90bb434d5e337e98c7edd,json5,modifying-task-config-3,1746771876941,1746771881111,4.17,6,2
5ea90bb434d5e337e98c7edd,json5,modifying-task-config-4,1746772273920,1746772278515,4.595,6,2
677f8968bbb08bc37c8d2a4b,xml,writing-task-NL,1746770139405,1746770153120,13.715,4,7
677f8968bbb08bc37c8d2a4b,xml,reading-task-config-1,1746770882177,1746770891400,9.223,4,5
677f8968bbb08bc37c8d2a4b,xml,reading-task-config-2,1746770945295,1746770955742,10.447,6,3
677f8968bbb08bc37c8d2a4b,xml,reading-task-config-3,1746771084539,1746771092124,7.585,2,2
677f8968bbb08bc37c8d2a4b,xml,reading-task-config-4,1746771334469,1746771342660,8.191,1,7
677f8968bbb08bc37c8d2a4b,xml,reading-task-config-5,1746771429918,1746771438720,8.802,6,3
677f8968bbb08bc37c8d2a4b,xml,writing-task-config,1746772797957,1746772807520,9.563,7,2
677f8968bbb08bc37c8d2a4b,xml,modifying-task-config-1,1746772855650,1746772861606,5.956,5,1
677f8968bbb08bc37c8d2a4b,xml,modifying-task-config-2,1746772931656,1746772937966,6.31,5,3
677f8968bbb08bc37c8d2a4b,xml,modifying-task-config-3,1746773021171,1746773027647,6.476,4,3
677f8968bbb08bc37c8d2a4b,xml,modifying-task-config-4,1746773107874,1746773115228,7.354,7,1
672f51ea346fba23ddd5a793,xml,writing-task-NL,1746768148812,1746768165364,16.552,2,7
672f51ea346fba23ddd5a793,xml,reading-task-config-1,1746768893292,1746768906610,13.318,3,7
672f51ea346fba23ddd5a793,xml,reading-task-config-2,1746768960065,1746768966160,6.095,2,7
672f51ea346fba23ddd5a793,xml,reading-task-config-3,1746769017387,1746769032236,14.849,2,7
672f51ea346fba23ddd5a793,xml,reading-task-config-4,1746769314672,1746769320723,6.051,3,7
672f51ea346fba23ddd5a793,xml,reading-task-config-5,1746769502955,1746769509008,6.053,3,7
672f51ea346fba23ddd5a793,xml,writing-task-config,1746770221013,1746770229370,8.357,3,7
672f51ea346fba23ddd5a793,xml,modifying-task-config-1,1746770603753,1746770614453,10.7,3,7
672f51ea346fba23ddd5a793,xml,modifying-task-config-2,1746770826696,1746770832949,6.253,2,6
672f51ea346fba23ddd5a793,xml,modifying-task-config-3,1746770838559,1746770842147,3.588,2,7
672f51ea346fba23ddd5a793,xml,modifying-task-config-4,1746770848928,1746770856257,7.329,2,7
67d13a1ec91ae2216896de44,json,writing-task-NL,1747173794718,1747173805726,11.008,4,6
67d13a1ec91ae2216896de44,json,reading-task-config-1,1747174268178,1747174276338,8.16,4,6
67d13a1ec91ae2216896de44,json,reading-task-config-2,1747174603199,1747174615897,12.698,3,7
67d13a1ec91ae2216896de44,json,reading-task-config-3,1747174931337,1747174941931,10.594,6,4
67d13a1ec91ae2216896de44,json,reading-task-config-4,1747175632109,1747175636589,4.48,3,7
67d13a1ec91ae2216896de44,json,reading-task-config-5,1747175836338,1747175841969,5.631,2,7
67d13a1ec91ae2216896de44,json,writing-task-config,1747176454106,1747176461377,7.271,3,7
67d13a1ec91ae2216896de44,json,modifying-task-config-1,1747176860010,1747176864005,3.995,2,7
67d13a1ec91ae2216896de44,json,modifying-task-config-2,1747177334761,1747177337965,3.204,2,7
67d13a1ec91ae2216896de44,json,modifying-task-config-3,1747177501044,1747177505371,4.327,2,7
67d13a1ec91ae2216896de44,json,modifying-task-config-4,1747178043847,1747178047400,3.553,2,7
67bf5ad9c5a4637861cfd21e,toml,writing-task-NL,1746768521317,1746768544447,23.13,4,6
67bf5ad9c5a4637861cfd21e,toml,reading-task-config-1,1746769453162,1746769462571,9.409,1,7
67bf5ad9c5a4637861cfd21e,toml,reading-task-config-2,1746769505665,1746769514850,9.185,1,7
67bf5ad9c5a4637861cfd21e,toml,reading-task-config-3,1746769539003,1746769547122,8.119,1,7
67bf5ad9c5a4637861cfd21e,toml,reading-task-config-4,1746769607924,1746769623398,15.474,6,4
67bf5ad9c5a4637861cfd21e,toml,reading-task-config-5,1746769736300,1746769743140,6.84,2,7
67bf5ad9c5a4637861cfd21e,toml,writing-task-config,1746770595228,1746770603826,8.598,7,4
67bf5ad9c5a4637861cfd21e,toml,modifying-task-config-1,1746770707770,1746770718333,10.563,4,5
67bf5ad9c5a4637861cfd21e,toml,modifying-task-config-2,1746771194615,1746771201454,6.839,5,6
67bf5ad9c5a4637861cfd21e,toml,modifying-task-config-3,1746771299644,1746771309069,9.425,4,6
67bf5ad9c5a4637861cfd21e,toml,modifying-task-config-4,1746771787319,1746771795651,8.332,6,7
616e5ae706e970fe0aff99b6,hjson,writing-task-NL,1747345587923,1747345595389,7.466,1,7
616e5ae706e970fe0aff99b6,hjson,reading-task-config-1,1747346001511,1747346006046,4.535,1,7
616e5ae706e970fe0aff99b6,hjson,reading-task-config-2,1747346021104,1747346025194,4.09,1,7
616e5ae706e970fe0aff99b6,hjson,reading-task-config-3,1747346035763,1747346040218,4.455,2,6
616e5ae706e970fe0aff99b6,hjson,reading-task-config-4,1747346114210,1747346120276,6.066,4,6
616e5ae706e970fe0aff99b6,hjson,reading-task-config-5,1747346142450,1747346146849,4.399,2,7
616e5ae706e970fe0aff99b6,hjson,writing-task-config,1747346309551,1747346317191,7.64,5,4
616e5ae706e970fe0aff99b6,hjson,modifying-task-config-1,1747346355041,1747346360212,5.171,3,5
616e5ae706e970fe0aff99b6,hjson,modifying-task-config-2,1747346423115,1747346426324,3.209,2,6
616e5ae706e970fe0aff99b6,hjson,modifying-task-config-3,1747346490340,1747346496767,6.427,2,5
616e5ae706e970fe0aff99b6,hjson,modifying-task-config-4,1747346566814,1747346573714,6.9,5,3
66311bae532a469f4858933e,toml,writing-task-NL,1747173161142,1747173173959,12.817,2,7
66311bae532a469f4858933e,toml,reading-task-config-1,1747173946686,1747173957816,11.13,1,7
66311bae532a469f4858933e,toml,reading-task-config-2,1747174006276,1747174010598,4.322,2,6
66311bae532a469f4858933e,toml,reading-task-config-3,1747174043644,1747174046982,3.338,1,7
66311bae532a469f4858933e,toml,reading-task-config-4,1747174198609,1747174202697,4.088,2,6
66311bae532a469f4858933e,toml,reading-task-config-5,1747174309472,1747174312373,2.901,1,7
66311bae532a469f4858933e,toml,writing-task-config,1747175050742,1747175059520,8.778,5,3
66311bae532a469f4858933e,toml,modifying-task-config-1,1747175286700,1747175300478,13.778,2,2
66311bae532a469f4858933e,toml,modifying-task-config-2,1747175727906,1747175739512,11.606,7,7
66311bae532a469f4858933e,toml,modifying-task-config-3,1747175871356,1747175875618,4.262,2,6
66311bae532a469f4858933e,toml,modifying-task-config-4,1747176326002,1747176338092,12.09,5,2
669284eabea5b8c9655927da,yaml,writing-task-NL,1747336195176,1747336201470,6.294,1,7
669284eabea5b8c9655927da,yaml,reading-task-config-1,1747337348522,1747337360159,11.637,5,3
669284eabea5b8c9655927da,yaml,reading-task-config-2,1747337397073,1747337407934,10.861,2,6
669284eabea5b8c9655927da,yaml,reading-task-config-3,1747337431162,1747337437791,6.629,1,7
669284eabea5b8c9655927da,yaml,reading-task-config-4,1747337604585,1747337612230,7.645,7,1
669284eabea5b8c9655927da,yaml,reading-task-config-5,1747337790067,1747337795307,5.24,1,7
669284eabea5b8c9655927da,yaml,writing-task-config,1747340042601,1747340060076,17.475,5,3
669284eabea5b8c9655927da,yaml,modifying-task-config-1,1747340631736,1747340643581,11.845,5,4
669284eabea5b8c9655927da,yaml,modifying-task-config-2,1747340926971,1747340932544,5.573,6,3
669284eabea5b8c9655927da,yaml,modifying-task-config-3,1747341037848,1747341052288,14.44,2,6
669284eabea5b8c9655927da,yaml,modifying-task-config-4,1747341276301,1747341287506,11.205,4,3
67da5ae29f57419143d2b99a,jsonc,writing-task-NL,1746767938554,1746767945983,7.429,1,7
67da5ae29f57419143d2b99a,jsonc,reading-task-config-1,1746769917552,1746769924708,7.156,2,5
67da5ae29f57419143d2b99a,jsonc,reading-task-config-2,1746769958053,1746769973862,15.809,3,7
67da5ae29f57419143d2b99a,jsonc,reading-task-config-3,1746770002642,1746770009761,7.119,3,5
67da5ae29f57419143d2b99a,jsonc,reading-task-config-4,1746770359942,1746770367165,7.223,7,3
67da5ae29f57419143d2b99a,jsonc,reading-task-config-5,1746770430424,1746770439846,9.422,2,7
67da5ae29f57419143d2b99a,jsonc,writing-task-config,1746771729547,1746771735212,5.665,7,2
67da5ae29f57419143d2b99a,jsonc,modifying-task-config-1,1746771896046,1746771901872,5.826,7,1
67da5ae29f57419143d2b99a,jsonc,modifying-task-config-2,1746772475412,1746772484594,9.182,6,3
67da5ae29f57419143d2b99a,jsonc,modifying-task-config-3,1746772783433,1746772791604,8.171,5,4
67da5ae29f57419143d2b99a,jsonc,modifying-task-config-4,1746773044301,1746773049454,5.153,7,1
68138e7f96395f4c5f3a0a87,json,writing-task-NL,1746777191532,1746777198350,6.818,1,1
68138e7f96395f4c5f3a0a87,json,reading-task-config-1,1746779515493,1746779527926,12.433,6,6
68138e7f96395f4c5f3a0a87,json,reading-task-config-2,1746779560335,1746779566734,6.399,4,2
68138e7f96395f4c5f3a0a87,json,reading-task-config-3,1746779586401,1746779594340,7.939,3,2
68138e7f96395f4c5f3a0a87,json,reading-task-config-4,1746779665021,1746779671829,6.808,7,1
68138e7f96395f4c5f3a0a87,json,reading-task-config-5,1746779711281,1746779716757,5.476,3,3
68138e7f96395f4c5f3a0a87,json,writing-task-config,1746780420636,1746780427255,6.619,7,1
68138e7f96395f4c5f3a0a87,json,modifying-task-config-1,1746780580760,1746780586001,5.241,7,1
68138e7f96395f4c5f3a0a87,json,modifying-task-config-2,1746780749524,1746780756767,7.243,6,2
68138e7f96395f4c5f3a0a87,json,modifying-task-config-3,1746780811179,1746780820250,9.071,3,3
68138e7f96395f4c5f3a0a87,json,modifying-task-config-4,1746780888321,1746780892901,4.58,3,3
66684beba2a2d24645a6d782,jsonc,writing-task-NL,1746770271329,1746770284863,13.534,1,7
66684beba2a2d24645a6d782,jsonc,reading-task-config-1,1746770784629,1746770794453,9.824,7,1
66684beba2a2d24645a6d782,jsonc,reading-task-config-2,1746770837725,1746770845223,7.498,1,7
66684beba2a2d24645a6d782,jsonc,reading-task-config-3,1746770877205,1746770884996,7.791,1,7
66684beba2a2d24645a6d782,jsonc,reading-task-config-4,1746771041644,1746771048424,6.78,7,1
66684beba2a2d24645a6d782,jsonc,reading-task-config-5,1746771130166,1746771136822,6.656,1,7
66684beba2a2d24645a6d782,jsonc,writing-task-config,1746772104761,1746772112783,8.022,7,1
66684beba2a2d24645a6d782,jsonc,modifying-task-config-1,1746772278475,1746772284198,5.723,1,7
66684beba2a2d24645a6d782,jsonc,modifying-task-config-2,1746772546257,1746772552694,6.437,1,7
66684beba2a2d24645a6d782,jsonc,modifying-task-config-3,1746772721857,1746772731196,9.339,7,1
66684beba2a2d24645a6d782,jsonc,modifying-task-config-4,1746772881309,1746772890581,9.272,7,1
660eafee7515c432e850362d,hjson,writing-task-NL,1746768133193,1746768145513,12.32,7,7
660eafee7515c432e850362d,hjson,reading-task-config-1,1746768915115,1746768929661,14.546,4,4
660eafee7515c432e850362d,hjson,reading-task-config-2,1746769029246,1746769035448,6.202,3,4
660eafee7515c432e850362d,hjson,reading-task-config-3,1746769055530,1746769062455,6.925,4,4
660eafee7515c432e850362d,hjson,reading-task-config-4,1746769408005,1746769415252,7.247,4,4
660eafee7515c432e850362d,hjson,reading-task-config-5,1746769486249,1746769491561,5.312,4,4
660eafee7515c432e850362d,hjson,writing-task-config,1746770198059,1746770206245,8.186,3,3
660eafee7515c432e850362d,hjson,modifying-task-config-1,1746770363036,1746770373826,10.79,6,3
660eafee7515c432e850362d,hjson,modifying-task-config-2,1746770872244,1746770881351,9.107,6,3
660eafee7515c432e850362d,hjson,modifying-task-config-3,1746771005358,1746771012268,6.91,4,3
660eafee7515c432e850362d,hjson,modifying-task-config-4,1746771247030,1746771252481,5.451,4,3
62d7fef5538b81f205ba4656,xml,writing-task-NL,1747336966943,1747336974475,7.532,1,7
62d7fef5538b81f205ba4656,xml,reading-task-config-1,1747337217582,1747337221171,3.589,1,7
62d7fef5538b81f205ba4656,xml,reading-task-config-2,1747337236649,1747337238983,2.334,1,7
62d7fef5538b81f205ba4656,xml,reading-task-config-3,1747337252934,1747337255311,2.377,1,7
62d7fef5538b81f205ba4656,xml,reading-task-config-4,1747337289717,1747337292513,2.796,1,7
62d7fef5538b81f205ba4656,xml,reading-task-config-5,1747337317852,1747337320506,2.654,1,7
62d7fef5538b81f205ba4656,xml,writing-task-config,1747337574227,1747337577999,3.772,3,5
62d7fef5538b81f205ba4656,xml,modifying-task-config-1,1747337624267,1747337630809,6.542,5,4
62d7fef5538b81f205ba4656,xml,modifying-task-config-2,1747337744786,1747337748073,3.287,2,5
62d7fef5538b81f205ba4656,xml,modifying-task-config-3,1747337778414,1747337781533,3.119,1,7
62d7fef5538b81f205ba4656,xml,modifying-task-config-4,1747337850317,1747337854850,4.533,1,5
67caa7fe00179edfb74d3e1a,json5,writing-task-NL,1746769411440,1746769424991,13.551,1,7
67caa7fe00179edfb74d3e1a,json5,reading-task-config-1,1746772118957,1746772131390,12.433,5,6
67caa7fe00179edfb74d3e1a,json5,reading-task-config-2,1746772251276,1746772266480,15.204,3,5
67caa7fe00179edfb74d3e1a,json5,reading-task-config-3,1746772344931,1746772364493,19.562,2,5
67caa7fe00179edfb74d3e1a,json5,reading-task-config-4,1746772848462,1746772857915,9.453,3,5
67caa7fe00179edfb74d3e1a,json5,reading-task-config-5,1746773056392,1746773066710,10.318,3,4
67caa7fe00179edfb74d3e1a,json5,writing-task-config,1746774807024,1746774846849,39.825,6,3
67caa7fe00179edfb74d3e1a,json5,modifying-task-config-1,1746775040508,1746775050496,9.988,4,2
67caa7fe00179edfb74d3e1a,json5,modifying-task-config-2,1746775126455,1746775134570,8.115,4,4
67caa7fe00179edfb74d3e1a,json5,modifying-task-config-3,1746775149570,1746775159274,9.704,7,1
67caa7fe00179edfb74d3e1a,json5,modifying-task-config-4,1746775163877,1746775171069,7.192,4,2
65fae23bd06ae76bcc297e8b,hjson,writing-task-NL,1746768146887,1746768156900,10.013,3,6
65fae23bd06ae76bcc297e8b,hjson,reading-task-config-1,1746769401765,1746769410400,8.635,5,6
65fae23bd06ae76bcc297e8b,hjson,reading-task-config-2,1746769540572,1746769551144,10.572,4,6
65fae23bd06ae76bcc297e8b,hjson,reading-task-config-3,1746769640251,1746769646388,6.137,3,7
65fae23bd06ae76bcc297e8b,hjson,reading-task-config-4,1746769907548,1746769915565,8.017,6,6
65fae23bd06ae76bcc297e8b,hjson,reading-task-config-5,1746769968609,1746769973830,5.221,3,6
65fae23bd06ae76bcc297e8b,hjson,writing-task-config,1746771193916,1746771204325,10.409,7,5
65fae23bd06ae76bcc297e8b,hjson,modifying-task-config-1,1746771309149,1746771320527,11.378,6,5
65fae23bd06ae76bcc297e8b,hjson,modifying-task-config-2,1746771536512,1746771545422,8.91,7,5
65fae23bd06ae76bcc297e8b,hjson,modifying-task-config-3,1746771646777,1746771654779,8.002,5,5
65fae23bd06ae76bcc297e8b,hjson,modifying-task-config-4,1746772292314,1746772298010,5.696,7,3
588ab33542c8e900019d02ae,jsonc,writing-task-NL,1747422483569,1747422490157,6.588,3,4
588ab33542c8e900019d02ae,jsonc,reading-task-config-1,1747422734756,1747422739909,5.153,1,4
588ab33542c8e900019d02ae,jsonc,reading-task-config-2,1747422768196,1747422772471,4.275,2,5
588ab33542c8e900019d02ae,jsonc,reading-task-config-3,1747422790415,1747422794190,3.775,2,5
588ab33542c8e900019d02ae,jsonc,reading-task-config-4,1747422895313,1747422900271,4.958,6,1
588ab33542c8e900019d02ae,jsonc,reading-task-config-5,1747422931773,1747422935606,3.833,2,6
588ab33542c8e900019d02ae,jsonc,writing-task-config,1747423760130,1747423764834,4.704,7,1
588ab33542c8e900019d02ae,jsonc,modifying-task-config-1,1747423913895,1747423918235,4.34,7,1
588ab33542c8e900019d02ae,jsonc,modifying-task-config-2,1747424134680,1747424138586,3.906,7,1
588ab33542c8e900019d02ae,jsonc,modifying-task-config-3,1747424164771,1747424169497,4.726,2,6
588ab33542c8e900019d02ae,jsonc,modifying-task-config-4,1747424374547,1747424378673,4.126,7,1
67f4ea448eb6a2b293c1f2fc,json,writing-task-NL,1747338367777,1747338374365,6.588,1,1
67f4ea448eb6a2b293c1f2fc,json,reading-task-config-1,1747338472802,1747338484283,11.481,2,6
67f4ea448eb6a2b293c1f2fc,json,reading-task-config-2,1747338499203,1747338505112,5.909,2,6
67f4ea448eb6a2b293c1f2fc,json,reading-task-config-3,1747338533322,1747338540512,7.19,3,5
67f4ea448eb6a2b293c1f2fc,json,reading-task-config-4,1747339396888,1747339405182,8.294,4,5
67f4ea448eb6a2b293c1f2fc,json,reading-task-config-5,1747339449625,1747339458246,8.621,3,5
67f4ea448eb6a2b293c1f2fc,json,writing-task-config,1747341778803,1747341787014,8.211,7,3
67f4ea448eb6a2b293c1f2fc,json,modifying-task-config-1,1747341858159,1747341864114,5.955,6,1
67f4ea448eb6a2b293c1f2fc,json,modifying-task-config-2,1747342097993,1747342105720,7.727,2,6
67f4ea448eb6a2b293c1f2fc,json,modifying-task-config-3,1747342146489,1747342163507,17.018,4,4
67f4ea448eb6a2b293c1f2fc,json,modifying-task-config-4,1747342197556,1747342202868,5.312,7,1
65f4ab7884f8411c9e11a34e,json5,writing-task-NL,1747172828500,1747172834673,6.173,2,7
65f4ab7884f8411c9e11a34e,json5,reading-task-config-1,1747173195582,1747173203369,7.787,5,5
65f4ab7884f8411c9e11a34e,json5,reading-task-config-2,1747173291809,1747173296813,5.004,6,5
65f4ab7884f8411c9e11a34e,json5,reading-task-config-3,1747173318138,1747173321847,3.709,3,6
65f4ab7884f8411c9e11a34e,json5,reading-task-config-4,1747173388339,1747173391998,3.659,5,4
65f4ab7884f8411c9e11a34e,json5,reading-task-config-5,1747173431607,1747173435097,3.49,3,5
65f4ab7884f8411c9e11a34e,json5,writing-task-config,1747174122942,1747174127689,4.747,7,2
65f4ab7884f8411c9e11a34e,json5,modifying-task-config-1,1747174219330,1747174223990,4.66,3,6
65f4ab7884f8411c9e11a34e,json5,modifying-task-config-2,1747174465247,1747174469418,4.171,5,4
65f4ab7884f8411c9e11a34e,json5,modifying-task-config-3,1747174653705,1747174663661,9.956,3,4
65f4ab7884f8411c9e11a34e,json5,modifying-task-config-4,1747174771200,1747174774495,3.295,4,4
611d0afbb2a19acfd012545b,toml,writing-task-NL,1746768002795,1746768010251,7.456,1,7
611d0afbb2a19acfd012545b,toml,reading-task-config-1,1746768583686,1746768590040,6.354,1,7
611d0afbb2a19acfd012545b,toml,reading-task-config-2,1746768616849,1746768625020,8.171,1,7
611d0afbb2a19acfd012545b,toml,reading-task-config-3,1746768651067,1746768658686,7.619,3,5
611d0afbb2a19acfd012545b,toml,reading-task-config-4,1746768813779,1746768821213,7.434,7,3
611d0afbb2a19acfd012545b,toml,reading-task-config-5,1746768862487,1746768867019,4.532,1,7
611d0afbb2a19acfd012545b,toml,writing-task-config,1746769768772,1746769780787,12.015,7,1
611d0afbb2a19acfd012545b,toml,modifying-task-config-1,1746769854341,1746769866509,12.168,1,6
611d0afbb2a19acfd012545b,toml,modifying-task-config-2,1746770157121,1746770164744,7.623,3,5
611d0afbb2a19acfd012545b,toml,modifying-task-config-3,1746770303784,1746770309533,5.749,3,5
611d0afbb2a19acfd012545b,toml,modifying-task-config-4,1746770488286,1746770496587,8.301,7,1
67406c1303bd39d206ff2b50,xml,writing-task-NL,1746775367751,1746775403193,35.442,2,7
67406c1303bd39d206ff2b50,xml,reading-task-config-1,1746776317957,1746776332082,14.125,4,6
67406c1303bd39d206ff2b50,xml,reading-task-config-2,1746776374097,1746776381133,7.036,1,7
67406c1303bd39d206ff2b50,xml,reading-task-config-3,1746776431627,1746776437088,5.461,5,5
67406c1303bd39d206ff2b50,xml,reading-task-config-4,1746776767344,1746776775698,8.354,7,2
67406c1303bd39d206ff2b50,xml,reading-task-config-5,1746776854818,1746776861285,6.467,1,7
67406c1303bd39d206ff2b50,xml,writing-task-config,1746777714289,1746777719579,5.29,7,1
67406c1303bd39d206ff2b50,xml,modifying-task-config-1,1746777840520,1746777847203,6.683,5,5
67406c1303bd39d206ff2b50,xml,modifying-task-config-2,1746778313080,1746778323502,10.422,5,3
67406c1303bd39d206ff2b50,xml,modifying-task-config-3,1746778480911,1746778491702,10.791,2,6
67406c1303bd39d206ff2b50,xml,modifying-task-config-4,1746778674938,1746778682700,7.762,5,3
61601e9a6b8306196d2a129c,hjson,writing-task-NL,1746777279289,1746777290184,10.895,1,7
61601e9a6b8306196d2a129c,hjson,reading-task-config-1,1746779283351,1746779287411,4.06,1,7
61601e9a6b8306196d2a129c,hjson,reading-task-config-2,1746779312289,1746779316443,4.154,1,7
61601e9a6b8306196d2a129c,hjson,reading-task-config-3,1746779345470,1746779349339,3.869,1,7
61601e9a6b8306196d2a129c,hjson,reading-task-config-4,1746779527158,1746779533692,6.534,2,6
61601e9a6b8306196d2a129c,hjson,reading-task-config-5,1746779601752,1746779604805,3.053,1,7
61601e9a6b8306196d2a129c,hjson,writing-task-config,1746780651615,1746780662995,11.38,5,3
61601e9a6b8306196d2a129c,hjson,modifying-task-config-1,1746780906879,1746780915245,8.366,4,6
61601e9a6b8306196d2a129c,hjson,modifying-task-config-2,1746781153996,1746781166926,12.93,2,5
61601e9a6b8306196d2a129c,hjson,modifying-task-config-3,1746781382410,1746781388503,6.093,4,5
61601e9a6b8306196d2a129c,hjson,modifying-task-config-4,1746781558901,1746781566368,7.467,5,5
65fad6c874ac75642ffc254b,hjson,writing-task-NL,1746767585476,1746767597043,11.567,2,7
65fad6c874ac75642ffc254b,hjson,reading-task-config-1,1746768068742,1746768076382,7.64,1,7
65fad6c874ac75642ffc254b,hjson,reading-task-config-2,1746768104809,1746768107994,3.185,1,7
65fad6c874ac75642ffc254b,hjson,reading-task-config-3,1746768133214,1746768138687,5.473,2,6
65fad6c874ac75642ffc254b,hjson,reading-task-config-4,1746768217064,1746768221023,3.959,1,7
65fad6c874ac75642ffc254b,hjson,reading-task-config-5,1746768342862,1746768348232,5.37,3,7
65fad6c874ac75642ffc254b,hjson,writing-task-config,1746769502731,1746769513347,10.616,7,3
65fad6c874ac75642ffc254b,hjson,modifying-task-config-1,1746769686519,1746769695854,9.335,4,5
65fad6c874ac75642ffc254b,hjson,modifying-task-config-2,1746769874941,1746769882788,7.847,2,7
65fad6c874ac75642ffc254b,hjson,modifying-task-config-3,1746770042862,1746770046850,3.988,1,7
65fad6c874ac75642ffc254b,hjson,modifying-task-config-4,1746770392259,1746770398989,6.73,3,6
606c7d27f4f3ae688332a55d,toml,writing-task-NL,1747172713411,1747172721081,7.67,1,6
606c7d27f4f3ae688332a55d,toml,reading-task-config-1,1747173069259,1747173072362,3.103,1,7
606c7d27f4f3ae688332a55d,toml,reading-task-config-2,1747173085038,1747173087971,2.933,1,7
606c7d27f4f3ae688332a55d,toml,reading-task-config-3,1747173098534,1747173100670,2.136,1,7
606c7d27f4f3ae688332a55d,toml,reading-task-config-4,1747173159388,1747173166088,6.7,3,4
606c7d27f4f3ae688332a55d,toml,reading-task-config-5,1747173182762,1747173185016,2.254,1,7
606c7d27f4f3ae688332a55d,toml,writing-task-config,1747173460871,1747173465486,4.615,5,2
606c7d27f4f3ae688332a55d,toml,modifying-task-config-1,1747173519724,1747173524058,4.334,2,5
606c7d27f4f3ae688332a55d,toml,modifying-task-config-2,1747173599691,1747173601750,2.059,1,7
606c7d27f4f3ae688332a55d,toml,modifying-task-config-3,1747173658340,1747173662331,3.991,2,5
606c7d27f4f3ae688332a55d,toml,modifying-task-config-4,1747173816888,1747173820522,3.634,3,6
67f66486e35051403284eb5e,xml,writing-task-NL,1746770418481,1746770438537,20.056,1,7
67f66486e35051403284eb5e,xml,reading-task-config-1,1746772431889,1746772451354,19.465,5,5
67f66486e35051403284eb5e,xml,reading-task-config-2,1746772523505,1746772542097,18.592,4,1
67f66486e35051403284eb5e,xml,reading-task-config-3,1746772590289,1746772623099,32.81,4,4
67f66486e35051403284eb5e,xml,reading-task-config-4,1746772706634,1746772714126,7.492,4,2
67f66486e35051403284eb5e,xml,reading-task-config-5,1746772783886,1746772792204,8.318,4,5
67f66486e35051403284eb5e,xml,writing-task-config,1746773445676,1746773479915,34.239,6,1
67f66486e35051403284eb5e,xml,modifying-task-config-1,1746773623097,1746773646215,23.118,7,1
67f66486e35051403284eb5e,xml,modifying-task-config-2,1746774034508,1746774053247,18.739,7,1
67f66486e35051403284eb5e,xml,modifying-task-config-3,1746774167451,1746774185314,17.863,7,2
67f66486e35051403284eb5e,xml,modifying-task-config-4,1746774547491,1746774572905,25.414,7,1
67a8fa10b4db1990f7372f01,json5,writing-task-NL,1746768715155,1746768727971,12.816,2,6
67a8fa10b4db1990f7372f01,json5,reading-task-config-1,1746769125931,1746769134328,8.397,4,6
67a8fa10b4db1990f7372f01,json5,reading-task-config-2,1746769260115,1746769264369,4.254,5,5
67a8fa10b4db1990f7372f01,json5,reading-task-config-3,1746769279174,1746769289554,10.38,2,6
67a8fa10b4db1990f7372f01,json5,reading-task-config-4,1746769534593,1746769540590,5.997,3,6
67a8fa10b4db1990f7372f01,json5,reading-task-config-5,1746769560047,1746769565856,5.809,2,6
67a8fa10b4db1990f7372f01,json5,writing-task-config,1746770387957,1746770398657,10.7,7,4
67a8fa10b4db1990f7372f01,json5,modifying-task-config-1,1746770581896,1746770591331,9.435,1,6
67a8fa10b4db1990f7372f01,json5,modifying-task-config-2,1746771019370,1746771026614,7.244,7,5
67a8fa10b4db1990f7372f01,json5,modifying-task-config-3,1746771109449,1746771118494,9.045,3,6
67a8fa10b4db1990f7372f01,json5,modifying-task-config-4,1746771477327,1746771483686,6.359,3,6
6094ce8d0764c24f352d1fe5,hjson,writing-task-NL,1747339407757,1747339417751,9.994,1,7
6094ce8d0764c24f352d1fe5,hjson,reading-task-config-1,1747340351482,1747340357444,5.962,1,7
6094ce8d0764c24f352d1fe5,hjson,reading-task-config-2,1747340434041,1747340443738,9.697,3,5
6094ce8d0764c24f352d1fe5,hjson,reading-task-config-3,1747340473006,1747340477022,4.016,1,7
6094ce8d0764c24f352d1fe5,hjson,reading-task-config-4,1747340685309,1747340690043,4.734,2,6
6094ce8d0764c24f352d1fe5,hjson,reading-task-config-5,1747340738376,1747340742541,4.165,1,7
6094ce8d0764c24f352d1fe5,hjson,writing-task-config,1747341744486,1747341753265,8.779,6,2
6094ce8d0764c24f352d1fe5,hjson,modifying-task-config-1,1747341918127,1747341923699,5.572,3,4
6094ce8d0764c24f352d1fe5,hjson,modifying-task-config-2,1747342033329,1747342042509,9.18,1,7
6094ce8d0764c24f352d1fe5,hjson,modifying-task-config-3,1747342089706,1747342094141,4.435,1,7
6094ce8d0764c24f352d1fe5,hjson,modifying-task-config-4,1747342452225,1747342458750,6.525,5,1
6715c7aedee148c65c10509c,yaml,writing-task-NL,1746767529310,1746767539286,9.976,2,7
6715c7aedee148c65c10509c,yaml,reading-task-config-1,1746767916825,1746767922957,6.132,4,6
6715c7aedee148c65c10509c,yaml,reading-task-config-2,1746767977578,1746767984924,7.346,5,3
6715c7aedee148c65c10509c,yaml,reading-task-config-3,1746767999256,1746768002707,3.451,3,6
6715c7aedee148c65c10509c,yaml,reading-task-config-4,1746768096113,1746768101138,5.025,4,5
6715c7aedee148c65c10509c,yaml,reading-task-config-5,1746768165883,1746768171170,5.287,2,6
6715c7aedee148c65c10509c,yaml,writing-task-config,1746768542329,1746768548650,6.321,6,5
6715c7aedee148c65c10509c,yaml,modifying-task-config-1,1746768618115,1746768622300,4.185,5,7
6715c7aedee148c65c10509c,yaml,modifying-task-config-2,1746768796870,1746768803017,6.147,4,6
6715c7aedee148c65c10509c,yaml,modifying-task-config-3,1746768873111,1746768878062,4.951,4,5
6715c7aedee148c65c10509c,yaml,modifying-task-config-4,1746768942873,1746768946997,4.124,6,3
664e413a5f3eb7f99d90e15b,json,writing-task-NL,1746769186280,1746769198471,12.191,4,6
664e413a5f3eb7f99d90e15b,json,reading-task-config-1,1746770670956,1746770681276,10.32,4,6
664e413a5f3eb7f99d90e15b,json,reading-task-config-2,1746770708592,1746770713837,5.245,4,6
664e413a5f3eb7f99d90e15b,json,reading-task-config-3,1746770741607,1746770747053,5.446,5,6
664e413a5f3eb7f99d90e15b,json,reading-task-config-4,1746771000719,1746771007771,7.052,6,4
664e413a5f3eb7f99d90e15b,json,reading-task-config-5,1746771112310,1746771117766,5.456,5,5
664e413a5f3eb7f99d90e15b,json,writing-task-config,1746771893192,1746771922310,29.118,7,5
664e413a5f3eb7f99d90e15b,json,modifying-task-config-1,1746772054452,1746772070078,15.626,5,5
664e413a5f3eb7f99d90e15b,json,modifying-task-config-2,1746772553483,1746772558989,5.506,6,6
664e413a5f3eb7f99d90e15b,json,modifying-task-config-3,1746772641595,1746772647695,6.1,6,6
664e413a5f3eb7f99d90e15b,json,modifying-task-config-4,1746772742036,1746772749171,7.135,7,2
65fb13bebfa339f73b4cf76a,jsonc,writing-task-NL,1746769972812,1746769980871,8.059,1,1
65fb13bebfa339f73b4cf76a,jsonc,reading-task-config-1,1746770261158,1746770266568,5.41,7,5
65fb13bebfa339f73b4cf76a,jsonc,reading-task-config-2,1746770288897,1746770295808,6.911,7,2
65fb13bebfa339f73b4cf76a,jsonc,reading-task-config-3,1746770307221,1746770311696,4.475,6,5
65fb13bebfa339f73b4cf76a,jsonc,reading-task-config-4,1746770370050,1746770377923,7.873,7,2
65fb13bebfa339f73b4cf76a,jsonc,reading-task-config-5,1746770426099,1746770430355,4.256,7,3
65fb13bebfa339f73b4cf76a,jsonc,writing-task-config,1746771070686,1746771074744,4.058,7,4
65fb13bebfa339f73b4cf76a,jsonc,modifying-task-config-1,1746771080124,1746771083991,3.867,6,5
65fb13bebfa339f73b4cf76a,jsonc,modifying-task-config-2,1746771400918,1746771407026,6.108,7,3
65fb13bebfa339f73b4cf76a,jsonc,modifying-task-config-3,1746771612939,1746771618120,5.181,5,4
65fb13bebfa339f73b4cf76a,jsonc,modifying-task-config-4,1746771861871,1746771865128,3.257,7,5
65fb236a5a78fcf672df7469,json,writing-task-NL,1747424835995,1747424849842,13.847,2,7
65fb236a5a78fcf672df7469,json,reading-task-config-1,1747425468847,1747425482244,13.397,6,6
65fb236a5a78fcf672df7469,json,reading-task-config-2,1747425644329,1747425650964,6.635,7,4
65fb236a5a78fcf672df7469,json,reading-task-config-3,1747425730096,1747425737800,7.704,5,5
65fb236a5a78fcf672df7469,json,reading-task-config-4,1747426071584,1747426081153,9.569,6,4
65fb236a5a78fcf672df7469,json,reading-task-config-5,1747426150373,1747426158201,7.828,2,6
65fb236a5a78fcf672df7469,json,writing-task-config,1747427171652,1747427180944,9.292,7,4
65fb236a5a78fcf672df7469,json,modifying-task-config-1,1747427294665,1747427300966,6.301,2,6
65fb236a5a78fcf672df7469,json,modifying-task-config-2,1747427840878,1747427850532,9.654,3,6
65fb236a5a78fcf672df7469,json,modifying-task-config-3,1747428165464,1747428171606,6.142,2,6
65fb236a5a78fcf672df7469,json,modifying-task-config-4,1747428538117,1747428545634,7.517,3,6
60f7c71d1cffec381351b0b3,xml,writing-task-NL,1746767861232,1746767872833,11.601,2,6
60f7c71d1cffec381351b0b3,xml,reading-task-config-1,1746768324925,1746768332578,7.653,6,2
60f7c71d1cffec381351b0b3,xml,reading-task-config-2,1746768370142,1746768376657,6.515,6,2
60f7c71d1cffec381351b0b3,xml,reading-task-config-3,1746768415330,1746768421087,5.757,5,3
60f7c71d1cffec381351b0b3,xml,reading-task-config-4,1746768553118,1746768558592,5.474,7,1
60f7c71d1cffec381351b0b3,xml,reading-task-config-5,1746768630656,1746768635301,4.645,1,6
60f7c71d1cffec381351b0b3,xml,writing-task-config,1746769359688,1746769366753,7.065,7,1
60f7c71d1cffec381351b0b3,xml,modifying-task-config-1,1746769528301,1746769534742,6.441,5,1
60f7c71d1cffec381351b0b3,xml,modifying-task-config-2,1746770007682,1746770013770,6.088,7,2
60f7c71d1cffec381351b0b3,xml,modifying-task-config-3,1746770226672,1746770233234,6.562,5,4
60f7c71d1cffec381351b0b3,xml,modifying-task-config-4,1746770427798,1746770431642,3.844,7,1
675330fb23080b9ae3ec8239,json5,writing-task-NL,1746767868144,1746767876664,8.52,2,6
675330fb23080b9ae3ec8239,json5,reading-task-config-1,1746769017885,1746769026854,8.969,6,5
675330fb23080b9ae3ec8239,json5,reading-task-config-2,1746769108951,1746769120352,11.401,3,5
675330fb23080b9ae3ec8239,json5,reading-task-config-3,1746769242394,1746769249807,7.413,4,6
675330fb23080b9ae3ec8239,json5,reading-task-config-4,1746769424473,1746769431941,7.468,5,6
675330fb23080b9ae3ec8239,json5,reading-task-config-5,1746769513084,1746769520407,7.323,2,6
675330fb23080b9ae3ec8239,json5,writing-task-config,1746770150459,1746770160694,10.235,7,5
675330fb23080b9ae3ec8239,json5,modifying-task-config-1,1746770534659,1746770544147,9.488,2,6
675330fb23080b9ae3ec8239,json5,modifying-task-config-2,1746770857209,1746770865824,8.615,6,3
675330fb23080b9ae3ec8239,json5,modifying-task-config-3,1746771170332,1746771175711,5.379,2,6
675330fb23080b9ae3ec8239,json5,modifying-task-config-4,1746771424013,1746771429465,5.452,2,6
671e39c25e5e3f340a6f21d4,jsonc,writing-task-NL,1746768620384,1746768644121,23.737,2,5
671e39c25e5e3f340a6f21d4,jsonc,reading-task-config-1,1746770113792,1746770131306,17.514,4,6
671e39c25e5e3f340a6f21d4,jsonc,reading-task-config-2,1746770419918,1746770429074,9.156,6,6
671e39c25e5e3f340a6f21d4,jsonc,reading-task-config-3,1746770686824,1746770700855,14.031,5,6
671e39c25e5e3f340a6f21d4,jsonc,reading-task-config-4,1746770896888,1746770904013,7.125,5,4
671e39c25e5e3f340a6f21d4,jsonc,reading-task-config-5,1746771427559,1746771437655,10.096,1,7
671e39c25e5e3f340a6f21d4,jsonc,writing-task-config,1746773607218,1746773615142,7.924,7,3
671e39c25e5e3f340a6f21d4,jsonc,modifying-task-config-1,1746773806417,1746773810929,4.512,6,6
671e39c25e5e3f340a6f21d4,jsonc,modifying-task-config-2,1746774023175,1746774030270,7.095,7,1
671e39c25e5e3f340a6f21d4,jsonc,modifying-task-config-3,1746774210474,1746774218995,8.521,3,5
671e39c25e5e3f340a6f21d4,jsonc,modifying-task-config-4,1746774843474,1746774851093,7.619,4,6
5fb4fcd1fce53c30649dd704,xml,writing-task-NL,1746767758751,1746767776182,17.431,2,6
5fb4fcd1fce53c30649dd704,xml,reading-task-config-1,1746768463141,1746768474731,11.59,6,4
5fb4fcd1fce53c30649dd704,xml,reading-task-config-2,1746768576526,1746768582790,6.264,6,4
5fb4fcd1fce53c30649dd704,xml,reading-task-config-3,1746768646020,1746768651568,5.548,6,4
5fb4fcd1fce53c30649dd704,xml,reading-task-config-4,1746768763324,1746768771058,7.734,6,4
5fb4fcd1fce53c30649dd704,xml,reading-task-config-5,1746768936732,1746768943232,6.5,6,4
5fb4fcd1fce53c30649dd704,xml,writing-task-config,1746769677226,1746769683091,5.865,6,4
5fb4fcd1fce53c30649dd704,xml,modifying-task-config-1,1746769848098,1746769855620,7.522,7,1
5fb4fcd1fce53c30649dd704,xml,modifying-task-config-2,1746770093235,1746770100485,7.25,7,1
5fb4fcd1fce53c30649dd704,xml,modifying-task-config-3,1746770290782,1746770297368,6.586,7,1
5fb4fcd1fce53c30649dd704,xml,modifying-task-config-4,1746770447207,1746770454176,6.969,7,1
67d0251c804fc17732eb948a,toml,writing-task-NL,1746767943856,1746767952617,8.761,2,6
67d0251c804fc17732eb948a,toml,reading-task-config-1,1746768875244,1746768884941,9.697,5,5
67d0251c804fc17732eb948a,toml,reading-task-config-2,1746768919112,1746768927790,8.678,4,5
67d0251c804fc17732eb948a,toml,reading-task-config-3,1746768963191,1746768968895,5.704,3,6
67d0251c804fc17732eb948a,toml,reading-task-config-4,1746769233669,1746769241426,7.757,7,1
67d0251c804fc17732eb948a,toml,reading-task-config-5,1746769375812,1746769383709,7.897,3,5
67d0251c804fc17732eb948a,toml,writing-task-config,1746770112563,1746770118822,6.259,7,4
67d0251c804fc17732eb948a,toml,modifying-task-config-1,1746770207743,1746770222505,14.762,5,4
67d0251c804fc17732eb948a,toml,modifying-task-config-2,1746770677998,1746770684708,6.71,5,6
67d0251c804fc17732eb948a,toml,modifying-task-config-3,1746770903753,1746770917366,13.613,4,5
67d0251c804fc17732eb948a,toml,modifying-task-config-4,1746771519035,1746771525915,6.88,7,5
67d11644421446068e1fec14,toml,writing-task-NL,1747337061365,1747337078933,17.568,3,7
67d11644421446068e1fec14,toml,reading-task-config-1,1747337323156,1747337328278,5.122,2,7
67d11644421446068e1fec14,toml,reading-task-config-2,1747337346531,1747337349997,3.466,2,7
67d11644421446068e1fec14,toml,reading-task-config-3,1747337401623,1747337405385,3.762,2,7
67d11644421446068e1fec14,toml,reading-task-config-4,1747337487857,1747337492733,4.876,1,7
67d11644421446068e1fec14,toml,reading-task-config-5,1747337540474,1747337544280,3.806,1,7
67d11644421446068e1fec14,toml,writing-task-config,1747337951744,1747337957876,6.132,3,6
67d11644421446068e1fec14,toml,modifying-task-config-1,1747338038674,1747338042132,3.458,1,7
67d11644421446068e1fec14,toml,modifying-task-config-2,1747338463791,1747338468135,4.344,1,7
67d11644421446068e1fec14,toml,modifying-task-config-3,1747338576652,1747338580379,3.727,1,7
67d11644421446068e1fec14,toml,modifying-task-config-4,1747339219858,1747339223903,4.045,2,7
67d0088c269b3e96d9ba6019,hjson,writing-task-NL,1746770102585,1746770118384,15.799,1,6
67d0088c269b3e96d9ba6019,hjson,reading-task-config-1,1746771335009,1746771353536,18.527,4,4
67d0088c269b3e96d9ba6019,hjson,reading-task-config-2,1746771393160,1746771399430,6.27,1,7
67d0088c269b3e96d9ba6019,hjson,reading-task-config-3,1746771426620,1746771433327,6.707,1,7
67d0088c269b3e96d9ba6019,hjson,reading-task-config-4,1746771546893,1746771552711,5.818,6,3
67d0088c269b3e96d9ba6019,hjson,reading-task-config-5,1746771629853,1746771646083,16.23,3,5
67d0088c269b3e96d9ba6019,hjson,writing-task-config,1746772761000,1746772767981,6.981,7,3
67d0088c269b3e96d9ba6019,hjson,modifying-task-config-1,1746772964738,1746772972578,7.84,5,3
67d0088c269b3e96d9ba6019,hjson,modifying-task-config-2,1746773260341,1746773266429,6.088,1,7
67d0088c269b3e96d9ba6019,hjson,modifying-task-config-3,1746773720485,1746773725683,5.198,7,1
67d0088c269b3e96d9ba6019,hjson,modifying-task-config-4,1746773919725,1746773924098,4.373,7,1
678a94ff1cf9f0775cb89e69,hjson,writing-task-NL,1747173608854,1747173616684,7.83,1,7
678a94ff1cf9f0775cb89e69,hjson,reading-task-config-1,1747174211462,1747174219080,7.618,7,2
678a94ff1cf9f0775cb89e69,hjson,reading-task-config-2,1747174228905,1747174237458,8.553,7,1
678a94ff1cf9f0775cb89e69,hjson,reading-task-config-3,1747174250134,1747174256824,6.69,7,2
678a94ff1cf9f0775cb89e69,hjson,reading-task-config-4,1747174285182,1747174294132,8.95,7,2
678a94ff1cf9f0775cb89e69,hjson,reading-task-config-5,1747174329037,1747174337673,8.636,7,2
678a94ff1cf9f0775cb89e69,hjson,writing-task-config,1747174880137,1747174886151,6.014,4,7
678a94ff1cf9f0775cb89e69,hjson,modifying-task-config-1,1747174958104,1747174965784,7.68,7,1
678a94ff1cf9f0775cb89e69,hjson,modifying-task-config-2,1747174996812,1747175003162,6.35,7,2
678a94ff1cf9f0775cb89e69,hjson,modifying-task-config-3,1747175046320,1747175052485,6.165,7,1
678a94ff1cf9f0775cb89e69,hjson,modifying-task-config-4,1747175069530,1747175075081,5.551,7,2
67176f0792ed8c4064f61a2c,json,writing-task-NL,1746774693415,1746774708478,15.063,1,7
67176f0792ed8c4064f61a2c,json,reading-task-config-1,1746775753992,1746775761524,7.532,1,7
67176f0792ed8c4064f61a2c,json,reading-task-config-2,1746775817957,1746775824109,6.152,1,7
67176f0792ed8c4064f61a2c,json,reading-task-config-3,1746775866156,1746775875321,9.165,1,6
67176f0792ed8c4064f61a2c,json,reading-task-config-4,1746776130883,1746776141464,10.581,4,6
67176f0792ed8c4064f61a2c,json,reading-task-config-5,1746776197185,1746776201726,4.541,1,7
67176f0792ed8c4064f61a2c,json,writing-task-config,1746777808260,1746777816293,8.033,7,2
67176f0792ed8c4064f61a2c,json,modifying-task-config-1,1746777922485,1746777929050,6.565,4,5
67176f0792ed8c4064f61a2c,json,modifying-task-config-2,1746778188329,1746778193564,5.235,2,5
67176f0792ed8c4064f61a2c,json,modifying-task-config-3,1746778239662,1746778244950,5.288,1,4
67176f0792ed8c4064f61a2c,json,modifying-task-config-4,1746778371569,1746778379940,8.371,7,1
678526627e48ded12935af38,yaml,writing-task-NL,1746769069797,1746769087203,17.406,2,2
678526627e48ded12935af38,yaml,reading-task-config-1,1746769268610,1746769278898,10.288,2,6
678526627e48ded12935af38,yaml,reading-task-config-2,1746769298201,1746769308179,9.978,2,6
678526627e48ded12935af38,yaml,reading-task-config-3,1746769325419,1746769330231,4.812,2,6
678526627e48ded12935af38,yaml,reading-task-config-4,1746769384576,1746769390034,5.458,7,1
678526627e48ded12935af38,yaml,reading-task-config-5,1746769435573,1746769440227,4.654,1,7
678526627e48ded12935af38,yaml,writing-task-config,1746769798763,1746769810339,11.576,5,4
678526627e48ded12935af38,yaml,modifying-task-config-1,1746769866822,1746769871655,4.833,1,6
678526627e48ded12935af38,yaml,modifying-task-config-2,1746772675617,1746772682033,6.416,3,5
678526627e48ded12935af38,yaml,modifying-task-config-3,1746772938427,1746772944557,6.13,3,5
678526627e48ded12935af38,yaml,modifying-task-config-4,1746773046189,1746773052441,6.252,2,6
6738d09a032bf7224008ce7e,yaml,writing-task-NL,1747335838248,1747335856449,18.201,1,7
6738d09a032bf7224008ce7e,yaml,reading-task-config-1,1747337516742,1747337523016,6.274,3,7
6738d09a032bf7224008ce7e,yaml,reading-task-config-2,1747337755754,1747337761993,6.239,6,7
6738d09a032bf7224008ce7e,yaml,reading-task-config-3,1747337833685,1747337840838,7.153,6,6
6738d09a032bf7224008ce7e,yaml,reading-task-config-4,1747337948886,1747337954071,5.185,3,5
6738d09a032bf7224008ce7e,yaml,reading-task-config-5,1747338115155,1747338120836,5.681,5,4
6738d09a032bf7224008ce7e,yaml,writing-task-config,1747338545943,1747338551423,5.48,6,7
6738d09a032bf7224008ce7e,yaml,modifying-task-config-1,1747338992018,1747339000113,8.095,4,6
6738d09a032bf7224008ce7e,yaml,modifying-task-config-2,1747339898375,1747339904820,6.445,6,7
6738d09a032bf7224008ce7e,yaml,modifying-task-config-3,1747340222647,1747340231904,9.257,6,7
6738d09a032bf7224008ce7e,yaml,modifying-task-config-4,1747340476119,1747340482208,6.089,6,6
62d6d87d91cf24a3c1c0f10c,hjson,writing-task-NL,1747335633280,1747335639559,6.279,1,7
62d6d87d91cf24a3c1c0f10c,hjson,reading-task-config-1,1747335959364,1747335963858,4.494,1,7
62d6d87d91cf24a3c1c0f10c,hjson,reading-task-config-2,1747336046028,1747336049927,3.899,2,5
62d6d87d91cf24a3c1c0f10c,hjson,reading-task-config-3,1747336058860,1747336062862,4.002,1,6
62d6d87d91cf24a3c1c0f10c,hjson,reading-task-config-4,1747336131594,1747336140155,8.561,4,4
62d6d87d91cf24a3c1c0f10c,hjson,reading-task-config-5,1747336167364,1747336171842,4.478,1,7
62d6d87d91cf24a3c1c0f10c,hjson,writing-task-config,1747337424447,1747337430270,5.823,6,1
62d6d87d91cf24a3c1c0f10c,hjson,modifying-task-config-1,1747337487207,1747337495547,8.34,6,5
62d6d87d91cf24a3c1c0f10c,hjson,modifying-task-config-2,1747337611853,1747337616910,5.057,2,6
62d6d87d91cf24a3c1c0f10c,hjson,modifying-task-config-3,1747337701894,1747337709370,7.476,4,3
62d6d87d91cf24a3c1c0f10c,hjson,modifying-task-config-4,1747338076809,1747338082643,5.834,6,2
67c6ed1e12728e4fe7a1edf6,jsonc,writing-task-NL,1747172986214,1747172992614,6.4,1,7
67c6ed1e12728e4fe7a1edf6,jsonc,reading-task-config-1,1747174194486,1747174205692,11.206,6,5
67c6ed1e12728e4fe7a1edf6,jsonc,reading-task-config-2,1747175234372,1747175247108,12.736,6,6
67c6ed1e12728e4fe7a1edf6,jsonc,reading-task-config-3,1747175849710,1747175854023,4.313,2,7
67c6ed1e12728e4fe7a1edf6,jsonc,reading-task-config-4,1747175976752,1747175981590,4.838,3,6
67c6ed1e12728e4fe7a1edf6,jsonc,reading-task-config-5,1747176161959,1747176171015,9.056,6,4
67c6ed1e12728e4fe7a1edf6,jsonc,writing-task-config,1747176605336,1747176610069,4.733,6,4
67c6ed1e12728e4fe7a1edf6,jsonc,modifying-task-config-1,1747177108229,1747177113146,4.917,7,4
67c6ed1e12728e4fe7a1edf6,jsonc,modifying-task-config-2,1747177656859,1747177662942,6.083,7,4
67c6ed1e12728e4fe7a1edf6,jsonc,modifying-task-config-3,1747177840587,1747177846694,6.107,6,7
67c6ed1e12728e4fe7a1edf6,jsonc,modifying-task-config-4,1747178138990,1747178147152,8.162,3,6
672b5998daafdbf9c43a531b,jsonc,writing-task-NL,1746770498396,1746770511727,13.331,1,7
672b5998daafdbf9c43a531b,jsonc,reading-task-config-1,1746770597024,1746770605869,8.845,7,7
672b5998daafdbf9c43a531b,jsonc,reading-task-config-2,1746770619324,1746770627104,7.78,7,7
672b5998daafdbf9c43a531b,jsonc,reading-task-config-3,1746770645097,1746770651251,6.154,4,4
672b5998daafdbf9c43a531b,jsonc,reading-task-config-4,1746770670651,1746770677015,6.364,4,4
672b5998daafdbf9c43a531b,jsonc,reading-task-config-5,1746770687045,1746770694232,7.187,4,4
672b5998daafdbf9c43a531b,jsonc,writing-task-config,1746772240365,1746772247188,6.823,7,7
672b5998daafdbf9c43a531b,jsonc,modifying-task-config-1,1746772308429,1746772313837,5.408,7,4
672b5998daafdbf9c43a531b,jsonc,modifying-task-config-2,1746772329754,1746772336312,6.558,7,2
672b5998daafdbf9c43a531b,jsonc,modifying-task-config-3,1746772356585,1746772365883,9.298,7,1
672b5998daafdbf9c43a531b,jsonc,modifying-task-config-4,1746772375040,1746772386173,11.133,7,1
5795af044a84da00014c5df1,json,writing-task-NL,1746767542490,1746767552872,10.382,2,6
5795af044a84da00014c5df1,json,reading-task-config-1,1746767915041,1746767921264,6.223,1,7
5795af044a84da00014c5df1,json,reading-task-config-2,1746767957549,1746767963521,5.972,1,7
5795af044a84da00014c5df1,json,reading-task-config-3,1746767975488,1746767980246,4.758,1,7
5795af044a84da00014c5df1,json,reading-task-config-4,1746768210170,1746768216097,5.927,7,1
5795af044a84da00014c5df1,json,reading-task-config-5,1746768258898,1746768267223,8.325,1,7
5795af044a84da00014c5df1,json,writing-task-config,1746768523020,1746768528288,5.268,5,6
5795af044a84da00014c5df1,json,modifying-task-config-1,1746768594777,1746768598660,3.883,1,7
5795af044a84da00014c5df1,json,modifying-task-config-2,1746768778404,1746768787228,8.824,5,6
5795af044a84da00014c5df1,json,modifying-task-config-3,1746768866549,1746768873526,6.977,5,6
5795af044a84da00014c5df1,json,modifying-task-config-4,1746769009073,1746769016543,7.47,3,7
65298aca34ac384b783169d4,jsonc,writing-task-NL,1746767734040,1746767743989,9.949,5,7
65298aca34ac384b783169d4,jsonc,reading-task-config-1,1746768559709,1746768574582,14.873,6,5
65298aca34ac384b783169d4,jsonc,reading-task-config-2,1746768603685,1746768611791,8.106,4,6
65298aca34ac384b783169d4,jsonc,reading-task-config-3,1746768632180,1746768636754,4.574,6,5
65298aca34ac384b783169d4,jsonc,reading-task-config-4,1746768768657,1746768787987,19.33,6,4
65298aca34ac384b783169d4,jsonc,reading-task-config-5,1746768823508,1746768830892,7.384,5,6
65298aca34ac384b783169d4,jsonc,writing-task-config,1746769822800,1746769834594,11.794,7,4
65298aca34ac384b783169d4,jsonc,modifying-task-config-1,1746769896327,1746769902443,6.116,7,3
65298aca34ac384b783169d4,jsonc,modifying-task-config-2,1746770095763,1746770100371,4.608,4,5
65298aca34ac384b783169d4,jsonc,modifying-task-config-3,1746770181541,1746770186120,4.579,4,4
65298aca34ac384b783169d4,jsonc,modifying-task-config-4,1746770297018,1746770301942,4.924,4,4
681374d36d7bd7ccb6f914f5,json5,writing-task-NL,1747341562816,1747341567471,4.655,1,7
681374d36d7bd7ccb6f914f5,json5,reading-task-config-1,1747341902721,1747341905685,2.964,1,7
681374d36d7bd7ccb6f914f5,json5,reading-task-config-2,1747341938489,1747341941362,2.873,1,7
681374d36d7bd7ccb6f914f5,json5,reading-task-config-3,1747341979042,1747341981736,2.694,1,7
681374d36d7bd7ccb6f914f5,json5,reading-task-config-4,1747342014680,1747342018890,4.21,2,6
681374d36d7bd7ccb6f914f5,json5,reading-task-config-5,1747342065322,1747342080687,15.365,1,7
681374d36d7bd7ccb6f914f5,json5,writing-task-config,1747342414511,1747342417012,2.501,1,7
681374d36d7bd7ccb6f914f5,json5,modifying-task-config-1,1747342480861,1747342483072,2.211,1,7
681374d36d7bd7ccb6f914f5,json5,modifying-task-config-2,1747342548452,1747342557288,8.836,1,7
681374d36d7bd7ccb6f914f5,json5,modifying-task-config-3,1747342609550,1747342611628,2.078,2,6
681374d36d7bd7ccb6f914f5,json5,modifying-task-config-4,1747342675537,1747342678806,3.269,1,7
61287939bc5a971fc15333e4,json,writing-task-NL,1746768120929,1746768131441,10.512,1,6
61287939bc5a971fc15333e4,json,reading-task-config-1,1746769094017,1746769111068,17.051,1,5
61287939bc5a971fc15333e4,json,reading-task-config-2,1746769175064,1746769184842,9.778,1,7
61287939bc5a971fc15333e4,json,reading-task-config-3,1746769259478,1746769269559,10.081,1,7
61287939bc5a971fc15333e4,json,reading-task-config-4,1746769474144,1746769484987,10.843,1,7
61287939bc5a971fc15333e4,json,reading-task-config-5,1746769583188,1746769592082,8.894,1,7
61287939bc5a971fc15333e4,json,writing-task-config,1746772282534,1746772292069,9.535,7,2
61287939bc5a971fc15333e4,json,modifying-task-config-1,1746772353565,1746772362451,8.886,1,7
61287939bc5a971fc15333e4,json,modifying-task-config-2,1746772430879,1746772440096,9.217,1,3
61287939bc5a971fc15333e4,json,modifying-task-config-3,1746772521860,1746772533656,11.796,3,3
61287939bc5a971fc15333e4,json,modifying-task-config-4,1746772584986,1746772597161,12.175,2,2
65feaaac53eb219f09ad5ea0,toml,writing-task-NL,1746768687266,1746768696316,9.05,1,7
65feaaac53eb219f09ad5ea0,toml,reading-task-config-1,1746769778228,1746769788711,10.483,2,6
65feaaac53eb219f09ad5ea0,toml,reading-task-config-2,1746769919089,1746769929622,10.533,3,7
65feaaac53eb219f09ad5ea0,toml,reading-task-config-3,1746769970338,1746769977928,7.59,2,7
65feaaac53eb219f09ad5ea0,toml,reading-task-config-4,1746770153387,1746770162159,8.772,5,4
65feaaac53eb219f09ad5ea0,toml,reading-task-config-5,1746770225927,1746770232406,6.479,1,7
65feaaac53eb219f09ad5ea0,toml,writing-task-config,1746771741855,1746771749051,7.196,7,4
65feaaac53eb219f09ad5ea0,toml,modifying-task-config-1,1746771837807,1746771843831,6.024,2,7
65feaaac53eb219f09ad5ea0,toml,modifying-task-config-2,1746772659496,1746772666296,6.8,7,5
65feaaac53eb219f09ad5ea0,toml,modifying-task-config-3,1746772702722,1746772706965,4.243,2,7
65feaaac53eb219f09ad5ea0,toml,modifying-task-config-4,1746772831974,1746772837067,5.093,4,3
5755c957eb80c4000741a9ce,json5,writing-task-NL,1747172961566,1747172975715,14.149,1,7
5755c957eb80c4000741a9ce,json5,reading-task-config-1,1747173232253,1747173236909,4.656,1,7
5755c957eb80c4000741a9ce,json5,reading-task-config-2,1747173254913,1747173258092,3.179,1,7
5755c957eb80c4000741a9ce,json5,reading-task-config-3,1747173270040,1747173273198,3.158,1,7
5755c957eb80c4000741a9ce,json5,reading-task-config-4,1747173351585,1747173357638,6.053,4,6
5755c957eb80c4000741a9ce,json5,reading-task-config-5,1747173382413,1747173386872,4.459,2,7
5755c957eb80c4000741a9ce,json5,writing-task-config,1747173535652,1747173544362,8.71,3,5
5755c957eb80c4000741a9ce,json5,modifying-task-config-1,1747173588886,1747173592003,3.117,2,7
5755c957eb80c4000741a9ce,json5,modifying-task-config-2,1747173684481,1747173687911,3.43,3,7
5755c957eb80c4000741a9ce,json5,modifying-task-config-3,1747173709030,1747173714127,5.097,2,6
5755c957eb80c4000741a9ce,json5,modifying-task-config-4,1747173775988,1747173778322,2.334,2,6
6693d3ae2bd15cf7a058e6a7,json5,writing-task-NL,1746768836697,1746768847665,10.968,1,7
6693d3ae2bd15cf7a058e6a7,json5,reading-task-config-1,1746769086082,1746769095956,9.874,5,7
6693d3ae2bd15cf7a058e6a7,json5,reading-task-config-2,1746769162254,1746769169036,6.782,1,7
6693d3ae2bd15cf7a058e6a7,json5,reading-task-config-3,1746769262819,1746769272174,9.355,2,6
6693d3ae2bd15cf7a058e6a7,json5,reading-task-config-4,1746769354075,1746769363187,9.112,1,7
6693d3ae2bd15cf7a058e6a7,json5,reading-task-config-5,1746769448150,1746769453940,5.79,1,7
6693d3ae2bd15cf7a058e6a7,json5,writing-task-config,1746771249734,1746771262128,12.394,7,3
6693d3ae2bd15cf7a058e6a7,json5,modifying-task-config-1,1746771505722,1746771515334,9.612,1,7
6693d3ae2bd15cf7a058e6a7,json5,modifying-task-config-2,1746772035662,1746772040980,5.318,1,7
6693d3ae2bd15cf7a058e6a7,json5,modifying-task-config-3,1746772159773,1746772165003,5.23,1,7
6693d3ae2bd15cf7a058e6a7,json5,modifying-task-config-4,1746772504801,1746772510365,5.564,1,7
60e2bf0aa568b97e8d525872,toml,writing-task-NL,1746768009531,1746768017489,7.958,5,6
60e2bf0aa568b97e8d525872,toml,reading-task-config-1,1746768555035,1746768563936,8.901,7,1
60e2bf0aa568b97e8d525872,toml,reading-task-config-2,1746768644331,1746768651192,6.861,7,2
60e2bf0aa568b97e8d525872,toml,reading-task-config-3,1746768689811,1746768695675,5.864,6,2
60e2bf0aa568b97e8d525872,toml,reading-task-config-4,1746768801084,1746768806594,5.51,7,3
60e2bf0aa568b97e8d525872,toml,reading-task-config-5,1746768839669,1746768848218,8.549,2,6
60e2bf0aa568b97e8d525872,toml,writing-task-config,1746769283022,1746769288267,5.245,7,1
60e2bf0aa568b97e8d525872,toml,modifying-task-config-1,1746769440395,1746769447876,7.481,4,4
60e2bf0aa568b97e8d525872,toml,modifying-task-config-2,1746769727208,1746769769472,42.264,7,2
60e2bf0aa568b97e8d525872,toml,modifying-task-config-3,1746769896408,1746769911096,14.688,6,3
60e2bf0aa568b97e8d525872,toml,modifying-task-config-4,1746770369253,1746770373926,4.673,7,1
67d24179c5bd87691f1fe036,yaml,writing-task-NL,1746767799032,1746767804812,5.78,1,7
67d24179c5bd87691f1fe036,yaml,reading-task-config-1,1746768300386,1746768304366,3.98,1,6
67d24179c5bd87691f1fe036,yaml,reading-task-config-2,1746768319890,1746768325595,5.705,2,6
67d24179c5bd87691f1fe036,yaml,reading-task-config-3,1746768352283,1746768355812,3.529,2,6
67d24179c5bd87691f1fe036,yaml,reading-task-config-4,1746769336026,1746769341098,5.072,6,2
67d24179c5bd87691f1fe036,yaml,reading-task-config-5,1746769497811,1746769501699,3.888,4,5
67d24179c5bd87691f1fe036,yaml,writing-task-config,1746769717841,1746769722404,4.563,6,2
67d24179c5bd87691f1fe036,yaml,modifying-task-config-1,1746769797654,1746769802635,4.981,2,5
67d24179c5bd87691f1fe036,yaml,modifying-task-config-2,1746769922487,1746769930680,8.193,4,3
67d24179c5bd87691f1fe036,yaml,modifying-task-config-3,1746769991072,1746769995319,4.247,4,2
67d24179c5bd87691f1fe036,yaml,modifying-task-config-4,1746770056705,1746770060770,4.065,4,1
5c4f5967aac8be0001716a65,xml,writing-task-NL,1747172772546,1747172779038,6.492,2,6
5c4f5967aac8be0001716a65,xml,reading-task-config-1,1747173078170,1747173082833,4.663,2,5
5c4f5967aac8be0001716a65,xml,reading-task-config-2,1747173104950,1747173109671,4.721,2,5
5c4f5967aac8be0001716a65,xml,reading-task-config-3,1747173135243,1747173137969,2.726,2,5
5c4f5967aac8be0001716a65,xml,reading-task-config-4,1747173255290,1747173259877,4.587,3,4
5c4f5967aac8be0001716a65,xml,reading-task-config-5,1747173290314,1747173292666,2.352,1,7
5c4f5967aac8be0001716a65,xml,writing-task-config,1747173781537,1747173788748,7.211,5,3
5c4f5967aac8be0001716a65,xml,modifying-task-config-1,1747173847397,1747173852481,5.084,2,6
5c4f5967aac8be0001716a65,xml,modifying-task-config-2,1747173974045,1747173978512,4.467,3,5
5c4f5967aac8be0001716a65,xml,modifying-task-config-3,1747174006978,1747174009899,2.921,1,5
5c4f5967aac8be0001716a65,xml,modifying-task-config-4,1747174509840,1747174514665,4.825,4,3
