participantId,task,startTime,endTime,duration_sec,duration_min,format
56cb8858edf8da000b6df354,introduction,1746391121109,1746391153416,32.307,0.53845,hjson
56cb8858edf8da000b6df354,qualifications,1746391153537,1746391170043,16.506,0.2751,hjson
56cb8858edf8da000b6df354,consent,1746391170143,1746391222867,52.724,0.8787333333333333,hjson
56cb8858edf8da000b6df354,task,1746391222971,1746391267244,44.273,0.7378833333333333,hjson
56cb8858edf8da000b6df354,writing-task-NL,1746391267301,1746391350733,83.432,1.3905333333333334,hjson
56cb8858edf8da000b6df354,writing-task-NL_post-task-question,1746391350840,1746391355504,4.664,0.07773333333333333,hjson
56cb8858edf8da000b6df354,tutorial-part1,1746391355557,1746391593346,237.789,3.9631499999999997,hjson
56cb8858edf8da000b6df354,tutorial-part2,1746391593418,1746391668368,74.95,1.2491666666666668,hjson
56cb8858edf8da000b6df354,reading-task-tabular-1,1746391668428,1746391719274,50.846,0.8474333333333333,hjson
56cb8858edf8da000b6df354,reading-task-tabular-1_post-task-question,1746391719382,1746391724167,4.785,0.07975,hjson
56cb8858edf8da000b6df354,reading-task-tabular-2,1746391724224,1746391748657,24.433,0.40721666666666667,hjson
56cb8858edf8da000b6df354,reading-task-tabular-2_post-task-question,1746391748756,1746391751445,2.689,0.044816666666666664,hjson
56cb8858edf8da000b6df354,reading-task-tabular-3,1746391751497,1746391765557,14.06,0.23433333333333334,hjson
56cb8858edf8da000b6df354,reading-task-tabular-3_post-task-question,1746391765664,1746391768699,3.035,0.050583333333333334,hjson
56cb8858edf8da000b6df354,reading-task-tabular-4,1746391768753,1746391784384,15.631,0.2605166666666667,hjson
56cb8858edf8da000b6df354,reading-task-tabular-4_post-task-question,1746391784486,1746391786883,2.397,0.03995,hjson
56cb8858edf8da000b6df354,reading-task-tabular-5,1746391786929,1746391835272,48.343,0.8057166666666667,hjson
56cb8858edf8da000b6df354,reading-task-tabular-5_post-task-question,1746391835377,1746391837852,2.475,0.04125,hjson
56cb8858edf8da000b6df354,writing-task-tabular,1746391837901,1746392099201,261.3,4.355,hjson
56cb8858edf8da000b6df354,writing-task-tabular_post-task-question,1746392099310,1746392103240,3.93,0.0655,hjson
56cb8858edf8da000b6df354,modifying-task-tabular-1,1746392103301,1746392199939,96.638,1.6106333333333334,hjson
56cb8858edf8da000b6df354,modifying-task-tabular-1_post-task-question,1746392200050,1746392204005,3.955,0.06591666666666667,hjson
56cb8858edf8da000b6df354,modifying-task-tabular-2,1746392204063,1746392253827,49.764,0.8294,hjson
56cb8858edf8da000b6df354,modifying-task-tabular-2_post-task-question,1746392253950,1746392256859,2.909,0.04848333333333333,hjson
56cb8858edf8da000b6df354,modifying-task-tabular-3,1746392256921,1746392303939,47.018,0.7836333333333333,hjson
56cb8858edf8da000b6df354,modifying-task-tabular-3_post-task-question,1746392304057,1746392306499,2.442,0.0407,hjson
56cb8858edf8da000b6df354,modifying-task-tabular-4,1746392306545,1746392597709,291.164,4.852733333333333,hjson
56cb8858edf8da000b6df354,modifying-task-tabular-4_post-task-question,1746392597865,1746392600898,3.033,0.05055,hjson
56cb8858edf8da000b6df354,$nasa-tlx.co.nasa-tlx,1746392601041,1746392648555,47.514,0.7919,hjson
56cb8858edf8da000b6df354,post-task-survey-tlx,1746392648763,1746392775002,126.239,2.1039833333333333,hjson
56cb8858edf8da000b6df354,unqualified,0,-1,-0.001,-1.6666666666666667e-05,hjson
57c357770e6a1f00015f6038,introduction,1746383260206,1746383286297,26.091,0.43485,json
57c357770e6a1f00015f6038,qualifications,1746383286376,1746383295730,9.354,0.15589999999999998,json
57c357770e6a1f00015f6038,consent,1746383295804,1746383308429,12.625,0.21041666666666667,json
57c357770e6a1f00015f6038,task,1746383308508,1746383343513,35.005,0.5834166666666667,json
57c357770e6a1f00015f6038,writing-task-NL,1746383343580,1746383458746,115.166,1.9194333333333333,json
57c357770e6a1f00015f6038,writing-task-NL_post-task-question,1746383458812,1746383464412,5.6,0.09333333333333332,json
57c357770e6a1f00015f6038,tutorial-part1,1746383464462,1746383994052,529.59,8.826500000000001,json
57c357770e6a1f00015f6038,tutorial-part2,1746383994132,1746384102917,108.785,1.8130833333333334,json
57c357770e6a1f00015f6038,reading-task-tabular-1,1746384102976,1746384131584,28.608,0.4768,json
57c357770e6a1f00015f6038,reading-task-tabular-1_post-task-question,1746384131676,1746384139301,7.625,0.12708333333333333,json
57c357770e6a1f00015f6038,reading-task-tabular-2,1746384139355,1746384176866,37.511,0.6251833333333334,json
57c357770e6a1f00015f6038,reading-task-tabular-2_post-task-question,1746384176945,1746384180251,3.306,0.0551,json
57c357770e6a1f00015f6038,reading-task-tabular-3,1746384180312,1746384192266,11.954,0.19923333333333335,json
57c357770e6a1f00015f6038,reading-task-tabular-3_post-task-question,1746384192337,1746384196250,3.913,0.06521666666666666,json
57c357770e6a1f00015f6038,reading-task-tabular-4,1746384196305,1746384216267,19.962,0.3327,json
57c357770e6a1f00015f6038,reading-task-tabular-4_post-task-question,1746384216338,1746384220717,4.379,0.07298333333333333,json
57c357770e6a1f00015f6038,reading-task-tabular-5,1746384220775,1746384242417,21.642,0.36069999999999997,json
57c357770e6a1f00015f6038,reading-task-tabular-5_post-task-question,1746384242502,1746384246651,4.149,0.06915,json
57c357770e6a1f00015f6038,writing-task-tabular,1746384246705,1746384851226,604.521,10.075349999999998,json
57c357770e6a1f00015f6038,writing-task-tabular_post-task-question,1746384851306,1746384859919,8.613,0.14354999999999998,json
57c357770e6a1f00015f6038,modifying-task-tabular-1,1746384859979,1746384951450,91.471,1.5245166666666667,json
57c357770e6a1f00015f6038,modifying-task-tabular-1_post-task-question,1746384951543,1746384958651,7.108,0.11846666666666666,json
57c357770e6a1f00015f6038,modifying-task-tabular-2,1746384958718,1746385030992,72.274,1.2045666666666668,json
57c357770e6a1f00015f6038,modifying-task-tabular-2_post-task-question,1746385031057,1746385034959,3.902,0.06503333333333333,json
57c357770e6a1f00015f6038,modifying-task-tabular-3,1746385035014,1746385071701,36.687,0.6114499999999999,json
57c357770e6a1f00015f6038,modifying-task-tabular-3_post-task-question,1746385071798,1746385077018,5.22,0.087,json
57c357770e6a1f00015f6038,modifying-task-tabular-4,1746385077082,1746385103615,26.533,0.4422166666666667,json
57c357770e6a1f00015f6038,modifying-task-tabular-4_post-task-question,1746385103668,1746385107898,4.23,0.07050000000000001,json
57c357770e6a1f00015f6038,$nasa-tlx.co.nasa-tlx,1746385108000,1746385128866,20.866,0.34776666666666667,json
57c357770e6a1f00015f6038,post-task-survey-tlx,1746385128961,1746385182802,53.841,0.89735,json
57c357770e6a1f00015f6038,unqualified,0,-1,-0.001,-1.6666666666666667e-05,json
5b68c9eb87af310001584803,introduction,1746383271838,1746383287842,16.004,0.2667333333333334,json5
5b68c9eb87af310001584803,qualifications,1746383288038,1746383297216,9.178,0.15296666666666667,json5
5b68c9eb87af310001584803,consent,1746383297413,1746383310617,13.204,0.2200666666666667,json5
5b68c9eb87af310001584803,task,1746383310781,1746383335904,25.123,0.4187166666666667,json5
5b68c9eb87af310001584803,writing-task-NL,1746383335992,1746383518310,182.318,3.0386333333333337,json5
5b68c9eb87af310001584803,writing-task-NL_post-task-question,1746383518489,1746383523368,4.879,0.08131666666666666,json5
5b68c9eb87af310001584803,tutorial-part1,1746383523456,1746383740465,217.009,3.6168166666666663,json5
5b68c9eb87af310001584803,tutorial-part2,1746383740637,1746383766584,25.947,0.43245,json5
5b68c9eb87af310001584803,reading-task-tabular-1,1746383766694,1746383825624,58.93,0.9821666666666666,json5
5b68c9eb87af310001584803,reading-task-tabular-1_post-task-question,1746383825786,1746383830368,4.582,0.07636666666666667,json5
5b68c9eb87af310001584803,reading-task-tabular-2,1746383830464,1746383880984,50.52,0.8420000000000001,json5
5b68c9eb87af310001584803,reading-task-tabular-2_post-task-question,1746383881145,1746383886344,5.199,0.08664999999999999,json5
5b68c9eb87af310001584803,reading-task-tabular-3,1746383886449,1746383924048,37.599,0.6266499999999999,json5
5b68c9eb87af310001584803,reading-task-tabular-3_post-task-question,1746383924258,1746383932055,7.797,0.12994999999999998,json5
5b68c9eb87af310001584803,reading-task-tabular-4,1746383932171,1746383963769,31.598,0.5266333333333333,json5
5b68c9eb87af310001584803,reading-task-tabular-4_post-task-question,1746383963956,1746383968680,4.724,0.07873333333333334,json5
5b68c9eb87af310001584803,reading-task-tabular-5,1746383968785,1746384007112,38.327,0.6387833333333333,json5
5b68c9eb87af310001584803,reading-task-tabular-5_post-task-question,1746384007324,1746384012032,4.708,0.07846666666666667,json5
5b68c9eb87af310001584803,writing-task-tabular,1746384012149,1746384293029,280.88,4.681333333333333,json5
5b68c9eb87af310001584803,writing-task-tabular_post-task-question,1746384293199,1746384297896,4.697,0.07828333333333333,json5
5b68c9eb87af310001584803,modifying-task-tabular-1,1746384297983,1746384519042,221.059,3.6843166666666667,json5
5b68c9eb87af310001584803,modifying-task-tabular-1_post-task-question,1746384519288,1746384524192,4.904,0.08173333333333334,json5
5b68c9eb87af310001584803,modifying-task-tabular-2,1746384524287,1746384635800,111.513,1.8585500000000001,json5
5b68c9eb87af310001584803,modifying-task-tabular-2_post-task-question,1746384635988,1746384639848,3.86,0.06433333333333333,json5
5b68c9eb87af310001584803,modifying-task-tabular-3,1746384639950,1746384703434,63.484,1.0580666666666667,json5
5b68c9eb87af310001584803,modifying-task-tabular-3_post-task-question,1746384703629,1746384708008,4.379,0.07298333333333333,json5
5b68c9eb87af310001584803,modifying-task-tabular-4,1746384708116,1746384715649,7.533,0.12555,json5
5b68c9eb87af310001584803,modifying-task-tabular-4_post-task-question,1746384715825,1746384719817,3.992,0.06653333333333333,json5
5b68c9eb87af310001584803,$nasa-tlx.co.nasa-tlx,1746384720007,1746384734537,14.53,0.24216666666666667,json5
5b68c9eb87af310001584803,post-task-survey-tlx,1746384734766,1746384762407,27.641,0.4606833333333333,json5
5b68c9eb87af310001584803,unqualified,0,-1,-0.001,-1.6666666666666667e-05,json5
5c6414540821d30001046198,introduction,1747340157060,1747340216100,59.04,0.984,hjson
5c6414540821d30001046198,qualifications,1747340217365,1747340227064,9.699,0.16165,hjson
5c6414540821d30001046198,consent,1747340228121,1747340300156,72.035,1.2005833333333333,hjson
5c6414540821d30001046198,task,1747340301187,1747340355034,53.847,0.89745,hjson
5c6414540821d30001046198,writing-task-NL,1747340355838,1747340484547,128.709,2.14515,hjson
5c6414540821d30001046198,writing-task-NL_post-task-question,1747340485541,1747340493949,8.408,0.14013333333333333,hjson
5c6414540821d30001046198,tutorial-part1,1747340494619,1747341195618,700.999,11.683316666666666,hjson
5c6414540821d30001046198,tutorial-part2,1747341196301,1747341394002,197.701,3.2950166666666667,hjson
5c6414540821d30001046198,reading-task-tabular-1,1747341394619,1747341501344,106.725,1.7787499999999998,hjson
5c6414540821d30001046198,reading-task-tabular-1_post-task-question,1747341502331,1747341515028,12.697,0.21161666666666665,hjson
5c6414540821d30001046198,reading-task-tabular-2,1747341515701,1747341628371,112.67,1.8778333333333335,hjson
5c6414540821d30001046198,reading-task-tabular-2_post-task-question,1747341629427,1747341634541,5.114,0.08523333333333333,hjson
5c6414540821d30001046198,reading-task-tabular-3,1747341635146,1747341670701,35.555,0.5925833333333334,hjson
5c6414540821d30001046198,reading-task-tabular-3_post-task-question,1747341671682,1747341678224,6.542,0.10903333333333333,hjson
5c6414540821d30001046198,reading-task-tabular-4,1747341678874,1747341726237,47.363,0.7893833333333333,hjson
5c6414540821d30001046198,reading-task-tabular-4_post-task-question,1747341727145,1747341734335,7.19,0.11983333333333333,hjson
5c6414540821d30001046198,reading-task-tabular-5,1747341734935,1747341833372,98.437,1.6406166666666666,hjson
5c6414540821d30001046198,reading-task-tabular-5_post-task-question,1747341834327,1747341842082,7.755,0.12925,hjson
5c6414540821d30001046198,writing-task-tabular,1747341842733,1747343144736,1302.003,21.700049999999997,hjson
5c6414540821d30001046198,writing-task-tabular_post-task-question,1747343145873,1747343152554,6.681,0.11135,hjson
5c6414540821d30001046198,modifying-task-tabular-1,1747343153223,1747343516999,363.776,6.0629333333333335,hjson
5c6414540821d30001046198,modifying-task-tabular-1_post-task-question,1747343518111,1747343527025,8.914,0.14856666666666665,hjson
5c6414540821d30001046198,modifying-task-tabular-2,1747343527751,1747343597482,69.731,1.1621833333333333,hjson
5c6414540821d30001046198,modifying-task-tabular-2_post-task-question,1747343598565,1747343604088,5.523,0.09204999999999999,hjson
5c6414540821d30001046198,modifying-task-tabular-3,1747343604806,1747343663721,58.915,0.9819166666666667,hjson
5c6414540821d30001046198,modifying-task-tabular-3_post-task-question,1747343664775,1747343672412,7.637,0.12728333333333333,hjson
5c6414540821d30001046198,modifying-task-tabular-4,1747343673107,1747344091785,418.678,6.977966666666666,hjson
5c6414540821d30001046198,modifying-task-tabular-4_post-task-question,1747344093004,1747344099213,6.209,0.10348333333333333,hjson
5c6414540821d30001046198,$nasa-tlx.co.nasa-tlx,1747344100433,1747344133058,32.625,0.54375,hjson
5c6414540821d30001046198,post-task-survey-tlx,1747344134453,1747344351526,217.073,3.6178833333333333,hjson
5c6414540821d30001046198,unqualified,0,-1,-0.001,-1.6666666666666667e-05,hjson
5d30dfa68b1523000134878f,introduction,1745928663006,1745928733090,70.084,1.1680666666666668,json
5d30dfa68b1523000134878f,qualifications,1745928733204,1745928742611,9.407,0.15678333333333333,json
5d30dfa68b1523000134878f,consent,1745928742713,1745928794622,51.909,0.86515,json
5d30dfa68b1523000134878f,task,1745928794721,1745928906920,112.199,1.8699833333333333,json
5d30dfa68b1523000134878f,writing-task-NL,1745928906990,1745929003369,96.379,1.6063166666666668,json
5d30dfa68b1523000134878f,writing-task-NL_post-task-question,1745929003473,1745929011263,7.79,0.12983333333333333,json
5d30dfa68b1523000134878f,tutorial-part1,1745929011329,1745929508397,497.068,8.284466666666667,json
5d30dfa68b1523000134878f,tutorial-part2,1745929508472,1745929616400,107.928,1.7988,json
5d30dfa68b1523000134878f,reading-task-tabular-1,1745929616468,1745929663512,47.044,0.7840666666666666,json
5d30dfa68b1523000134878f,reading-task-tabular-1_post-task-question,1745929663613,1745929668415,4.802,0.08003333333333333,json
5d30dfa68b1523000134878f,reading-task-tabular-2,1745929668475,1745929735388,66.913,1.1152166666666665,json
5d30dfa68b1523000134878f,reading-task-tabular-2_post-task-question,1745929735483,1745929739410,3.927,0.06545,json
5d30dfa68b1523000134878f,reading-task-tabular-3,1745929739479,1745929765542,26.063,0.4343833333333333,json
5d30dfa68b1523000134878f,reading-task-tabular-3_post-task-question,1745929765648,1745929768580,2.932,0.04886666666666666,json
5d30dfa68b1523000134878f,reading-task-tabular-4,1745929768636,1745929812255,43.619,0.7269833333333333,json
5d30dfa68b1523000134878f,reading-task-tabular-4_post-task-question,1745929812350,1745929814745,2.395,0.03991666666666667,json
5d30dfa68b1523000134878f,reading-task-tabular-5,1745929814790,1745929859601,44.811,0.74685,json
5d30dfa68b1523000134878f,reading-task-tabular-5_post-task-question,1745929859709,1745929863283,3.574,0.059566666666666664,json
5d30dfa68b1523000134878f,writing-task-tabular,1745929863340,1745930450687,587.347,9.789116666666667,json
5d30dfa68b1523000134878f,writing-task-tabular_post-task-question,1745930450805,1745930456084,5.279,0.08798333333333333,json
5d30dfa68b1523000134878f,modifying-task-tabular-1,1745930456139,1745930617816,161.677,2.6946166666666667,json
5d30dfa68b1523000134878f,modifying-task-tabular-1_post-task-question,1745930617960,1745930622837,4.877,0.08128333333333333,json
5d30dfa68b1523000134878f,modifying-task-tabular-2,1745930622897,1745930733493,110.596,1.8432666666666668,json
5d30dfa68b1523000134878f,modifying-task-tabular-2_post-task-question,1745930733596,1745930736261,2.665,0.04441666666666667,json
5d30dfa68b1523000134878f,modifying-task-tabular-3,1745930736311,1745930845129,108.818,1.8136333333333332,json
5d30dfa68b1523000134878f,modifying-task-tabular-3_post-task-question,1745930845242,1745930848797,3.555,0.059250000000000004,json
5d30dfa68b1523000134878f,modifying-task-tabular-4,1745930848863,1745931226826,377.963,6.299383333333334,json
5d30dfa68b1523000134878f,modifying-task-tabular-4_post-task-question,1745931226957,1745931232832,5.875,0.09791666666666667,json
5d30dfa68b1523000134878f,$nasa-tlx.co.nasa-tlx,1745931232960,1745931258924,25.964,0.4327333333333333,json
5d30dfa68b1523000134878f,post-task-survey-tlx,1745931259078,1745931344357,85.279,1.4213166666666666,json
5d30dfa68b1523000134878f,unqualified,0,-1,-0.001,-1.6666666666666667e-05,json
5d766978f47e6200019a2acf,introduction,1745928748725,1745928768868,20.143,0.33571666666666666,yaml
5d766978f47e6200019a2acf,qualifications,1745928769277,1745928774956,5.679,0.09465,yaml
5d766978f47e6200019a2acf,consent,1745928775300,1745928821691,46.391,0.7731833333333333,yaml
5d766978f47e6200019a2acf,task,1745928822149,1745928882043,59.894,0.9982333333333333,yaml
5d766978f47e6200019a2acf,writing-task-NL,1745928882295,1745929040221,157.926,2.6321,yaml
5d766978f47e6200019a2acf,writing-task-NL_post-task-question,1745929040669,1745929046743,6.074,0.10123333333333333,yaml
5d766978f47e6200019a2acf,tutorial-part1,1745929046984,1745929478367,431.383,7.1897166666666665,yaml
5d766978f47e6200019a2acf,tutorial-part2,1745929478680,1745929617655,138.975,2.3162499999999997,yaml
5d766978f47e6200019a2acf,reading-task-tabular-1,1745929617935,1745929684868,66.933,1.11555,yaml
5d766978f47e6200019a2acf,reading-task-tabular-1_post-task-question,1745929685286,1745929690076,4.79,0.07983333333333334,yaml
5d766978f47e6200019a2acf,reading-task-tabular-2,1745929690355,1745929740526,50.171,0.8361833333333333,yaml
5d766978f47e6200019a2acf,reading-task-tabular-2_post-task-question,1745929740956,1745929745235,4.279,0.07131666666666667,yaml
5d766978f47e6200019a2acf,reading-task-tabular-3,1745929745458,1745929793964,48.506,0.8084333333333333,yaml
5d766978f47e6200019a2acf,reading-task-tabular-3_post-task-question,1745929794433,1745929798012,3.579,0.05965,yaml
5d766978f47e6200019a2acf,reading-task-tabular-4,1745929798249,1745929842782,44.533,0.7422166666666666,yaml
5d766978f47e6200019a2acf,reading-task-tabular-4_post-task-question,1745929843220,1745929845836,2.616,0.0436,yaml
5d766978f47e6200019a2acf,reading-task-tabular-5,1745929846085,1745929970363,124.278,2.0713,yaml
5d766978f47e6200019a2acf,reading-task-tabular-5_post-task-question,1745929970829,1745929985900,15.071,0.2511833333333333,yaml
5d766978f47e6200019a2acf,writing-task-tabular,1745929986159,1745930386782,400.623,6.6770499999999995,yaml
5d766978f47e6200019a2acf,writing-task-tabular_post-task-question,1745930387271,1745930413234,25.963,0.4327166666666667,yaml
5d766978f47e6200019a2acf,modifying-task-tabular-1,1745930413484,1745930629115,215.631,3.59385,yaml
5d766978f47e6200019a2acf,modifying-task-tabular-1_post-task-question,1745930629640,1745930637094,7.454,0.12423333333333333,yaml
5d766978f47e6200019a2acf,modifying-task-tabular-2,1745930637358,1745930744872,107.514,1.7918999999999998,yaml
5d766978f47e6200019a2acf,modifying-task-tabular-2_post-task-question,1745930745359,1745930754725,9.366,0.1561,yaml
5d766978f47e6200019a2acf,modifying-task-tabular-3,1745930755025,1745930909972,154.947,2.58245,yaml
5d766978f47e6200019a2acf,modifying-task-tabular-3_post-task-question,1745930910487,1745930917990,7.503,0.12505,yaml
5d766978f47e6200019a2acf,modifying-task-tabular-4,1745930918261,1745932016468,1098.207,18.30345,yaml
5d766978f47e6200019a2acf,modifying-task-tabular-4_post-task-question,1745932017147,1745932029904,12.757,0.21261666666666665,yaml
5d766978f47e6200019a2acf,$nasa-tlx.co.nasa-tlx,1745932030455,1745932106320,75.865,1.2644166666666665,yaml
5d766978f47e6200019a2acf,post-task-survey-tlx,1745932107015,1745932177456,70.441,1.1740166666666667,yaml
5d766978f47e6200019a2acf,unqualified,0,-1,-0.001,-1.6666666666666667e-05,yaml
5dafea4de40355001651fa2f,introduction,1745928849058,1745928861662,12.604,0.21006666666666665,jsonc
5dafea4de40355001651fa2f,qualifications,1745928862933,1745928877313,14.38,0.23966666666666667,jsonc
5dafea4de40355001651fa2f,consent,1745928878106,1745928931632,53.526,0.8921,jsonc
5dafea4de40355001651fa2f,task,1745928932543,1745928958352,25.809,0.43015000000000003,jsonc
5dafea4de40355001651fa2f,writing-task-NL,1745928958902,1745929204374,245.472,4.0912,jsonc
5dafea4de40355001651fa2f,writing-task-NL_post-task-question,1745929205148,1745929217209,12.061,0.20101666666666668,jsonc
5dafea4de40355001651fa2f,tutorial-part1,1745929217594,1745929338614,121.02,2.017,jsonc
5dafea4de40355001651fa2f,tutorial-part2,1745929339340,1745929443914,104.574,1.7429,jsonc
5dafea4de40355001651fa2f,reading-task-tabular-1,1745929444296,1745929491297,47.001,0.78335,jsonc
5dafea4de40355001651fa2f,reading-task-tabular-1_post-task-question,1745929492140,1745929500417,8.277,0.13795,jsonc
5dafea4de40355001651fa2f,reading-task-tabular-2,1745929500864,1745929543889,43.025,0.7170833333333333,jsonc
5dafea4de40355001651fa2f,reading-task-tabular-2_post-task-question,1745929544683,1745929553565,8.882,0.14803333333333332,jsonc
5dafea4de40355001651fa2f,reading-task-tabular-3,1745929554295,1745929596619,42.324,0.7053999999999999,jsonc
5dafea4de40355001651fa2f,reading-task-tabular-3_post-task-question,1745929597498,1745929615134,17.636,0.2939333333333333,jsonc
5dafea4de40355001651fa2f,reading-task-tabular-4,1745929615528,1745929670876,55.348,0.9224666666666667,jsonc
5dafea4de40355001651fa2f,reading-task-tabular-4_post-task-question,1745929671667,1745929677120,5.453,0.09088333333333334,jsonc
5dafea4de40355001651fa2f,reading-task-tabular-5,1745929677510,1745929737263,59.753,0.9958833333333333,jsonc
5dafea4de40355001651fa2f,reading-task-tabular-5_post-task-question,1745929737892,1745929746007,8.115,0.13525,jsonc
5dafea4de40355001651fa2f,writing-task-tabular,1745929746524,1745930444991,698.467,11.641116666666667,jsonc
5dafea4de40355001651fa2f,writing-task-tabular_post-task-question,1745930445931,1745930452573,6.642,0.1107,jsonc
5dafea4de40355001651fa2f,modifying-task-tabular-1,1745930452895,1745930641804,188.909,3.148483333333333,jsonc
5dafea4de40355001651fa2f,modifying-task-tabular-1_post-task-question,1745930642721,1745930648266,5.545,0.09241666666666666,jsonc
5dafea4de40355001651fa2f,modifying-task-tabular-2,1745930648816,1745930744463,95.647,1.5941166666666668,jsonc
5dafea4de40355001651fa2f,modifying-task-tabular-2_post-task-question,1745930745265,1745930750407,5.142,0.08570000000000001,jsonc
5dafea4de40355001651fa2f,modifying-task-tabular-3,1745930750974,1745930823478,72.504,1.2084000000000001,jsonc
5dafea4de40355001651fa2f,modifying-task-tabular-3_post-task-question,1745930824329,1745930829333,5.004,0.08339999999999999,jsonc
5dafea4de40355001651fa2f,modifying-task-tabular-4,1745930829998,1745930954090,124.092,2.0682,jsonc
5dafea4de40355001651fa2f,modifying-task-tabular-4_post-task-question,1745930954976,1745930960319,5.343,0.08905,jsonc
5dafea4de40355001651fa2f,$nasa-tlx.co.nasa-tlx,1745930961384,1745930990221,28.837,0.48061666666666664,jsonc
5dafea4de40355001651fa2f,post-task-survey-tlx,1745930991956,1745931033223,41.267,0.6877833333333334,jsonc
5dafea4de40355001651fa2f,unqualified,0,-1,-0.001,-1.6666666666666667e-05,jsonc
5e3b5fa9255e7a37bc841135,introduction,1746389719241,1746389758910,39.669,0.6611499999999999,json
5e3b5fa9255e7a37bc841135,qualifications,1746389759124,1746389771966,12.842,0.21403333333333335,json
5e3b5fa9255e7a37bc841135,consent,1746389772170,1746389968094,195.924,3.2654,json
5e3b5fa9255e7a37bc841135,task,1746389968296,1746390105157,136.861,2.2810166666666665,json
5e3b5fa9255e7a37bc841135,writing-task-NL,1746390105286,1746390318696,213.41,3.556833333333333,json
5e3b5fa9255e7a37bc841135,writing-task-NL_post-task-question,1746390318894,1746390329523,10.629,0.17715,json
5e3b5fa9255e7a37bc841135,tutorial-part1,1746390329645,1746390942192,612.547,10.209116666666667,json
5e3b5fa9255e7a37bc841135,tutorial-part2,1746390942373,1746391122673,180.3,3.0050000000000003,json
5e3b5fa9255e7a37bc841135,reading-task-tabular-1,1746391122811,1746391194590,71.779,1.1963166666666667,json
5e3b5fa9255e7a37bc841135,reading-task-tabular-1_post-task-question,1746391194801,1746391202539,7.738,0.12896666666666667,json
5e3b5fa9255e7a37bc841135,reading-task-tabular-2,1746391202667,1746391255072,52.405,0.8734166666666667,json
5e3b5fa9255e7a37bc841135,reading-task-tabular-2_post-task-question,1746391255278,1746391262331,7.053,0.11755,json
5e3b5fa9255e7a37bc841135,reading-task-tabular-3,1746391262467,1746391284309,21.842,0.3640333333333333,json
5e3b5fa9255e7a37bc841135,reading-task-tabular-3_post-task-question,1746391284504,1746391292638,8.134,0.13556666666666667,json
5e3b5fa9255e7a37bc841135,reading-task-tabular-4,1746391292767,1746391313411,20.644,0.34406666666666663,json
5e3b5fa9255e7a37bc841135,reading-task-tabular-4_post-task-question,1746391313614,1746391318856,5.242,0.08736666666666666,json
5e3b5fa9255e7a37bc841135,reading-task-tabular-5,1746391318990,1746391382660,63.67,1.0611666666666666,json
5e3b5fa9255e7a37bc841135,reading-task-tabular-5_post-task-question,1746391382886,1746391388364,5.478,0.09129999999999999,json
5e3b5fa9255e7a37bc841135,writing-task-tabular,1746391388491,1746392334602,946.111,15.768516666666667,json
5e3b5fa9255e7a37bc841135,writing-task-tabular_post-task-question,1746392334818,1746392346452,11.634,0.19390000000000002,json
5e3b5fa9255e7a37bc841135,modifying-task-tabular-1,1746392346575,1746392512065,165.49,2.758166666666667,json
5e3b5fa9255e7a37bc841135,modifying-task-tabular-1_post-task-question,1746392512293,1746392521220,8.927,0.14878333333333332,json
5e3b5fa9255e7a37bc841135,modifying-task-tabular-2,1746392521353,1746392627180,105.827,1.7637833333333333,json
5e3b5fa9255e7a37bc841135,modifying-task-tabular-2_post-task-question,1746392627400,1746392635795,8.395,0.13991666666666666,json
5e3b5fa9255e7a37bc841135,modifying-task-tabular-3,1746392635921,1746392739545,103.624,1.7270666666666665,json
5e3b5fa9255e7a37bc841135,modifying-task-tabular-3_post-task-question,1746392739821,1746392749942,10.121,0.16868333333333335,json
5e3b5fa9255e7a37bc841135,modifying-task-tabular-4,1746392750089,1746393648659,898.57,14.976166666666668,json
5e3b5fa9255e7a37bc841135,modifying-task-tabular-4_post-task-question,1746393648925,1746393658461,9.536,0.15893333333333332,json
5e3b5fa9255e7a37bc841135,$nasa-tlx.co.nasa-tlx,1746393658731,1746393756341,97.61,1.6268333333333334,json
5e3b5fa9255e7a37bc841135,post-task-survey-tlx,1746393756654,1746393846550,89.896,1.4982666666666666,json
5e3b5fa9255e7a37bc841135,unqualified,0,-1,-0.001,-1.6666666666666667e-05,json
5e8a5a892f6f027054a83d88,introduction,1746383267985,1746383283794,15.809,0.26348333333333335,toml
5e8a5a892f6f027054a83d88,qualifications,1746383283888,1746383293193,9.305,0.15508333333333332,toml
5e8a5a892f6f027054a83d88,consent,1746383293286,1746383331333,38.047,0.6341166666666667,toml
5e8a5a892f6f027054a83d88,task,1746383331422,1746383798755,467.333,7.788883333333334,toml
5e8a5a892f6f027054a83d88,writing-task-NL,1746383798801,1746383956723,157.922,2.6320333333333332,toml
5e8a5a892f6f027054a83d88,writing-task-NL_post-task-question,1746383956813,1746383964481,7.668,0.1278,toml
5e8a5a892f6f027054a83d88,tutorial-part1,1746383964525,1746384128684,164.159,2.735983333333333,toml
5e8a5a892f6f027054a83d88,tutorial-part2,1746384128736,1746384210120,81.384,1.3564,toml
5e8a5a892f6f027054a83d88,reading-task-tabular-1,1746384210175,1746384260486,50.311,0.8385166666666667,toml
5e8a5a892f6f027054a83d88,reading-task-tabular-1_post-task-question,1746384260577,1746384265303,4.726,0.07876666666666667,toml
5e8a5a892f6f027054a83d88,reading-task-tabular-2,1746384265352,1746384311380,46.028,0.7671333333333333,toml
5e8a5a892f6f027054a83d88,reading-task-tabular-2_post-task-question,1746384311467,1746384315448,3.981,0.06634999999999999,toml
5e8a5a892f6f027054a83d88,reading-task-tabular-3,1746384315497,1746384358831,43.334,0.7222333333333334,toml
5e8a5a892f6f027054a83d88,reading-task-tabular-3_post-task-question,1746384358916,1746384361849,2.933,0.04888333333333333,toml
5e8a5a892f6f027054a83d88,reading-task-tabular-4,1746384361896,1746384386315,24.419,0.40698333333333336,toml
5e8a5a892f6f027054a83d88,reading-task-tabular-4_post-task-question,1746384386399,1746384389059,2.66,0.044333333333333336,toml
5e8a5a892f6f027054a83d88,reading-task-tabular-5,1746384389102,1746384437667,48.565,0.8094166666666667,toml
5e8a5a892f6f027054a83d88,reading-task-tabular-5_post-task-question,1746384437751,1746384441698,3.947,0.06578333333333333,toml
5e8a5a892f6f027054a83d88,writing-task-tabular,1746384441743,1746384819711,377.968,6.2994666666666665,toml
5e8a5a892f6f027054a83d88,writing-task-tabular_post-task-question,1746384819806,1746384825731,5.925,0.09874999999999999,toml
5e8a5a892f6f027054a83d88,modifying-task-tabular-1,1746384825779,1746384963765,137.986,2.2997666666666663,toml
5e8a5a892f6f027054a83d88,modifying-task-tabular-1_post-task-question,1746384963858,1746384968627,4.769,0.07948333333333334,toml
5e8a5a892f6f027054a83d88,modifying-task-tabular-2,1746384968679,1746385066790,98.111,1.6351833333333334,toml
5e8a5a892f6f027054a83d88,modifying-task-tabular-2_post-task-question,1746385066885,1746385069815,2.93,0.04883333333333333,toml
5e8a5a892f6f027054a83d88,modifying-task-tabular-3,1746385069867,1746385175354,105.487,1.7581166666666665,toml
5e8a5a892f6f027054a83d88,modifying-task-tabular-3_post-task-question,1746385175446,1746385178214,2.768,0.04613333333333333,toml
5e8a5a892f6f027054a83d88,modifying-task-tabular-4,1746385178260,1746386297239,1118.979,18.64965,toml
5e8a5a892f6f027054a83d88,modifying-task-tabular-4_post-task-question,1746386297395,1746386302709,5.314,0.08856666666666667,toml
5e8a5a892f6f027054a83d88,$nasa-tlx.co.nasa-tlx,1746386302840,1746386338874,36.034,0.6005666666666667,toml
5e8a5a892f6f027054a83d88,post-task-survey-tlx,1746386339049,1746386459703,120.654,2.0109,toml
5e8a5a892f6f027054a83d88,unqualified,0,-1,-0.001,-1.6666666666666667e-05,toml
5ecc71c95c92c2000a9e9a19,introduction,1746230941955,1746230965669,23.714,0.3952333333333333,jsonc
5ecc71c95c92c2000a9e9a19,qualifications,1746230965825,1746230981164,15.339,0.25565,jsonc
5ecc71c95c92c2000a9e9a19,consent,1746230981315,1746231096789,115.474,1.9245666666666668,jsonc
5ecc71c95c92c2000a9e9a19,task,1746231096922,1746231162132,65.21,1.0868333333333333,jsonc
5ecc71c95c92c2000a9e9a19,writing-task-NL,1746231162211,1746231260608,98.397,1.63995,jsonc
5ecc71c95c92c2000a9e9a19,writing-task-NL_post-task-question,1746231260798,1746231266268,5.47,0.09116666666666666,jsonc
5ecc71c95c92c2000a9e9a19,tutorial-part1,1746231266339,1746231458452,192.113,3.2018833333333334,jsonc
5ecc71c95c92c2000a9e9a19,tutorial-part2,1746231458551,1746231648940,190.389,3.17315,jsonc
5ecc71c95c92c2000a9e9a19,reading-task-tabular-1,1746231649036,1746231712436,63.4,1.0566666666666666,jsonc
5ecc71c95c92c2000a9e9a19,reading-task-tabular-1_post-task-question,1746231712598,1746231716404,3.806,0.06343333333333333,jsonc
5ecc71c95c92c2000a9e9a19,reading-task-tabular-2,1746231716489,1746231758660,42.171,0.70285,jsonc
5ecc71c95c92c2000a9e9a19,reading-task-tabular-2_post-task-question,1746231758807,1746231761492,2.685,0.04475,jsonc
5ecc71c95c92c2000a9e9a19,reading-task-tabular-3,1746231761557,1746231794203,32.646,0.5441,jsonc
5ecc71c95c92c2000a9e9a19,reading-task-tabular-3_post-task-question,1746231794347,1746231796411,2.064,0.0344,jsonc
5ecc71c95c92c2000a9e9a19,reading-task-tabular-4,1746231796476,1746231836564,40.088,0.6681333333333334,jsonc
5ecc71c95c92c2000a9e9a19,reading-task-tabular-4_post-task-question,1746231836736,1746231838628,1.892,0.03153333333333333,jsonc
5ecc71c95c92c2000a9e9a19,reading-task-tabular-5,1746231838700,1746231886508,47.808,0.7968,jsonc
5ecc71c95c92c2000a9e9a19,reading-task-tabular-5_post-task-question,1746231886671,1746231888651,1.98,0.033,jsonc
5ecc71c95c92c2000a9e9a19,writing-task-tabular,1746231888713,1746232554600,665.887,11.098116666666666,jsonc
5ecc71c95c92c2000a9e9a19,writing-task-tabular_post-task-question,1746232554773,1746232558331,3.558,0.0593,jsonc
5ecc71c95c92c2000a9e9a19,modifying-task-tabular-1,1746232558409,1746232630892,72.483,1.20805,jsonc
5ecc71c95c92c2000a9e9a19,modifying-task-tabular-1_post-task-question,1746232631072,1746232633147,2.075,0.034583333333333334,jsonc
5ecc71c95c92c2000a9e9a19,modifying-task-tabular-2,1746232633212,1746232708035,74.823,1.24705,jsonc
5ecc71c95c92c2000a9e9a19,modifying-task-tabular-2_post-task-question,1746232708203,1746232710019,1.816,0.030266666666666667,jsonc
5ecc71c95c92c2000a9e9a19,modifying-task-tabular-3,1746232710080,1746232800075,89.995,1.4999166666666668,jsonc
5ecc71c95c92c2000a9e9a19,modifying-task-tabular-3_post-task-question,1746232800244,1746232803715,3.471,0.05785,jsonc
5ecc71c95c92c2000a9e9a19,modifying-task-tabular-4,1746232803795,1746233270222,466.427,7.773783333333333,jsonc
5ecc71c95c92c2000a9e9a19,modifying-task-tabular-4_post-task-question,1746233270447,1746233273114,2.667,0.044449999999999996,jsonc
5ecc71c95c92c2000a9e9a19,$nasa-tlx.co.nasa-tlx,1746233273232,1746233314019,40.787,0.6797833333333333,jsonc
5ecc71c95c92c2000a9e9a19,post-task-survey-tlx,1746233314263,1746233407116,92.853,1.54755,jsonc
5ecc71c95c92c2000a9e9a19,unqualified,0,-1,-0.001,-1.6666666666666667e-05,jsonc
5f29eff59714081a3594a331,introduction,1746143255968,1746143615381,359.413,5.990216666666667,json
5f29eff59714081a3594a331,qualifications,1746143615589,1746143633546,17.957,0.29928333333333335,json
5f29eff59714081a3594a331,consent,1746143633731,1746143691242,57.511,0.9585166666666667,json
5f29eff59714081a3594a331,task,1746143691473,1746143760320,68.847,1.1474499999999999,json
5f29eff59714081a3594a331,writing-task-NL,1746143760461,1746143916433,155.972,2.5995333333333335,json
5f29eff59714081a3594a331,writing-task-NL_post-task-question,1746143916674,1746143926863,10.189,0.16981666666666667,json
5f29eff59714081a3594a331,tutorial-part1,1746143927050,1746144208996,281.946,4.6991000000000005,json
5f29eff59714081a3594a331,tutorial-part2,1746144209123,1746144355253,146.13,2.4354999999999998,json
5f29eff59714081a3594a331,reading-task-tabular-1,1746144355402,1746144512808,157.406,2.6234333333333333,json
5f29eff59714081a3594a331,reading-task-tabular-1_post-task-question,1746144513065,1746144525449,12.384,0.2064,json
5f29eff59714081a3594a331,reading-task-tabular-2,1746144525559,1746144718836,193.277,3.221283333333333,json
5f29eff59714081a3594a331,reading-task-tabular-2_post-task-question,1746144719044,1746144724700,5.656,0.09426666666666667,json
5f29eff59714081a3594a331,reading-task-tabular-3,1746144724844,1746144759412,34.568,0.5761333333333333,json
5f29eff59714081a3594a331,reading-task-tabular-3_post-task-question,1746144759686,1746144764952,5.266,0.08776666666666667,json
5f29eff59714081a3594a331,reading-task-tabular-4,1746144765103,1746144827052,61.949,1.0324833333333332,json
5f29eff59714081a3594a331,reading-task-tabular-4_post-task-question,1746144827255,1746144839394,12.139,0.20231666666666664,json
5f29eff59714081a3594a331,reading-task-tabular-5,1746144839532,1746144987841,148.309,2.4718166666666668,json
5f29eff59714081a3594a331,reading-task-tabular-5_post-task-question,1746144988087,1746144992737,4.65,0.0775,json
5f29eff59714081a3594a331,writing-task-tabular,1746144992871,1746145958666,965.795,16.09658333333333,json
5f29eff59714081a3594a331,writing-task-tabular_post-task-question,1746145958997,1746145965884,6.887,0.11478333333333332,json
5f29eff59714081a3594a331,modifying-task-tabular-1,1746145966071,1746146156201,190.13,3.168833333333333,json
5f29eff59714081a3594a331,modifying-task-tabular-1_post-task-question,1746146156470,1746146162850,6.38,0.10633333333333334,json
5f29eff59714081a3594a331,modifying-task-tabular-2,1746146163024,1746146267693,104.669,1.7444833333333334,json
5f29eff59714081a3594a331,modifying-task-tabular-2_post-task-question,1746146267937,1746146272729,4.792,0.07986666666666667,json
5f29eff59714081a3594a331,modifying-task-tabular-3,1746146272876,1746146386853,113.977,1.8996166666666667,json
5f29eff59714081a3594a331,modifying-task-tabular-3_post-task-question,1746146387112,1746146392510,5.398,0.08996666666666667,json
5f29eff59714081a3594a331,modifying-task-tabular-4,1746146392756,1746146779739,386.983,6.449716666666666,json
5f29eff59714081a3594a331,modifying-task-tabular-4_post-task-question,1746146779996,1746146786935,6.939,0.11565,json
5f29eff59714081a3594a331,$nasa-tlx.co.nasa-tlx,1746146787159,1746146822031,34.872,0.5812,json
5f29eff59714081a3594a331,post-task-survey-tlx,1746146822405,1746146885828,63.423,1.05705,json
5f29eff59714081a3594a331,unqualified,0,-1,-0.001,-1.6666666666666667e-05,json
60721c2da01b3a616edba9a7,introduction,1745929250565,1745929326028,75.463,1.2577166666666666,xml
60721c2da01b3a616edba9a7,qualifications,1745929326191,1745929338899,12.708,0.21180000000000002,xml
60721c2da01b3a616edba9a7,consent,1745929339029,1745929370318,31.289,0.5214833333333334,xml
60721c2da01b3a616edba9a7,task,1745929370448,1745929448261,77.813,1.2968833333333334,xml
60721c2da01b3a616edba9a7,writing-task-NL,1745929448352,1745929687858,239.506,3.9917666666666665,xml
60721c2da01b3a616edba9a7,writing-task-NL_post-task-question,1745929688002,1745929695298,7.296,0.1216,xml
60721c2da01b3a616edba9a7,tutorial-part1,1745929695384,1745929972646,277.262,4.621033333333333,xml
60721c2da01b3a616edba9a7,tutorial-part2,1745929972740,1745930325150,352.41,5.873500000000001,xml
60721c2da01b3a616edba9a7,reading-task-tabular-1,1745930325234,1745930418504,93.27,1.5545,xml
60721c2da01b3a616edba9a7,reading-task-tabular-1_post-task-question,1745930418650,1745930426464,7.814,0.13023333333333334,xml
60721c2da01b3a616edba9a7,reading-task-tabular-2,1745930426542,1745930479116,52.574,0.8762333333333333,xml
60721c2da01b3a616edba9a7,reading-task-tabular-2_post-task-question,1745930479231,1745930484272,5.041,0.08401666666666667,xml
60721c2da01b3a616edba9a7,reading-task-tabular-3,1745930484356,1745930534065,49.709,0.8284833333333333,xml
60721c2da01b3a616edba9a7,reading-task-tabular-3_post-task-question,1745930534196,1745930542758,8.562,0.1427,xml
60721c2da01b3a616edba9a7,reading-task-tabular-4,1745930542839,1745930673831,130.992,2.1832,xml
60721c2da01b3a616edba9a7,reading-task-tabular-4_post-task-question,1745930673966,1745930678560,4.594,0.07656666666666667,xml
60721c2da01b3a616edba9a7,reading-task-tabular-5,1745930678646,1745930799027,120.381,2.00635,xml
60721c2da01b3a616edba9a7,reading-task-tabular-5_post-task-question,1745930799169,1745930803701,4.532,0.07553333333333333,xml
60721c2da01b3a616edba9a7,writing-task-tabular,1745930803789,1745931968128,1164.339,19.405649999999998,xml
60721c2da01b3a616edba9a7,writing-task-tabular_post-task-question,1745931968307,1745931975288,6.981,0.11635,xml
60721c2da01b3a616edba9a7,modifying-task-tabular-1,1745931975392,1745932649495,674.103,11.23505,xml
60721c2da01b3a616edba9a7,modifying-task-tabular-1_post-task-question,1745932649660,1745932655568,5.908,0.09846666666666667,xml
60721c2da01b3a616edba9a7,modifying-task-tabular-2,1745932655653,1745932796527,140.874,2.3479,xml
60721c2da01b3a616edba9a7,modifying-task-tabular-2_post-task-question,1745932796691,1745932799173,2.482,0.04136666666666667,xml
60721c2da01b3a616edba9a7,modifying-task-tabular-3,1745932799242,1745932969418,170.176,2.8362666666666665,xml
60721c2da01b3a616edba9a7,modifying-task-tabular-3_post-task-question,1745932969582,1745932972972,3.39,0.0565,xml
60721c2da01b3a616edba9a7,modifying-task-tabular-4,1745932973082,1745933253212,280.13,4.668833333333334,xml
60721c2da01b3a616edba9a7,modifying-task-tabular-4_post-task-question,1745933253362,1745933256660,3.298,0.05496666666666667,xml
60721c2da01b3a616edba9a7,$nasa-tlx.co.nasa-tlx,1745933256835,1745933280650,23.815,0.3969166666666667,xml
60721c2da01b3a616edba9a7,post-task-survey-tlx,1745933280836,1745933346367,65.531,1.0921833333333335,xml
60721c2da01b3a616edba9a7,unqualified,0,-1,-0.001,-1.6666666666666667e-05,xml
607728dc0b4f8590b94ae57c,introduction,1746383359529,1746383383978,24.449,0.40748333333333336,jsonc
607728dc0b4f8590b94ae57c,qualifications,1746383384317,1746383391786,7.469,0.12448333333333333,jsonc
607728dc0b4f8590b94ae57c,consent,1746383392138,1746383402770,10.632,0.1772,jsonc
607728dc0b4f8590b94ae57c,task,1746383403117,1746383450794,47.677,0.7946166666666666,jsonc
607728dc0b4f8590b94ae57c,writing-task-NL,1746383450942,1746383586530,135.588,2.2598,jsonc
607728dc0b4f8590b94ae57c,writing-task-NL_post-task-question,1746383586873,1746383592957,6.084,0.10139999999999999,jsonc
607728dc0b4f8590b94ae57c,tutorial-part1,1746383593157,1746383767174,174.017,2.9002833333333333,jsonc
607728dc0b4f8590b94ae57c,tutorial-part2,1746383767467,1746383839209,71.742,1.1957,jsonc
607728dc0b4f8590b94ae57c,reading-task-tabular-1,1746383839380,1746383875741,36.361,0.6060166666666666,jsonc
607728dc0b4f8590b94ae57c,reading-task-tabular-1_post-task-question,1746383876063,1746383880038,3.975,0.06625,jsonc
607728dc0b4f8590b94ae57c,reading-task-tabular-2,1746383880220,1746383919208,38.988,0.6498,jsonc
607728dc0b4f8590b94ae57c,reading-task-tabular-2_post-task-question,1746383919566,1746383924178,4.612,0.07686666666666667,jsonc
607728dc0b4f8590b94ae57c,reading-task-tabular-3,1746383924359,1746384174731,250.372,4.172866666666667,jsonc
607728dc0b4f8590b94ae57c,reading-task-tabular-3_post-task-question,1746384175143,1746384178674,3.531,0.05885,jsonc
607728dc0b4f8590b94ae57c,reading-task-tabular-4,1746384178834,1746384205008,26.174,0.4362333333333333,jsonc
607728dc0b4f8590b94ae57c,reading-task-tabular-4_post-task-question,1746384205300,1746384208069,2.769,0.046150000000000004,jsonc
607728dc0b4f8590b94ae57c,reading-task-tabular-5,1746384208264,1746384273795,65.531,1.0921833333333335,jsonc
607728dc0b4f8590b94ae57c,reading-task-tabular-5_post-task-question,1746384274127,1746384276728,2.601,0.04335,jsonc
607728dc0b4f8590b94ae57c,writing-task-tabular,1746384276853,1746384847376,570.523,9.508716666666666,jsonc
607728dc0b4f8590b94ae57c,writing-task-tabular_post-task-question,1746384847599,1746384852560,4.961,0.08268333333333334,jsonc
607728dc0b4f8590b94ae57c,modifying-task-tabular-1,1746384852690,1746385985079,1132.389,18.87315,jsonc
607728dc0b4f8590b94ae57c,modifying-task-tabular-1_post-task-question,1746385985318,1746385989576,4.258,0.07096666666666666,jsonc
607728dc0b4f8590b94ae57c,modifying-task-tabular-2,1746385989730,1746386124362,134.632,2.243866666666667,jsonc
607728dc0b4f8590b94ae57c,modifying-task-tabular-2_post-task-question,1746386124644,1746386127076,2.432,0.04053333333333333,jsonc
607728dc0b4f8590b94ae57c,modifying-task-tabular-3,1746386127180,1746386197600,70.42,1.1736666666666666,jsonc
607728dc0b4f8590b94ae57c,modifying-task-tabular-3_post-task-question,1746386197988,1746386200656,2.668,0.04446666666666667,jsonc
607728dc0b4f8590b94ae57c,modifying-task-tabular-4,1746386200828,1746386706591,505.763,8.429383333333332,jsonc
607728dc0b4f8590b94ae57c,modifying-task-tabular-4_post-task-question,1746386707026,1746386711367,4.341,0.07235,jsonc
607728dc0b4f8590b94ae57c,$nasa-tlx.co.nasa-tlx,1746386711769,1746386728415,16.646,0.27743333333333337,jsonc
607728dc0b4f8590b94ae57c,post-task-survey-tlx,1746386728925,1746386847960,119.035,1.9839166666666666,jsonc
607728dc0b4f8590b94ae57c,unqualified,0,-1,-0.001,-1.6666666666666667e-05,jsonc
60a0b744298c64d46b63e893,introduction,1746521206663,1746521232604,25.941,0.43234999999999996,hjson
60a0b744298c64d46b63e893,qualifications,1746521232732,1746521251770,19.038,0.3173,hjson
60a0b744298c64d46b63e893,consent,1746521251886,1746521303618,51.732,0.8622,hjson
60a0b744298c64d46b63e893,task,1746521303732,1746521387116,83.384,1.3897333333333333,hjson
60a0b744298c64d46b63e893,writing-task-NL,1746521387178,1746521521003,133.825,2.2304166666666663,hjson
60a0b744298c64d46b63e893,writing-task-NL_post-task-question,1746521521139,1746521527089,5.95,0.09916666666666667,hjson
60a0b744298c64d46b63e893,tutorial-part1,1746521527148,1746521771886,244.738,4.078966666666667,hjson
60a0b744298c64d46b63e893,tutorial-part2,1746521771961,1746521854292,82.331,1.3721833333333333,hjson
60a0b744298c64d46b63e893,reading-task-tabular-1,1746521854362,1746521899651,45.289,0.7548166666666667,hjson
60a0b744298c64d46b63e893,reading-task-tabular-1_post-task-question,1746521899762,1746521905253,5.491,0.09151666666666666,hjson
60a0b744298c64d46b63e893,reading-task-tabular-2,1746521905318,1746522013919,108.601,1.8100166666666666,hjson
60a0b744298c64d46b63e893,reading-task-tabular-2_post-task-question,1746522014046,1746522018159,4.113,0.06855000000000001,hjson
60a0b744298c64d46b63e893,reading-task-tabular-3,1746522018222,1746522074667,56.445,0.94075,hjson
60a0b744298c64d46b63e893,reading-task-tabular-3_post-task-question,1746522074792,1746522080762,5.97,0.09949999999999999,hjson
60a0b744298c64d46b63e893,reading-task-tabular-4,1746522080828,1746522109748,28.92,0.48200000000000004,hjson
60a0b744298c64d46b63e893,reading-task-tabular-4_post-task-question,1746522109869,1746522117428,7.559,0.12598333333333334,hjson
60a0b744298c64d46b63e893,reading-task-tabular-5,1746522117498,1746522187792,70.294,1.1715666666666666,hjson
60a0b744298c64d46b63e893,reading-task-tabular-5_post-task-question,1746522187922,1746522191770,3.848,0.06413333333333333,hjson
60a0b744298c64d46b63e893,writing-task-tabular,1746522191831,1746522494290,302.459,5.040983333333333,hjson
60a0b744298c64d46b63e893,writing-task-tabular_post-task-question,1746522494421,1746522498682,4.261,0.07101666666666667,hjson
60a0b744298c64d46b63e893,modifying-task-tabular-1,1746522498747,1746522637881,139.134,2.3188999999999997,hjson
60a0b744298c64d46b63e893,modifying-task-tabular-1_post-task-question,1746522638029,1746522641202,3.173,0.05288333333333333,hjson
60a0b744298c64d46b63e893,modifying-task-tabular-2,1746522641270,1746522734380,93.11,1.5518333333333334,hjson
60a0b744298c64d46b63e893,modifying-task-tabular-2_post-task-question,1746522734524,1746522739149,4.625,0.07708333333333334,hjson
60a0b744298c64d46b63e893,modifying-task-tabular-3,1746522739213,1746522912165,172.952,2.8825333333333334,hjson
60a0b744298c64d46b63e893,modifying-task-tabular-3_post-task-question,1746522912306,1746522915776,3.47,0.057833333333333334,hjson
60a0b744298c64d46b63e893,modifying-task-tabular-4,1746522915845,1746523131015,215.17,3.5861666666666663,hjson
60a0b744298c64d46b63e893,modifying-task-tabular-4_post-task-question,1746523131167,1746523135619,4.452,0.0742,hjson
60a0b744298c64d46b63e893,$nasa-tlx.co.nasa-tlx,1746523135760,1746523168692,32.932,0.5488666666666667,hjson
60a0b744298c64d46b63e893,post-task-survey-tlx,1746523168899,1746523297223,128.324,2.1387333333333336,hjson
60a0b744298c64d46b63e893,unqualified,0,-1,-0.001,-1.6666666666666667e-05,hjson
60f1f1d4ac991a259b83f603,introduction,1746230401620,1746230843475,441.855,7.36425,json
60f1f1d4ac991a259b83f603,qualifications,1746230845396,1746230924863,79.467,1.32445,json
60f1f1d4ac991a259b83f603,consent,1746230925484,1746231010032,84.548,1.4091333333333333,json
60f1f1d4ac991a259b83f603,task,1746231010700,1746231163558,152.858,2.547633333333333,json
60f1f1d4ac991a259b83f603,writing-task-NL,1746231163851,1746231437720,273.869,4.5644833333333334,json
60f1f1d4ac991a259b83f603,writing-task-NL_post-task-question,1746231439192,1746231451218,12.026,0.20043333333333332,json
60f1f1d4ac991a259b83f603,tutorial-part1,1746231451456,1746231670186,218.73,3.6454999999999997,json
60f1f1d4ac991a259b83f603,tutorial-part2,1746231670491,1746231758887,88.396,1.4732666666666667,json
60f1f1d4ac991a259b83f603,reading-task-tabular-1,1746231759216,1746231860140,100.924,1.6820666666666668,json
60f1f1d4ac991a259b83f603,reading-task-tabular-1_post-task-question,1746231860621,1746231868609,7.988,0.13313333333333335,json
60f1f1d4ac991a259b83f603,reading-task-tabular-2,1746231868929,1746231959323,90.394,1.5065666666666668,json
60f1f1d4ac991a259b83f603,reading-task-tabular-2_post-task-question,1746231959803,1746231969695,9.892,0.16486666666666666,json
60f1f1d4ac991a259b83f603,reading-task-tabular-3,1746231969944,1746232018060,48.116,0.8019333333333333,json
60f1f1d4ac991a259b83f603,reading-task-tabular-3_post-task-question,1746232018532,1746232029721,11.189,0.18648333333333333,json
60f1f1d4ac991a259b83f603,reading-task-tabular-4,1746232030031,1746232075072,45.041,0.7506833333333333,json
60f1f1d4ac991a259b83f603,reading-task-tabular-4_post-task-question,1746232075533,1746232084350,8.817,0.14695,json
60f1f1d4ac991a259b83f603,reading-task-tabular-5,1746232084637,1746232133317,48.68,0.8113333333333334,json
60f1f1d4ac991a259b83f603,reading-task-tabular-5_post-task-question,1746232133799,1746232142794,8.995,0.14991666666666664,json
60f1f1d4ac991a259b83f603,writing-task-tabular,1746232143082,1746232546737,403.655,6.727583333333333,json
60f1f1d4ac991a259b83f603,writing-task-tabular_post-task-question,1746232547462,1746232558728,11.266,0.18776666666666667,json
60f1f1d4ac991a259b83f603,modifying-task-tabular-1,1746232559039,1746232763666,204.627,3.41045,json
60f1f1d4ac991a259b83f603,modifying-task-tabular-1_post-task-question,1746232764223,1746232772277,8.054,0.13423333333333334,json
60f1f1d4ac991a259b83f603,modifying-task-tabular-2,1746232772574,1746232994910,222.336,3.7056,json
60f1f1d4ac991a259b83f603,modifying-task-tabular-2_post-task-question,1746232995491,1746233003730,8.239,0.13731666666666667,json
60f1f1d4ac991a259b83f603,modifying-task-tabular-3,1746233004058,1746233081769,77.711,1.2951833333333334,json
60f1f1d4ac991a259b83f603,modifying-task-tabular-3_post-task-question,1746233082393,1746233090091,7.698,0.1283,json
60f1f1d4ac991a259b83f603,modifying-task-tabular-4,1746233090438,1746233265722,175.284,2.9213999999999998,json
60f1f1d4ac991a259b83f603,modifying-task-tabular-4_post-task-question,1746233266352,1746233273206,6.854,0.11423333333333334,json
60f1f1d4ac991a259b83f603,$nasa-tlx.co.nasa-tlx,1746233273880,1746233333421,59.541,0.99235,json
60f1f1d4ac991a259b83f603,post-task-survey-tlx,1746233334151,1746233399664,65.513,1.0918833333333333,json
60f1f1d4ac991a259b83f603,unqualified,0,-1,-0.001,-1.6666666666666667e-05,json
60fce3df91350150e2e88423,introduction,1744920582221,1744920601869,19.648,0.3274666666666667,yaml
60fce3df91350150e2e88423,qualifications,1744920602649,1744920609710,7.061,0.11768333333333333,yaml
60fce3df91350150e2e88423,consent,1744920610386,1744920623217,12.831,0.21384999999999998,yaml
60fce3df91350150e2e88423,task,1744920625218,1744920699453,74.235,1.23725,yaml
60fce3df91350150e2e88423,writing-task-NL,1744920699908,1744920864615,164.707,2.7451166666666666,yaml
60fce3df91350150e2e88423,writing-task-NL_post-task-question,1744920865438,1744920897120,31.682,0.5280333333333334,yaml
60fce3df91350150e2e88423,tutorial-part1,1744920897614,1744921022455,124.841,2.0806833333333334,yaml
60fce3df91350150e2e88423,tutorial-part2,1744921023127,1744921094755,71.628,1.1938,yaml
60fce3df91350150e2e88423,reading-task-tabular-1,1744921095280,1744921115057,19.777,0.32961666666666667,yaml
60fce3df91350150e2e88423,reading-task-tabular-1_post-task-question,1744921115936,1744921121339,5.403,0.09004999999999999,yaml
60fce3df91350150e2e88423,reading-task-tabular-2,1744921121776,1744921146776,25.0,0.4166666666666667,yaml
60fce3df91350150e2e88423,reading-task-tabular-2_post-task-question,1744921147639,1744921153608,5.969,0.09948333333333334,yaml
60fce3df91350150e2e88423,reading-task-tabular-3,1744921154091,1744921168589,14.498,0.2416333333333333,yaml
60fce3df91350150e2e88423,reading-task-tabular-3_post-task-question,1744921169307,1744921173967,4.66,0.07766666666666668,yaml
60fce3df91350150e2e88423,reading-task-tabular-4,1744921174421,1744921200489,26.068,0.43446666666666667,yaml
60fce3df91350150e2e88423,reading-task-tabular-4_post-task-question,1744921201464,1744921206540,5.076,0.0846,yaml
60fce3df91350150e2e88423,reading-task-tabular-5,1744921207186,1744921261357,54.171,0.90285,yaml
60fce3df91350150e2e88423,reading-task-tabular-5_post-task-question,1744921262198,1744921267137,4.939,0.08231666666666666,yaml
60fce3df91350150e2e88423,writing-task-tabular,1744921267602,1744921442852,175.25,2.9208333333333334,yaml
60fce3df91350150e2e88423,writing-task-tabular_post-task-question,1744921443885,1744921450031,6.146,0.10243333333333333,yaml
60fce3df91350150e2e88423,modifying-task-tabular-1,1744921450662,1744921569128,118.466,1.9744333333333333,yaml
60fce3df91350150e2e88423,modifying-task-tabular-1_post-task-question,1744921570132,1744921575209,5.077,0.08461666666666666,yaml
60fce3df91350150e2e88423,modifying-task-tabular-2,1744921575821,1744921639535,63.714,1.0619,yaml
60fce3df91350150e2e88423,modifying-task-tabular-2_post-task-question,1744921640476,1744921644800,4.324,0.07206666666666667,yaml
60fce3df91350150e2e88423,modifying-task-tabular-3,1744921645293,1744921731557,86.264,1.4377333333333333,yaml
60fce3df91350150e2e88423,modifying-task-tabular-3_post-task-question,1744921732526,1744921737792,5.266,0.08776666666666667,yaml
60fce3df91350150e2e88423,modifying-task-tabular-4,1744921739172,1744921888422,149.25,2.4875,yaml
60fce3df91350150e2e88423,modifying-task-tabular-4_post-task-question,1744921889529,1744921894420,4.891,0.08151666666666667,yaml
60fce3df91350150e2e88423,$nasa-tlx.co.nasa-tlx,1744921895472,1744921925929,30.457,0.5076166666666667,yaml
60fce3df91350150e2e88423,post-task-survey-tlx,1744921927541,1744921968000,40.459,0.6743166666666667,yaml
60fce3df91350150e2e88423,unqualified,0,-1,-0.001,-1.6666666666666667e-05,yaml
61267b828ead584bcf092e35,introduction,1746232077687,1746232185255,107.568,1.7928,hjson
61267b828ead584bcf092e35,qualifications,1746232185865,1746232260504,74.639,1.2439833333333332,hjson
61267b828ead584bcf092e35,consent,1746232261017,1746232373707,112.69,1.8781666666666665,hjson
61267b828ead584bcf092e35,task,1746232374274,1746232499013,124.739,2.0789833333333334,hjson
61267b828ead584bcf092e35,writing-task-NL,1746232499348,1746232828204,328.856,5.480933333333334,hjson
61267b828ead584bcf092e35,writing-task-NL_post-task-question,1746232828798,1746232843855,15.057,0.25095,hjson
61267b828ead584bcf092e35,tutorial-part1,1746232844152,1746233617279,773.127,12.885449999999999,hjson
61267b828ead584bcf092e35,tutorial-part2,1746233617478,1746234230782,613.304,10.221733333333333,hjson
61267b828ead584bcf092e35,reading-task-tabular-1,1746234231046,1746234389600,158.554,2.6425666666666667,hjson
61267b828ead584bcf092e35,reading-task-tabular-1_post-task-question,1746234389865,1746234397935,8.07,0.1345,hjson
61267b828ead584bcf092e35,reading-task-tabular-2,1746234398083,1746234489851,91.768,1.5294666666666668,hjson
61267b828ead584bcf092e35,reading-task-tabular-2_post-task-question,1746234490133,1746234494869,4.736,0.07893333333333333,hjson
61267b828ead584bcf092e35,reading-task-tabular-3,1746234495013,1746234546621,51.608,0.8601333333333333,hjson
61267b828ead584bcf092e35,reading-task-tabular-3_post-task-question,1746234546887,1746234551370,4.483,0.07471666666666667,hjson
61267b828ead584bcf092e35,reading-task-tabular-4,1746234551503,1746234609316,57.813,0.96355,hjson
61267b828ead584bcf092e35,reading-task-tabular-4_post-task-question,1746234609588,1746234615487,5.899,0.09831666666666666,hjson
61267b828ead584bcf092e35,reading-task-tabular-5,1746234615623,1746234812287,196.664,3.277733333333333,hjson
61267b828ead584bcf092e35,reading-task-tabular-5_post-task-question,1746234812691,1746234817886,5.195,0.08658333333333333,hjson
61267b828ead584bcf092e35,writing-task-tabular,1746234818073,1746236455763,1637.69,27.294833333333333,hjson
61267b828ead584bcf092e35,writing-task-tabular_post-task-question,1746236456222,1746236464752,8.53,0.14216666666666666,hjson
61267b828ead584bcf092e35,modifying-task-tabular-1,1746236465119,1746236743311,278.192,4.636533333333333,hjson
61267b828ead584bcf092e35,modifying-task-tabular-1_post-task-question,1746236743786,1746236753254,9.468,0.1578,hjson
61267b828ead584bcf092e35,modifying-task-tabular-2,1746236753481,1746236835707,82.226,1.3704333333333334,hjson
61267b828ead584bcf092e35,modifying-task-tabular-2_post-task-question,1746236836140,1746236841305,5.165,0.08608333333333333,hjson
61267b828ead584bcf092e35,modifying-task-tabular-3,1746236841556,1746236923542,81.986,1.3664333333333334,hjson
61267b828ead584bcf092e35,modifying-task-tabular-3_post-task-question,1746236923836,1746236938540,14.704,0.24506666666666668,hjson
61267b828ead584bcf092e35,modifying-task-tabular-4,1746236938694,1746237166314,227.62,3.7936666666666667,hjson
61267b828ead584bcf092e35,modifying-task-tabular-4_post-task-question,1746237166623,1746237173859,7.236,0.1206,hjson
61267b828ead584bcf092e35,$nasa-tlx.co.nasa-tlx,1746237174120,1746237213142,39.022,0.6503666666666666,hjson
61267b828ead584bcf092e35,post-task-survey-tlx,1746237213525,1746237277216,63.691,1.0615166666666667,hjson
61267b828ead584bcf092e35,unqualified,0,-1,-0.001,-1.6666666666666667e-05,hjson
615200d54efc832849db2259,introduction,1746383277703,1746383292314,14.611,0.2435166666666667,json
615200d54efc832849db2259,qualifications,1746383292533,1746383304955,12.422,0.20703333333333335,json
615200d54efc832849db2259,consent,1746383305105,1746383316810,11.705,0.19508333333333333,json
615200d54efc832849db2259,task,1746383317049,1746383427037,109.988,1.8331333333333333,json
615200d54efc832849db2259,writing-task-NL,1746383427170,1746383768570,341.4,5.6899999999999995,json
615200d54efc832849db2259,writing-task-NL_post-task-question,1746383768787,1746383831500,62.713,1.0452166666666667,json
615200d54efc832849db2259,tutorial-part1,1746383831613,1746384464122,632.509,10.541816666666668,json
615200d54efc832849db2259,tutorial-part2,1746384464326,1746384662666,198.34,3.3056666666666668,json
615200d54efc832849db2259,reading-task-tabular-1,1746384662852,1746384769185,106.333,1.7722166666666666,json
615200d54efc832849db2259,reading-task-tabular-1_post-task-question,1746384769361,1746384796758,27.397,0.4566166666666666,json
615200d54efc832849db2259,reading-task-tabular-2,1746384796865,1746384856850,59.985,0.99975,json
615200d54efc832849db2259,reading-task-tabular-2_post-task-question,1746384857034,1746384865313,8.279,0.13798333333333332,json
615200d54efc832849db2259,reading-task-tabular-3,1746384865411,1746384952449,87.038,1.4506333333333332,json
615200d54efc832849db2259,reading-task-tabular-3_post-task-question,1746384952628,1746384959015,6.387,0.10644999999999999,json
615200d54efc832849db2259,reading-task-tabular-4,1746384959105,1746384993373,34.268,0.5711333333333334,json
615200d54efc832849db2259,reading-task-tabular-4_post-task-question,1746384993566,1746384998289,4.723,0.07871666666666667,json
615200d54efc832849db2259,reading-task-tabular-5,1746384998385,1746385104433,106.048,1.7674666666666667,json
615200d54efc832849db2259,reading-task-tabular-5_post-task-question,1746385104642,1746385108712,4.07,0.06783333333333334,json
615200d54efc832849db2259,writing-task-tabular,1746385108798,1746386313488,1204.69,20.078166666666668,json
615200d54efc832849db2259,writing-task-tabular_post-task-question,1746386313719,1746386330082,16.363,0.27271666666666666,json
615200d54efc832849db2259,modifying-task-tabular-1,1746386330171,1746386822781,492.61,8.210166666666668,json
615200d54efc832849db2259,modifying-task-tabular-1_post-task-question,1746386823016,1746386829025,6.009,0.10015,json
615200d54efc832849db2259,modifying-task-tabular-2,1746386829162,1746387017788,188.626,3.1437666666666666,json
615200d54efc832849db2259,modifying-task-tabular-2_post-task-question,1746387017980,1746387027669,9.689,0.16148333333333334,json
615200d54efc832849db2259,modifying-task-tabular-3,1746387027813,1746387141864,114.051,1.90085,json
615200d54efc832849db2259,modifying-task-tabular-3_post-task-question,1746387142093,1746387149944,7.851,0.13085,json
615200d54efc832849db2259,modifying-task-tabular-4,1746387150046,1746388099452,949.406,15.823433333333332,json
615200d54efc832849db2259,modifying-task-tabular-4_post-task-question,1746388099761,1746388107090,7.329,0.12215,json
615200d54efc832849db2259,$nasa-tlx.co.nasa-tlx,1746388107336,1746388140072,32.736,0.5456,json
615200d54efc832849db2259,post-task-survey-tlx,1746388140438,1746388254756,114.318,1.9053,json
615200d54efc832849db2259,unqualified,0,-1,-0.001,-1.6666666666666667e-05,json
62fd14d7b1e0729dc8aadb79,introduction,1746487530194,1746487548849,18.655,0.3109166666666667,xml
62fd14d7b1e0729dc8aadb79,qualifications,1746487549039,1746487555285,6.246,0.10410000000000001,xml
62fd14d7b1e0729dc8aadb79,consent,1746487555450,1746487567415,11.965,0.19941666666666666,xml
62fd14d7b1e0729dc8aadb79,task,1746487567586,1746487604078,36.492,0.6082,xml
62fd14d7b1e0729dc8aadb79,writing-task-NL,1746487604168,1746487721441,117.273,1.95455,xml
62fd14d7b1e0729dc8aadb79,writing-task-NL_post-task-question,1746487721628,1746487726445,4.817,0.08028333333333333,xml
62fd14d7b1e0729dc8aadb79,tutorial-part1,1746487726539,1746487877799,151.26,2.521,xml
62fd14d7b1e0729dc8aadb79,tutorial-part2,1746487877906,1746487972225,94.319,1.5719833333333333,xml
62fd14d7b1e0729dc8aadb79,reading-task-tabular-1,1746487972332,1746488026494,54.162,0.9027,xml
62fd14d7b1e0729dc8aadb79,reading-task-tabular-1_post-task-question,1746488026706,1746488030880,4.174,0.06956666666666668,xml
62fd14d7b1e0729dc8aadb79,reading-task-tabular-2,1746488030976,1746488081606,50.63,0.8438333333333333,xml
62fd14d7b1e0729dc8aadb79,reading-task-tabular-2_post-task-question,1746488081782,1746488084866,3.084,0.0514,xml
62fd14d7b1e0729dc8aadb79,reading-task-tabular-3,1746488084959,1746488100883,15.924,0.26539999999999997,xml
62fd14d7b1e0729dc8aadb79,reading-task-tabular-3_post-task-question,1746488101043,1746488104062,3.019,0.05031666666666667,xml
62fd14d7b1e0729dc8aadb79,reading-task-tabular-4,1746488104154,1746488133218,29.064,0.4844,xml
62fd14d7b1e0729dc8aadb79,reading-task-tabular-4_post-task-question,1746488133380,1746488136913,3.533,0.05888333333333333,xml
62fd14d7b1e0729dc8aadb79,reading-task-tabular-5,1746488137002,1746488205593,68.591,1.1431833333333332,xml
62fd14d7b1e0729dc8aadb79,reading-task-tabular-5_post-task-question,1746488205770,1746488208792,3.022,0.050366666666666664,xml
62fd14d7b1e0729dc8aadb79,writing-task-tabular,1746488208891,1746489065415,856.524,14.2754,xml
62fd14d7b1e0729dc8aadb79,writing-task-tabular_post-task-question,1746489065649,1746489073383,7.734,0.1289,xml
62fd14d7b1e0729dc8aadb79,modifying-task-tabular-1,1746489073479,1746489214480,141.001,2.350016666666667,xml
62fd14d7b1e0729dc8aadb79,modifying-task-tabular-1_post-task-question,1746489214668,1746489221053,6.385,0.10641666666666666,xml
62fd14d7b1e0729dc8aadb79,modifying-task-tabular-2,1746489221160,1746489290844,69.684,1.1614,xml
62fd14d7b1e0729dc8aadb79,modifying-task-tabular-2_post-task-question,1746489291025,1746489295209,4.184,0.06973333333333334,xml
62fd14d7b1e0729dc8aadb79,modifying-task-tabular-3,1746489295308,1746489388871,93.563,1.5593833333333333,xml
62fd14d7b1e0729dc8aadb79,modifying-task-tabular-3_post-task-question,1746489389046,1746489393477,4.431,0.07385,xml
62fd14d7b1e0729dc8aadb79,modifying-task-tabular-4,1746489393583,1746489650791,257.208,4.2868,xml
62fd14d7b1e0729dc8aadb79,modifying-task-tabular-4_post-task-question,1746489651010,1746489655510,4.5,0.075,xml
62fd14d7b1e0729dc8aadb79,$nasa-tlx.co.nasa-tlx,1746489655733,1746489683416,27.683,0.4613833333333333,xml
62fd14d7b1e0729dc8aadb79,post-task-survey-tlx,1746489683681,1746489769878,86.197,1.4366166666666667,xml
62fd14d7b1e0729dc8aadb79,unqualified,0,-1,-0.001,-1.6666666666666667e-05,xml
637d8ca00150ac6e71a34ec9,introduction,1746143275758,1746143292234,16.476,0.2746,yaml
637d8ca00150ac6e71a34ec9,qualifications,1746143292373,1746143314602,22.229,0.37048333333333333,yaml
637d8ca00150ac6e71a34ec9,consent,1746143314738,1746143366436,51.698,0.8616333333333334,yaml
637d8ca00150ac6e71a34ec9,task,1746143366563,1746143505666,139.103,2.3183833333333337,yaml
637d8ca00150ac6e71a34ec9,writing-task-NL,1746143505753,1746143649023,143.27,2.3878333333333335,yaml
637d8ca00150ac6e71a34ec9,writing-task-NL_post-task-question,1746143649169,1746143660439,11.27,0.18783333333333332,yaml
637d8ca00150ac6e71a34ec9,tutorial-part1,1746143660524,1746144058078,397.554,6.6259,yaml
637d8ca00150ac6e71a34ec9,tutorial-part2,1746144058177,1746144236249,178.072,2.9678666666666667,yaml
637d8ca00150ac6e71a34ec9,reading-task-tabular-1,1746144236333,1746144333168,96.835,1.6139166666666667,yaml
637d8ca00150ac6e71a34ec9,reading-task-tabular-1_post-task-question,1746144333297,1746144348086,14.789,0.24648333333333333,yaml
637d8ca00150ac6e71a34ec9,reading-task-tabular-2,1746144348163,1746144418641,70.478,1.1746333333333332,yaml
637d8ca00150ac6e71a34ec9,reading-task-tabular-2_post-task-question,1746144418782,1746144429771,10.989,0.18315,yaml
637d8ca00150ac6e71a34ec9,reading-task-tabular-3,1746144429878,1746144454137,24.259,0.40431666666666666,yaml
637d8ca00150ac6e71a34ec9,reading-task-tabular-3_post-task-question,1746144454306,1746144461140,6.834,0.11389999999999999,yaml
637d8ca00150ac6e71a34ec9,reading-task-tabular-4,1746144461218,1746144495312,34.094,0.5682333333333334,yaml
637d8ca00150ac6e71a34ec9,reading-task-tabular-4_post-task-question,1746144495468,1746144500118,4.65,0.0775,yaml
637d8ca00150ac6e71a34ec9,reading-task-tabular-5,1746144500209,1746144631624,131.415,2.19025,yaml
637d8ca00150ac6e71a34ec9,reading-task-tabular-5_post-task-question,1746144631753,1746144644659,12.906,0.2151,yaml
637d8ca00150ac6e71a34ec9,writing-task-tabular,1746144644734,1746145110348,465.614,7.760233333333333,yaml
637d8ca00150ac6e71a34ec9,writing-task-tabular_post-task-question,1746145110486,1746145118937,8.451,0.14085,yaml
637d8ca00150ac6e71a34ec9,modifying-task-tabular-1,1746145119016,1746145498422,379.406,6.323433333333333,yaml
637d8ca00150ac6e71a34ec9,modifying-task-tabular-1_post-task-question,1746145498563,1746145505462,6.899,0.11498333333333334,yaml
637d8ca00150ac6e71a34ec9,modifying-task-tabular-2,1746145505545,1746145601144,95.599,1.5933166666666667,yaml
637d8ca00150ac6e71a34ec9,modifying-task-tabular-2_post-task-question,1746145601290,1746145608919,7.629,0.12714999999999999,yaml
637d8ca00150ac6e71a34ec9,modifying-task-tabular-3,1746145609002,1746146175080,566.078,9.434633333333332,yaml
637d8ca00150ac6e71a34ec9,modifying-task-tabular-3_post-task-question,1746146175236,1746146183009,7.773,0.12955,yaml
637d8ca00150ac6e71a34ec9,modifying-task-tabular-4,1746146183106,1746147223510,1040.404,17.340066666666665,yaml
637d8ca00150ac6e71a34ec9,modifying-task-tabular-4_post-task-question,1746147223723,1746147231135,7.412,0.12353333333333333,yaml
637d8ca00150ac6e71a34ec9,$nasa-tlx.co.nasa-tlx,1746147231340,1746147263769,32.429,0.5404833333333333,yaml
637d8ca00150ac6e71a34ec9,post-task-survey-tlx,1746147263996,1746147321347,57.351,0.95585,yaml
637d8ca00150ac6e71a34ec9,unqualified,0,-1,-0.001,-1.6666666666666667e-05,yaml
63e5b3e89a3823139cb9d35e,introduction,1746549265292,1746549417346,152.054,2.5342333333333333,toml
63e5b3e89a3823139cb9d35e,qualifications,1746549417461,1746549430394,12.933,0.21555,toml
63e5b3e89a3823139cb9d35e,consent,1746549430474,1746549480162,49.688,0.8281333333333334,toml
63e5b3e89a3823139cb9d35e,task,1746549480266,1746549607754,127.488,2.1248,toml
63e5b3e89a3823139cb9d35e,writing-task-NL,1746549607830,1746549809404,201.574,3.359566666666667,toml
63e5b3e89a3823139cb9d35e,writing-task-NL_post-task-question,1746549809508,1746549815585,6.077,0.10128333333333334,toml
63e5b3e89a3823139cb9d35e,tutorial-part1,1746549815628,1746550059641,244.013,4.066883333333333,toml
63e5b3e89a3823139cb9d35e,tutorial-part2,1746550059712,1746550315144,255.432,4.2572,toml
63e5b3e89a3823139cb9d35e,reading-task-tabular-1,1746550315215,1746550535335,220.12,3.6686666666666667,toml
63e5b3e89a3823139cb9d35e,reading-task-tabular-1_post-task-question,1746550535435,1746550540775,5.34,0.089,toml
63e5b3e89a3823139cb9d35e,reading-task-tabular-2,1746550540823,1746550602199,61.376,1.0229333333333333,toml
63e5b3e89a3823139cb9d35e,reading-task-tabular-2_post-task-question,1746550602301,1746550606415,4.114,0.06856666666666666,toml
63e5b3e89a3823139cb9d35e,reading-task-tabular-3,1746550606464,1746550703831,97.367,1.6227833333333335,toml
63e5b3e89a3823139cb9d35e,reading-task-tabular-3_post-task-question,1746550703929,1746550706543,2.614,0.04356666666666666,toml
63e5b3e89a3823139cb9d35e,reading-task-tabular-4,1746550706587,1746550752895,46.308,0.7718,toml
63e5b3e89a3823139cb9d35e,reading-task-tabular-4_post-task-question,1746550752994,1746550756063,3.069,0.05115,toml
63e5b3e89a3823139cb9d35e,reading-task-tabular-5,1746550756113,1746550870007,113.894,1.8982333333333334,toml
63e5b3e89a3823139cb9d35e,reading-task-tabular-5_post-task-question,1746550870109,1746550874630,4.521,0.07535,toml
63e5b3e89a3823139cb9d35e,writing-task-tabular,1746550874676,1746551497529,622.853,10.380883333333333,toml
63e5b3e89a3823139cb9d35e,writing-task-tabular_post-task-question,1746551497640,1746551502925,5.285,0.08808333333333333,toml
63e5b3e89a3823139cb9d35e,modifying-task-tabular-1,1746551502976,1746551659333,156.357,2.60595,toml
63e5b3e89a3823139cb9d35e,modifying-task-tabular-1_post-task-question,1746551659440,1746551670052,10.612,0.17686666666666667,toml
63e5b3e89a3823139cb9d35e,modifying-task-tabular-2,1746551670109,1746551846188,176.079,2.93465,toml
63e5b3e89a3823139cb9d35e,modifying-task-tabular-2_post-task-question,1746551846294,1746551850484,4.19,0.06983333333333334,toml
63e5b3e89a3823139cb9d35e,modifying-task-tabular-3,1746551850538,1746551931788,81.25,1.3541666666666667,toml
63e5b3e89a3823139cb9d35e,modifying-task-tabular-3_post-task-question,1746551931891,1746551935708,3.817,0.06361666666666667,toml
63e5b3e89a3823139cb9d35e,modifying-task-tabular-4,1746551935758,1746552057460,121.702,2.0283666666666664,toml
63e5b3e89a3823139cb9d35e,modifying-task-tabular-4_post-task-question,1746552057566,1746552061027,3.461,0.05768333333333333,toml
63e5b3e89a3823139cb9d35e,$nasa-tlx.co.nasa-tlx,1746552061120,1746552137715,76.595,1.2765833333333334,toml
63e5b3e89a3823139cb9d35e,post-task-survey-tlx,1746552137884,1746552191683,53.799,0.89665,toml
63e5b3e89a3823139cb9d35e,unqualified,0,-1,-0.001,-1.6666666666666667e-05,toml
64275e53f51a5ed4f6b7d019,introduction,1746143880604,1746143912812,32.208,0.5367999999999999,toml
64275e53f51a5ed4f6b7d019,qualifications,1746143912978,1746143921280,8.302,0.13836666666666667,toml
64275e53f51a5ed4f6b7d019,consent,1746143921445,1746143961111,39.666,0.6610999999999999,toml
64275e53f51a5ed4f6b7d019,task,1746143961264,1746144011260,49.996,0.8332666666666667,toml
64275e53f51a5ed4f6b7d019,writing-task-NL,1746144011345,1746144081352,70.007,1.1667833333333335,toml
64275e53f51a5ed4f6b7d019,writing-task-NL_post-task-question,1746144081517,1746144086483,4.966,0.08276666666666667,toml
64275e53f51a5ed4f6b7d019,tutorial-part1,1746144086565,1746144297288,210.723,3.5120500000000003,toml
64275e53f51a5ed4f6b7d019,tutorial-part2,1746144297384,1746144474242,176.858,2.9476333333333335,toml
64275e53f51a5ed4f6b7d019,reading-task-tabular-1,1746144474338,1746144603845,129.507,2.15845,toml
64275e53f51a5ed4f6b7d019,reading-task-tabular-1_post-task-question,1746144604003,1746144608707,4.704,0.0784,toml
64275e53f51a5ed4f6b7d019,reading-task-tabular-2,1746144608795,1746144651020,42.225,0.70375,toml
64275e53f51a5ed4f6b7d019,reading-task-tabular-2_post-task-question,1746144651175,1746144655680,4.505,0.07508333333333334,toml
64275e53f51a5ed4f6b7d019,reading-task-tabular-3,1746144655769,1746144681558,25.789,0.4298166666666667,toml
64275e53f51a5ed4f6b7d019,reading-task-tabular-3_post-task-question,1746144681714,1746144685512,3.798,0.0633,toml
64275e53f51a5ed4f6b7d019,reading-task-tabular-4,1746144685597,1746144723698,38.101,0.6350166666666667,toml
64275e53f51a5ed4f6b7d019,reading-task-tabular-4_post-task-question,1746144723848,1746144727299,3.451,0.05751666666666667,toml
64275e53f51a5ed4f6b7d019,reading-task-tabular-5,1746144727382,1746144774091,46.709,0.7784833333333334,toml
64275e53f51a5ed4f6b7d019,reading-task-tabular-5_post-task-question,1746144774254,1746144777035,2.781,0.04635,toml
64275e53f51a5ed4f6b7d019,writing-task-tabular,1746144777116,1746145239452,462.336,7.7056000000000004,toml
64275e53f51a5ed4f6b7d019,writing-task-tabular_post-task-question,1746145239613,1746145246171,6.558,0.1093,toml
64275e53f51a5ed4f6b7d019,modifying-task-tabular-1,1746145246258,1746145353879,107.621,1.7936833333333333,toml
64275e53f51a5ed4f6b7d019,modifying-task-tabular-1_post-task-question,1746145354040,1746145357950,3.91,0.06516666666666666,toml
64275e53f51a5ed4f6b7d019,modifying-task-tabular-2,1746145358036,1746145417714,59.678,0.9946333333333333,toml
64275e53f51a5ed4f6b7d019,modifying-task-tabular-2_post-task-question,1746145417879,1746145421373,3.494,0.05823333333333334,toml
64275e53f51a5ed4f6b7d019,modifying-task-tabular-3,1746145421467,1746145470141,48.674,0.8112333333333334,toml
64275e53f51a5ed4f6b7d019,modifying-task-tabular-3_post-task-question,1746145470303,1746145474177,3.874,0.06456666666666667,toml
64275e53f51a5ed4f6b7d019,modifying-task-tabular-4,1746145474273,1746145720681,246.408,4.1068,toml
64275e53f51a5ed4f6b7d019,modifying-task-tabular-4_post-task-question,1746145720853,1746145725002,4.149,0.06915,toml
64275e53f51a5ed4f6b7d019,$nasa-tlx.co.nasa-tlx,1746145725185,1746145758660,33.475,0.5579166666666667,toml
64275e53f51a5ed4f6b7d019,post-task-survey-tlx,1746145758891,1746146016033,257.142,4.2857,toml
64275e53f51a5ed4f6b7d019,unqualified,0,-1,-0.001,-1.6666666666666667e-05,toml
64457bc906c125cebd4bf66b,introduction,1746559492770,1746559515399,22.629,0.37715000000000004,json5
64457bc906c125cebd4bf66b,qualifications,1746559515600,1746559523566,7.966,0.13276666666666667,json5
64457bc906c125cebd4bf66b,consent,1746559523735,1746559534847,11.112,0.1852,json5
64457bc906c125cebd4bf66b,task,1746559535031,1746559541217,6.186,0.1031,json5
64457bc906c125cebd4bf66b,writing-task-NL,1746559541303,1746559656705,115.402,1.9233666666666667,json5
64457bc906c125cebd4bf66b,writing-task-NL_post-task-question,1746559656954,1746559665762,8.808,0.14679999999999999,json5
64457bc906c125cebd4bf66b,tutorial-part1,1746559665866,1746559891121,225.255,3.75425,json5
64457bc906c125cebd4bf66b,tutorial-part2,1746559891254,1746560020126,128.872,2.147866666666667,json5
64457bc906c125cebd4bf66b,reading-task-tabular-1,1746560020255,1746560035079,14.824,0.24706666666666666,json5
64457bc906c125cebd4bf66b,reading-task-tabular-1_post-task-question,1746560035266,1746560041262,5.996,0.09993333333333335,json5
64457bc906c125cebd4bf66b,reading-task-tabular-2,1746560041376,1746560113842,72.466,1.2077666666666667,json5
64457bc906c125cebd4bf66b,reading-task-tabular-2_post-task-question,1746560114063,1746560124630,10.567,0.17611666666666667,json5
64457bc906c125cebd4bf66b,reading-task-tabular-3,1746560124736,1746560149342,24.606,0.4101,json5
64457bc906c125cebd4bf66b,reading-task-tabular-3_post-task-question,1746560149554,1746560157039,7.485,0.12475,json5
64457bc906c125cebd4bf66b,reading-task-tabular-4,1746560157160,1746560183570,26.41,0.44016666666666665,json5
64457bc906c125cebd4bf66b,reading-task-tabular-4_post-task-question,1746560183791,1746560189177,5.386,0.08976666666666668,json5
64457bc906c125cebd4bf66b,reading-task-tabular-5,1746560189284,1746560285710,96.426,1.6071,json5
64457bc906c125cebd4bf66b,reading-task-tabular-5_post-task-question,1746560285964,1746560293926,7.962,0.13269999999999998,json5
64457bc906c125cebd4bf66b,writing-task-tabular,1746561717576,1746561968418,250.842,4.1807,json5
64457bc906c125cebd4bf66b,writing-task-tabular_post-task-question,1746561968651,1746561974364,5.713,0.09521666666666667,json5
64457bc906c125cebd4bf66b,modifying-task-tabular-1,1746561974479,1746562131384,156.905,2.615083333333333,json5
64457bc906c125cebd4bf66b,modifying-task-tabular-1_post-task-question,1746562131647,1746562139042,7.395,0.12325,json5
64457bc906c125cebd4bf66b,modifying-task-tabular-2,1746562139237,1746562218539,79.302,1.3217,json5
64457bc906c125cebd4bf66b,modifying-task-tabular-2_post-task-question,1746562218785,1746562223827,5.042,0.08403333333333333,json5
64457bc906c125cebd4bf66b,modifying-task-tabular-3,1746562223954,1746562287705,63.751,1.0625166666666666,json5
64457bc906c125cebd4bf66b,modifying-task-tabular-3_post-task-question,1746562287974,1746562292652,4.678,0.07796666666666667,json5
64457bc906c125cebd4bf66b,modifying-task-tabular-4,1746562292771,1746562421890,129.119,2.1519833333333334,json5
64457bc906c125cebd4bf66b,modifying-task-tabular-4_post-task-question,1746562422154,1746562427556,5.402,0.09003333333333334,json5
64457bc906c125cebd4bf66b,$nasa-tlx.co.nasa-tlx,1746562427809,1746562451027,23.218,0.3869666666666667,json5
64457bc906c125cebd4bf66b,post-task-survey-tlx,1746562451315,1746562491675,40.36,0.6726666666666666,json5
64457bc906c125cebd4bf66b,unqualified,0,-1,-0.001,-1.6666666666666667e-05,json5
6501c0a2e788b5556c24569d,introduction,1746525587058,1746525890788,303.73,5.062166666666667,xml
6501c0a2e788b5556c24569d,qualifications,1746525891313,1746525900634,9.321,0.15535,xml
6501c0a2e788b5556c24569d,consent,1746525901127,1746525918469,17.342,0.2890333333333333,xml
6501c0a2e788b5556c24569d,task,1746525918924,1746525992834,73.91,1.2318333333333333,xml
6501c0a2e788b5556c24569d,writing-task-NL,1746525993072,1746526247280,254.208,4.2368,xml
6501c0a2e788b5556c24569d,writing-task-NL_post-task-question,1746526247754,1746526257501,9.747,0.16245,xml
6501c0a2e788b5556c24569d,tutorial-part1,1746526257759,1746526342176,84.417,1.40695,xml
6501c0a2e788b5556c24569d,tutorial-part2,1746526342519,1746526539270,196.751,3.2791833333333336,xml
6501c0a2e788b5556c24569d,reading-task-tabular-1,1746526539633,1746526603235,63.602,1.0600333333333334,xml
6501c0a2e788b5556c24569d,reading-task-tabular-1_post-task-question,1746526603623,1746526611257,7.634,0.12723333333333334,xml
6501c0a2e788b5556c24569d,reading-task-tabular-2,1746526611546,1746526643896,32.35,0.5391666666666667,xml
6501c0a2e788b5556c24569d,reading-task-tabular-2_post-task-question,1746526644357,1746526650381,6.024,0.1004,xml
6501c0a2e788b5556c24569d,reading-task-tabular-3,1746526650633,1746526675534,24.901,0.41501666666666664,xml
6501c0a2e788b5556c24569d,reading-task-tabular-3_post-task-question,1746526675904,1746526682595,6.691,0.11151666666666667,xml
6501c0a2e788b5556c24569d,reading-task-tabular-4,1746526682834,1746526701708,18.874,0.31456666666666666,xml
6501c0a2e788b5556c24569d,reading-task-tabular-4_post-task-question,1746526702079,1746526706545,4.466,0.07443333333333334,xml
6501c0a2e788b5556c24569d,reading-task-tabular-5,1746526706805,1746526726138,19.333,0.32221666666666665,xml
6501c0a2e788b5556c24569d,reading-task-tabular-5_post-task-question,1746526726510,1746526732884,6.374,0.10623333333333333,xml
6501c0a2e788b5556c24569d,writing-task-tabular,1746526733099,1746527080546,347.447,5.790783333333334,xml
6501c0a2e788b5556c24569d,writing-task-tabular_post-task-question,1746527081045,1746527089723,8.678,0.14463333333333334,xml
6501c0a2e788b5556c24569d,modifying-task-tabular-1,1746527089955,1746527240751,150.796,2.5132666666666665,xml
6501c0a2e788b5556c24569d,modifying-task-tabular-1_post-task-question,1746527241249,1746527249116,7.867,0.13111666666666666,xml
6501c0a2e788b5556c24569d,modifying-task-tabular-2,1746527249374,1746527327647,78.273,1.3045499999999999,xml
6501c0a2e788b5556c24569d,modifying-task-tabular-2_post-task-question,1746527328116,1746527333247,5.131,0.08551666666666667,xml
6501c0a2e788b5556c24569d,modifying-task-tabular-3,1746527333499,1746527401320,67.821,1.13035,xml
6501c0a2e788b5556c24569d,modifying-task-tabular-3_post-task-question,1746527401754,1746527408910,7.156,0.11926666666666666,xml
6501c0a2e788b5556c24569d,modifying-task-tabular-4,1746527409160,1746527789887,380.727,6.34545,xml
6501c0a2e788b5556c24569d,modifying-task-tabular-4_post-task-question,1746527790442,1746527794284,3.842,0.06403333333333333,xml
6501c0a2e788b5556c24569d,$nasa-tlx.co.nasa-tlx,1746527794713,1746527852233,57.52,0.9586666666666667,xml
6501c0a2e788b5556c24569d,post-task-survey-tlx,1746527852934,1746527926171,73.237,1.2206166666666667,xml
6501c0a2e788b5556c24569d,unqualified,0,-1,-0.001,-1.6666666666666667e-05,xml
6577a27da9f5297d49f38e6f,introduction,1746155636955,1746155663795,26.84,0.4473333333333333,hjson
6577a27da9f5297d49f38e6f,qualifications,1746155664402,1746155672445,8.043,0.13404999999999997,hjson
6577a27da9f5297d49f38e6f,consent,1746155672904,1746155755387,82.483,1.3747166666666668,hjson
6577a27da9f5297d49f38e6f,task,1746155755772,1746155818909,63.137,1.0522833333333332,hjson
6577a27da9f5297d49f38e6f,writing-task-NL,1746155819197,1746156112278,293.081,4.884683333333333,hjson
6577a27da9f5297d49f38e6f,writing-task-NL_post-task-question,1746156112847,1746156126139,13.292,0.22153333333333333,hjson
6577a27da9f5297d49f38e6f,tutorial-part1,1746156126308,1746156578900,452.592,7.5432,hjson
6577a27da9f5297d49f38e6f,tutorial-part2,1746156579177,1746156760538,181.361,3.022683333333333,hjson
6577a27da9f5297d49f38e6f,reading-task-tabular-1,1746156760819,1746156974477,213.658,3.5609666666666664,hjson
6577a27da9f5297d49f38e6f,reading-task-tabular-1_post-task-question,1746156974905,1746156983975,9.07,0.15116666666666667,hjson
6577a27da9f5297d49f38e6f,reading-task-tabular-2,1746156984194,1746157067564,83.37,1.3895000000000002,hjson
6577a27da9f5297d49f38e6f,reading-task-tabular-2_post-task-question,1746157067997,1746157071763,3.766,0.06276666666666667,hjson
6577a27da9f5297d49f38e6f,reading-task-tabular-3,1746157072051,1746157102167,30.116,0.5019333333333333,hjson
6577a27da9f5297d49f38e6f,reading-task-tabular-3_post-task-question,1746157102583,1746157105384,2.801,0.046683333333333334,hjson
6577a27da9f5297d49f38e6f,reading-task-tabular-4,1746157105603,1746157124485,18.882,0.31470000000000004,hjson
6577a27da9f5297d49f38e6f,reading-task-tabular-4_post-task-question,1746157124827,1746157129667,4.84,0.08066666666666666,hjson
6577a27da9f5297d49f38e6f,reading-task-tabular-5,1746157129966,1746157178005,48.039,0.80065,hjson
6577a27da9f5297d49f38e6f,reading-task-tabular-5_post-task-question,1746157178715,1746157183139,4.424,0.07373333333333335,hjson
6577a27da9f5297d49f38e6f,writing-task-tabular,1746157183337,1746158015323,831.986,13.866433333333333,hjson
6577a27da9f5297d49f38e6f,writing-task-tabular_post-task-question,1746158015800,1746158027073,11.273,0.18788333333333332,hjson
6577a27da9f5297d49f38e6f,modifying-task-tabular-1,1746158027406,1746158153470,126.064,2.1010666666666666,hjson
6577a27da9f5297d49f38e6f,modifying-task-tabular-1_post-task-question,1746158153832,1746158161935,8.103,0.13505,hjson
6577a27da9f5297d49f38e6f,modifying-task-tabular-2,1746158162111,1746158332206,170.095,2.8349166666666665,hjson
6577a27da9f5297d49f38e6f,modifying-task-tabular-2_post-task-question,1746158332651,1746158340017,7.366,0.12276666666666666,hjson
6577a27da9f5297d49f38e6f,modifying-task-tabular-3,1746158340380,1746158421279,80.899,1.3483166666666666,hjson
6577a27da9f5297d49f38e6f,modifying-task-tabular-3_post-task-question,1746158421793,1746158426579,4.786,0.07976666666666667,hjson
6577a27da9f5297d49f38e6f,modifying-task-tabular-4,1746158426821,1746159434683,1007.862,16.7977,hjson
6577a27da9f5297d49f38e6f,modifying-task-tabular-4_post-task-question,1746159435661,1746159445100,9.439,0.15731666666666666,hjson
6577a27da9f5297d49f38e6f,$nasa-tlx.co.nasa-tlx,1746159445574,1746159508460,62.886,1.0481,hjson
6577a27da9f5297d49f38e6f,post-task-survey-tlx,1746159509151,1746159634376,125.225,2.087083333333333,hjson
6577a27da9f5297d49f38e6f,unqualified,0,-1,-0.001,-1.6666666666666667e-05,hjson
65be552ceed6a0595fa1feb5,introduction,1746383346162,1746383369485,23.323,0.38871666666666665,json
65be552ceed6a0595fa1feb5,qualifications,1746383370393,1746383420418,50.025,0.83375,json
65be552ceed6a0595fa1feb5,consent,1746383421386,1746383464875,43.489,0.7248166666666667,json
65be552ceed6a0595fa1feb5,task,1746383465363,1746383523736,58.373,0.9728833333333333,json
65be552ceed6a0595fa1feb5,writing-task-NL,1746383524063,1746383734084,210.021,3.5003499999999996,json
65be552ceed6a0595fa1feb5,writing-task-NL_post-task-question,1746383734489,1746383742030,7.541,0.12568333333333334,json
65be552ceed6a0595fa1feb5,tutorial-part1,1746383742259,1746384041637,299.378,4.989633333333333,json
65be552ceed6a0595fa1feb5,tutorial-part2,1746384041961,1746384251902,209.941,3.499016666666667,json
65be552ceed6a0595fa1feb5,reading-task-tabular-1,1746384252122,1746384271576,19.454,0.3242333333333333,json
65be552ceed6a0595fa1feb5,reading-task-tabular-1_post-task-question,1746384271884,1746384279921,8.037,0.13395,json
65be552ceed6a0595fa1feb5,reading-task-tabular-2,1746384280191,1746384313710,33.519,0.55865,json
65be552ceed6a0595fa1feb5,reading-task-tabular-2_post-task-question,1746384314092,1746384319286,5.194,0.08656666666666667,json
65be552ceed6a0595fa1feb5,reading-task-tabular-3,1746384319515,1746384350603,31.088,0.5181333333333333,json
65be552ceed6a0595fa1feb5,reading-task-tabular-3_post-task-question,1746384350988,1746384371398,20.41,0.3401666666666667,json
65be552ceed6a0595fa1feb5,reading-task-tabular-4,1746384371639,1746384415788,44.149,0.7358166666666667,json
65be552ceed6a0595fa1feb5,reading-task-tabular-4_post-task-question,1746384416240,1746384421965,5.725,0.09541666666666666,json
65be552ceed6a0595fa1feb5,reading-task-tabular-5,1746384422185,1746384457658,35.473,0.5912166666666666,json
65be552ceed6a0595fa1feb5,reading-task-tabular-5_post-task-question,1746384458114,1746384464875,6.761,0.11268333333333333,json
65be552ceed6a0595fa1feb5,writing-task-tabular,1746384465073,1746385040282,575.209,9.586816666666666,json
65be552ceed6a0595fa1feb5,writing-task-tabular_post-task-question,1746385040736,1746385045403,4.667,0.07778333333333333,json
65be552ceed6a0595fa1feb5,modifying-task-tabular-1,1746385045603,1746385085830,40.227,0.67045,json
65be552ceed6a0595fa1feb5,modifying-task-tabular-1_post-task-question,1746385086169,1746385091065,4.896,0.08159999999999999,json
65be552ceed6a0595fa1feb5,modifying-task-tabular-2,1746385091385,1746385109194,17.809,0.2968166666666667,json
65be552ceed6a0595fa1feb5,modifying-task-tabular-2_post-task-question,1746385109714,1746385115250,5.536,0.09226666666666666,json
65be552ceed6a0595fa1feb5,modifying-task-tabular-3,1746385115487,1746385171317,55.83,0.9305,json
65be552ceed6a0595fa1feb5,modifying-task-tabular-3_post-task-question,1746385171842,1746385177543,5.701,0.09501666666666667,json
65be552ceed6a0595fa1feb5,modifying-task-tabular-4,1746385177800,1746385525162,347.362,5.789366666666667,json
65be552ceed6a0595fa1feb5,modifying-task-tabular-4_post-task-question,1746385525659,1746385531395,5.736,0.09559999999999999,json
65be552ceed6a0595fa1feb5,$nasa-tlx.co.nasa-tlx,1746385531821,1746385565631,33.81,0.5635,json
65be552ceed6a0595fa1feb5,post-task-survey-tlx,1746385566244,1746385635530,69.286,1.1547666666666667,json
65be552ceed6a0595fa1feb5,unqualified,0,-1,-0.001,-1.6666666666666667e-05,json
65cf6d8a589a67afcab54e6f,introduction,1746383316445,1746383354811,38.366,0.6394333333333333,hjson
65cf6d8a589a67afcab54e6f,qualifications,1746383354856,1746383362419,7.563,0.12605,hjson
65cf6d8a589a67afcab54e6f,consent,1746383362460,1746383411470,49.01,0.8168333333333333,hjson
65cf6d8a589a67afcab54e6f,task,1746383411514,1746383469754,58.24,0.9706666666666667,hjson
65cf6d8a589a67afcab54e6f,writing-task-NL,1746383469778,1746383645741,175.963,2.9327166666666664,hjson
65cf6d8a589a67afcab54e6f,writing-task-NL_post-task-question,1746383645808,1746383655355,9.547,0.15911666666666668,hjson
65cf6d8a589a67afcab54e6f,tutorial-part1,1746383655399,1746383929581,274.182,4.5697,hjson
65cf6d8a589a67afcab54e6f,tutorial-part2,1746383929635,1746384034042,104.407,1.7401166666666665,hjson
65cf6d8a589a67afcab54e6f,reading-task-tabular-1,1746384034095,1746384118016,83.921,1.3986833333333335,hjson
65cf6d8a589a67afcab54e6f,reading-task-tabular-1_post-task-question,1746384118087,1746384123278,5.191,0.08651666666666666,hjson
65cf6d8a589a67afcab54e6f,reading-task-tabular-2,1746384123325,1746384164280,40.955,0.6825833333333333,hjson
65cf6d8a589a67afcab54e6f,reading-task-tabular-2_post-task-question,1746384164352,1746384168434,4.082,0.06803333333333333,hjson
65cf6d8a589a67afcab54e6f,reading-task-tabular-3,1746384168482,1746384247013,78.531,1.30885,hjson
65cf6d8a589a67afcab54e6f,reading-task-tabular-3_post-task-question,1746384247085,1746384250823,3.738,0.0623,hjson
65cf6d8a589a67afcab54e6f,reading-task-tabular-4,1746384250850,1746384272478,21.628,0.36046666666666666,hjson
65cf6d8a589a67afcab54e6f,reading-task-tabular-4_post-task-question,1746384272546,1746384276382,3.836,0.06393333333333333,hjson
65cf6d8a589a67afcab54e6f,reading-task-tabular-5,1746384276429,1746384323988,47.559,0.79265,hjson
65cf6d8a589a67afcab54e6f,reading-task-tabular-5_post-task-question,1746384324057,1746384326712,2.655,0.04425,hjson
65cf6d8a589a67afcab54e6f,writing-task-tabular,1746384326751,1746384622159,295.408,4.923466666666667,hjson
65cf6d8a589a67afcab54e6f,writing-task-tabular_post-task-question,1746384622228,1746384630469,8.241,0.13735,hjson
65cf6d8a589a67afcab54e6f,modifying-task-tabular-1,1746384630494,1746384729530,99.036,1.6506,hjson
65cf6d8a589a67afcab54e6f,modifying-task-tabular-1_post-task-question,1746384729582,1746384732435,2.853,0.04755,hjson
65cf6d8a589a67afcab54e6f,modifying-task-tabular-2,1746384732478,1746384855476,122.998,2.0499666666666667,hjson
65cf6d8a589a67afcab54e6f,modifying-task-tabular-2_post-task-question,1746384855547,1746384858128,2.581,0.04301666666666667,hjson
65cf6d8a589a67afcab54e6f,modifying-task-tabular-3,1746384858171,1746384940754,82.583,1.3763833333333333,hjson
65cf6d8a589a67afcab54e6f,modifying-task-tabular-3_post-task-question,1746384940832,1746384944936,4.104,0.0684,hjson
65cf6d8a589a67afcab54e6f,modifying-task-tabular-4,1746384944989,1746385308459,363.47,6.057833333333334,hjson
65cf6d8a589a67afcab54e6f,modifying-task-tabular-4_post-task-question,1746385308545,1746385314532,5.987,0.09978333333333333,hjson
65cf6d8a589a67afcab54e6f,$nasa-tlx.co.nasa-tlx,1746385314628,1746385354151,39.523,0.6587166666666667,hjson
65cf6d8a589a67afcab54e6f,post-task-survey-tlx,1746385354257,1746385557880,203.623,3.3937166666666667,hjson
65cf6d8a589a67afcab54e6f,unqualified,0,-1,-0.001,-1.6666666666666667e-05,hjson
65fad673a546ab14baf2f8d3,introduction,1745928731176,1745928766017,34.841,0.5806833333333333,json5
65fad673a546ab14baf2f8d3,qualifications,1745928766236,1745928784353,18.117,0.30195,json5
65fad673a546ab14baf2f8d3,consent,1745928784536,1745928829358,44.822,0.7470333333333333,json5
65fad673a546ab14baf2f8d3,task,1745928829549,1745928877324,47.775,0.79625,json5
65fad673a546ab14baf2f8d3,writing-task-NL,1745928877449,1745929134173,256.724,4.278733333333333,json5
65fad673a546ab14baf2f8d3,writing-task-NL_post-task-question,1745929134402,1745929146016,11.614,0.1935666666666667,json5
65fad673a546ab14baf2f8d3,tutorial-part1,1745929146124,1745929670563,524.439,8.740649999999999,json5
65fad673a546ab14baf2f8d3,tutorial-part2,1745929670759,1745929877113,206.354,3.4392333333333336,json5
65fad673a546ab14baf2f8d3,reading-task-tabular-1,1745929877289,1745930211251,333.962,5.566033333333333,json5
65fad673a546ab14baf2f8d3,reading-task-tabular-1_post-task-question,1745930211467,1745930221603,10.136,0.16893333333333332,json5
65fad673a546ab14baf2f8d3,reading-task-tabular-2,1745930221729,1745930262678,40.949,0.6824833333333333,json5
65fad673a546ab14baf2f8d3,reading-task-tabular-2_post-task-question,1745930262883,1745930269292,6.409,0.10681666666666666,json5
65fad673a546ab14baf2f8d3,reading-task-tabular-3,1745930269416,1745930297421,28.005,0.46675,json5
65fad673a546ab14baf2f8d3,reading-task-tabular-3_post-task-question,1745930297602,1745930305564,7.962,0.13269999999999998,json5
65fad673a546ab14baf2f8d3,reading-task-tabular-4,1745930305687,1745930353694,48.007,0.8001166666666666,json5
65fad673a546ab14baf2f8d3,reading-task-tabular-4_post-task-question,1745930353899,1745930359855,5.956,0.09926666666666667,json5
65fad673a546ab14baf2f8d3,reading-task-tabular-5,1745930359972,1745930421104,61.132,1.0188666666666666,json5
65fad673a546ab14baf2f8d3,reading-task-tabular-5_post-task-question,1745930421307,1745930426683,5.376,0.0896,json5
65fad673a546ab14baf2f8d3,writing-task-tabular,1745930426793,1745931203100,776.307,12.93845,json5
65fad673a546ab14baf2f8d3,writing-task-tabular_post-task-question,1745931203344,1745931212723,9.379,0.15631666666666666,json5
65fad673a546ab14baf2f8d3,modifying-task-tabular-1,1745931212862,1745931360405,147.543,2.45905,json5
65fad673a546ab14baf2f8d3,modifying-task-tabular-1_post-task-question,1745931360639,1745931367874,7.235,0.12058333333333333,json5
65fad673a546ab14baf2f8d3,modifying-task-tabular-2,1745931368003,1745931476096,108.093,1.80155,json5
65fad673a546ab14baf2f8d3,modifying-task-tabular-2_post-task-question,1745931476318,1745931482470,6.152,0.10253333333333334,json5
65fad673a546ab14baf2f8d3,modifying-task-tabular-3,1745931482596,1745931704890,222.294,3.7049000000000003,json5
65fad673a546ab14baf2f8d3,modifying-task-tabular-3_post-task-question,1745931705115,1745931714436,9.321,0.15535,json5
65fad673a546ab14baf2f8d3,modifying-task-tabular-4,1745931714578,1745932099312,384.734,6.412233333333333,json5
65fad673a546ab14baf2f8d3,modifying-task-tabular-4_post-task-question,1745932099557,1745932105919,6.362,0.10603333333333334,json5
65fad673a546ab14baf2f8d3,$nasa-tlx.co.nasa-tlx,1745932106163,1745932137658,31.495,0.5249166666666667,json5
65fad673a546ab14baf2f8d3,post-task-survey-tlx,1745932138030,1745932247258,109.228,1.8204666666666667,json5
65fad673a546ab14baf2f8d3,unqualified,0,-1,-0.001,-1.6666666666666667e-05,json5
66049694dfb8828a8f3dce70,introduction,1745928770963,1745928810920,39.957,0.66595,yaml
66049694dfb8828a8f3dce70,qualifications,1745928811053,1745928824055,13.002,0.2167,yaml
66049694dfb8828a8f3dce70,consent,1745928824174,1745928914523,90.349,1.5058166666666668,yaml
66049694dfb8828a8f3dce70,task,1745928914655,1745928985420,70.765,1.1794166666666668,yaml
66049694dfb8828a8f3dce70,writing-task-NL,1745928985499,1745929175396,189.897,3.1649499999999997,yaml
66049694dfb8828a8f3dce70,writing-task-NL_post-task-question,1745929175540,1745929185225,9.685,0.16141666666666668,yaml
66049694dfb8828a8f3dce70,tutorial-part1,1745929185302,1745929533433,348.131,5.802183333333333,yaml
66049694dfb8828a8f3dce70,tutorial-part2,1745929533523,1745929646381,112.858,1.8809666666666667,yaml
66049694dfb8828a8f3dce70,reading-task-tabular-1,1745929646468,1745929822828,176.36,2.9393333333333334,yaml
66049694dfb8828a8f3dce70,reading-task-tabular-1_post-task-question,1745929822974,1745929836238,13.264,0.22106666666666666,yaml
66049694dfb8828a8f3dce70,reading-task-tabular-2,1745929836318,1745929881563,45.245,0.7540833333333333,yaml
66049694dfb8828a8f3dce70,reading-task-tabular-2_post-task-question,1745929881686,1745929891603,9.917,0.16528333333333334,yaml
66049694dfb8828a8f3dce70,reading-task-tabular-3,1745929891686,1745929925232,33.546,0.5591,yaml
66049694dfb8828a8f3dce70,reading-task-tabular-3_post-task-question,1745929925359,1745929931253,5.894,0.09823333333333334,yaml
66049694dfb8828a8f3dce70,reading-task-tabular-4,1745929931328,1745929962037,30.709,0.5118166666666667,yaml
66049694dfb8828a8f3dce70,reading-task-tabular-4_post-task-question,1745929962164,1745929968531,6.367,0.10611666666666666,yaml
66049694dfb8828a8f3dce70,reading-task-tabular-5,1745929968606,1745930057936,89.33,1.4888333333333332,yaml
66049694dfb8828a8f3dce70,reading-task-tabular-5_post-task-question,1745930058067,1745930067477,9.41,0.15683333333333332,yaml
66049694dfb8828a8f3dce70,writing-task-tabular,1745930067553,1745930445088,377.535,6.29225,yaml
66049694dfb8828a8f3dce70,writing-task-tabular_post-task-question,1745930445229,1745930456668,11.439,0.19065000000000001,yaml
66049694dfb8828a8f3dce70,modifying-task-tabular-1,1745930456748,1745930641081,184.333,3.072216666666667,yaml
66049694dfb8828a8f3dce70,modifying-task-tabular-1_post-task-question,1745930641227,1745930648628,7.401,0.12335,yaml
66049694dfb8828a8f3dce70,modifying-task-tabular-2,1745930648713,1745930778833,130.12,2.1686666666666667,yaml
66049694dfb8828a8f3dce70,modifying-task-tabular-2_post-task-question,1745930778976,1745930787663,8.687,0.14478333333333332,yaml
66049694dfb8828a8f3dce70,modifying-task-tabular-3,1745930787744,1745930915431,127.687,2.1281166666666667,yaml
66049694dfb8828a8f3dce70,modifying-task-tabular-3_post-task-question,1745930915578,1745930923498,7.92,0.132,yaml
66049694dfb8828a8f3dce70,modifying-task-tabular-4,1745930923579,1745931227693,304.114,5.068566666666666,yaml
66049694dfb8828a8f3dce70,modifying-task-tabular-4_post-task-question,1745931227838,1745931234728,6.89,0.11483333333333333,yaml
66049694dfb8828a8f3dce70,$nasa-tlx.co.nasa-tlx,1745931234875,1745931297647,62.772,1.0462,yaml
66049694dfb8828a8f3dce70,post-task-survey-tlx,1745931297854,1745931376578,78.724,1.3120666666666667,yaml
66049694dfb8828a8f3dce70,unqualified,0,-1,-0.001,-1.6666666666666667e-05,yaml
6606b31155457e4f162ecf5a,introduction,1746547220415,1746547254903,34.488,0.5748,json5
6606b31155457e4f162ecf5a,qualifications,1746547255064,1746547276757,21.693,0.36155000000000004,json5
6606b31155457e4f162ecf5a,consent,1746547276898,1746547307907,31.009,0.5168166666666667,json5
6606b31155457e4f162ecf5a,task,1746547308044,1746547397347,89.303,1.4883833333333334,json5
6606b31155457e4f162ecf5a,writing-task-NL,1746547397428,1746547658441,261.013,4.350216666666666,json5
6606b31155457e4f162ecf5a,writing-task-NL_post-task-question,1746547658573,1746547668478,9.905,0.16508333333333333,json5
6606b31155457e4f162ecf5a,tutorial-part1,1746547668569,1746547924009,255.44,4.257333333333333,json5
6606b31155457e4f162ecf5a,tutorial-part2,1746547924095,1746548022016,97.921,1.6320166666666667,json5
6606b31155457e4f162ecf5a,reading-task-tabular-1,1746548022118,1746548127736,105.618,1.7603,json5
6606b31155457e4f162ecf5a,reading-task-tabular-1_post-task-question,1746548127887,1746548136542,8.655,0.14425,json5
6606b31155457e4f162ecf5a,reading-task-tabular-2,1746548136636,1746548214606,77.97,1.2994999999999999,json5
6606b31155457e4f162ecf5a,reading-task-tabular-2_post-task-question,1746548214766,1746548219167,4.401,0.07335,json5
6606b31155457e4f162ecf5a,reading-task-tabular-3,1746548219248,1746548271425,52.177,0.8696166666666667,json5
6606b31155457e4f162ecf5a,reading-task-tabular-3_post-task-question,1746548271562,1746548276501,4.939,0.08231666666666666,json5
6606b31155457e4f162ecf5a,reading-task-tabular-4,1746548276594,1746548345711,69.117,1.15195,json5
6606b31155457e4f162ecf5a,reading-task-tabular-4_post-task-question,1746548345894,1746548353401,7.507,0.12511666666666665,json5
6606b31155457e4f162ecf5a,reading-task-tabular-5,1746548353480,1746548441140,87.66,1.4609999999999999,json5
6606b31155457e4f162ecf5a,reading-task-tabular-5_post-task-question,1746548441298,1746548445827,4.529,0.07548333333333333,json5
6606b31155457e4f162ecf5a,writing-task-tabular,1746548445916,1746549115913,669.997,11.166616666666666,json5
6606b31155457e4f162ecf5a,writing-task-tabular_post-task-question,1746549116049,1746549123370,7.321,0.12201666666666666,json5
6606b31155457e4f162ecf5a,modifying-task-tabular-1,1746549123464,1746549311332,187.868,3.131133333333333,json5
6606b31155457e4f162ecf5a,modifying-task-tabular-1_post-task-question,1746549311480,1746549316374,4.894,0.08156666666666666,json5
6606b31155457e4f162ecf5a,modifying-task-tabular-2,1746549316470,1746549433481,117.011,1.9501833333333332,json5
6606b31155457e4f162ecf5a,modifying-task-tabular-2_post-task-question,1746549433624,1746549437927,4.303,0.07171666666666666,json5
6606b31155457e4f162ecf5a,modifying-task-tabular-3,1746549438019,1746549581302,143.283,2.38805,json5
6606b31155457e4f162ecf5a,modifying-task-tabular-3_post-task-question,1746549581457,1746549586629,5.172,0.0862,json5
6606b31155457e4f162ecf5a,modifying-task-tabular-4,1746549586735,1746549858210,271.475,4.524583333333334,json5
6606b31155457e4f162ecf5a,modifying-task-tabular-4_post-task-question,1746549858373,1746549863266,4.893,0.08155,json5
6606b31155457e4f162ecf5a,$nasa-tlx.co.nasa-tlx,1746549863416,1746549897976,34.56,0.5760000000000001,json5
6606b31155457e4f162ecf5a,post-task-survey-tlx,1746549898178,1746549967449,69.271,1.1545166666666666,json5
6606b31155457e4f162ecf5a,unqualified,0,-1,-0.001,-1.6666666666666667e-05,json5
66475d6f7b27e4443ef0d031,introduction,1744920927458,1744920935800,8.342,0.13903333333333334,json
66475d6f7b27e4443ef0d031,qualifications,1744920935991,1744920944681,8.69,0.14483333333333331,json
66475d6f7b27e4443ef0d031,consent,1744920944862,1744920963828,18.966,0.3161,json
66475d6f7b27e4443ef0d031,task,1744920963996,1744920982478,18.482,0.3080333333333333,json
66475d6f7b27e4443ef0d031,writing-task-NL,1744920982595,1744921088654,106.059,1.76765,json
66475d6f7b27e4443ef0d031,writing-task-NL_post-task-question,1744921088905,1744921096148,7.243,0.12071666666666667,json
66475d6f7b27e4443ef0d031,tutorial-part1,1744921096279,1744921183507,87.228,1.4538,json
66475d6f7b27e4443ef0d031,tutorial-part2,1744921183677,1744921264713,81.036,1.3506,json
66475d6f7b27e4443ef0d031,reading-task-tabular-1,1744921264863,1744921364727,99.864,1.6644,json
66475d6f7b27e4443ef0d031,reading-task-tabular-1_post-task-question,1744921364984,1744921373147,8.163,0.13605,json
66475d6f7b27e4443ef0d031,reading-task-tabular-2,1744921373275,1744921392962,19.687,0.32811666666666667,json
66475d6f7b27e4443ef0d031,reading-task-tabular-2_post-task-question,1744921393144,1744921396826,3.682,0.06136666666666667,json
66475d6f7b27e4443ef0d031,reading-task-tabular-3,1744921396937,1744921411248,14.311,0.23851666666666665,json
66475d6f7b27e4443ef0d031,reading-task-tabular-3_post-task-question,1744921411432,1744921416509,5.077,0.08461666666666666,json
66475d6f7b27e4443ef0d031,reading-task-tabular-4,1744921416628,1744921440035,23.407,0.39011666666666667,json
66475d6f7b27e4443ef0d031,reading-task-tabular-4_post-task-question,1744921440209,1744921444408,4.199,0.06998333333333333,json
66475d6f7b27e4443ef0d031,reading-task-tabular-5,1744921444515,1744921474164,29.649,0.49415000000000003,json
66475d6f7b27e4443ef0d031,reading-task-tabular-5_post-task-question,1744921474346,1744921480268,5.922,0.0987,json
66475d6f7b27e4443ef0d031,writing-task-tabular,1744921480385,1744921734203,253.818,4.230300000000001,json
66475d6f7b27e4443ef0d031,writing-task-tabular_post-task-question,1744921734430,1744921739506,5.076,0.0846,json
66475d6f7b27e4443ef0d031,modifying-task-tabular-1,1744921739620,1744921824886,85.266,1.4211,json
66475d6f7b27e4443ef0d031,modifying-task-tabular-1_post-task-question,1744921825162,1744921831748,6.586,0.10976666666666667,json
66475d6f7b27e4443ef0d031,modifying-task-tabular-2,1744921831847,1744921903641,71.794,1.1965666666666666,json
66475d6f7b27e4443ef0d031,modifying-task-tabular-2_post-task-question,1744921903924,1744921907948,4.024,0.06706666666666666,json
66475d6f7b27e4443ef0d031,modifying-task-tabular-3,1744921908074,1744921958194,50.12,0.8353333333333333,json
66475d6f7b27e4443ef0d031,modifying-task-tabular-3_post-task-question,1744921958494,1744921963050,4.556,0.07593333333333334,json
66475d6f7b27e4443ef0d031,modifying-task-tabular-4,1744921963154,1744922054914,91.76,1.5293333333333334,json
66475d6f7b27e4443ef0d031,modifying-task-tabular-4_post-task-question,1744922055188,1744922061724,6.536,0.10893333333333333,json
66475d6f7b27e4443ef0d031,$nasa-tlx.co.nasa-tlx,1744922061933,1744922093089,31.156,0.5192666666666667,json
66475d6f7b27e4443ef0d031,post-task-survey-tlx,1744922093386,1744922133680,40.294,0.6715666666666666,json
66475d6f7b27e4443ef0d031,unqualified,0,-1,-0.001,-1.6666666666666667e-05,json
665c5d94303fdf202ac9ded0,introduction,1747339295385,1747339298579,3.194,0.053233333333333334,toml
665c5d94303fdf202ac9ded0,qualifications,1747339298935,1747339322918,23.983,0.39971666666666666,toml
665c5d94303fdf202ac9ded0,consent,1747339323103,1747339345303,22.2,0.37,toml
665c5d94303fdf202ac9ded0,task,1747339345422,1747339393962,48.54,0.8089999999999999,toml
665c5d94303fdf202ac9ded0,writing-task-NL,1747339394158,1747339562119,167.961,2.79935,toml
665c5d94303fdf202ac9ded0,writing-task-NL_post-task-question,1747339562253,1747339567447,5.194,0.08656666666666667,toml
665c5d94303fdf202ac9ded0,tutorial-part1,1747339567508,1747339686834,119.326,1.9887666666666666,toml
665c5d94303fdf202ac9ded0,tutorial-part2,1747339686920,1747339776459,89.539,1.4923166666666667,toml
665c5d94303fdf202ac9ded0,reading-task-tabular-1,1747339776523,1747339805141,28.618,0.47696666666666665,toml
665c5d94303fdf202ac9ded0,reading-task-tabular-1_post-task-question,1747339805260,1747339817319,12.059,0.20098333333333332,toml
665c5d94303fdf202ac9ded0,reading-task-tabular-2,1747339817378,1747339864240,46.862,0.7810333333333334,toml
665c5d94303fdf202ac9ded0,reading-task-tabular-2_post-task-question,1747339864346,1747339868806,4.46,0.07433333333333333,toml
665c5d94303fdf202ac9ded0,reading-task-tabular-3,1747339868989,1747339886576,17.587,0.29311666666666664,toml
665c5d94303fdf202ac9ded0,reading-task-tabular-3_post-task-question,1747339886680,1747339890053,3.373,0.05621666666666667,toml
665c5d94303fdf202ac9ded0,reading-task-tabular-4,1747339890110,1747339917064,26.954,0.4492333333333333,toml
665c5d94303fdf202ac9ded0,reading-task-tabular-4_post-task-question,1747339917205,1747339920287,3.082,0.051366666666666665,toml
665c5d94303fdf202ac9ded0,reading-task-tabular-5,1747339920397,1747340022997,102.6,1.71,toml
665c5d94303fdf202ac9ded0,reading-task-tabular-5_post-task-question,1747340023124,1747340026233,3.109,0.051816666666666664,toml
665c5d94303fdf202ac9ded0,writing-task-tabular,1747340026290,1747340374503,348.213,5.80355,toml
665c5d94303fdf202ac9ded0,writing-task-tabular_post-task-question,1747340374845,1747340378895,4.05,0.06749999999999999,toml
665c5d94303fdf202ac9ded0,modifying-task-tabular-1,1747340378970,1747340484018,105.048,1.7508000000000001,toml
665c5d94303fdf202ac9ded0,modifying-task-tabular-1_post-task-question,1747340484290,1747340486992,2.702,0.045033333333333335,toml
665c5d94303fdf202ac9ded0,modifying-task-tabular-2,1747340487072,1747340542246,55.174,0.9195666666666666,toml
665c5d94303fdf202ac9ded0,modifying-task-tabular-2_post-task-question,1747340542385,1747340544842,2.457,0.04095,toml
665c5d94303fdf202ac9ded0,modifying-task-tabular-3,1747340544899,1747340604586,59.687,0.9947833333333332,toml
665c5d94303fdf202ac9ded0,modifying-task-tabular-3_post-task-question,1747340604715,1747340607891,3.176,0.05293333333333334,toml
665c5d94303fdf202ac9ded0,modifying-task-tabular-4,1747340607977,1747340692311,84.334,1.4055666666666666,toml
665c5d94303fdf202ac9ded0,modifying-task-tabular-4_post-task-question,1747340692450,1747340695352,2.902,0.04836666666666667,toml
665c5d94303fdf202ac9ded0,$nasa-tlx.co.nasa-tlx,1747340695496,1747340717875,22.379,0.37298333333333333,toml
665c5d94303fdf202ac9ded0,post-task-survey-tlx,1747340718067,1747340776482,58.415,0.9735833333333334,toml
665c5d94303fdf202ac9ded0,unqualified,0,-1,-0.001,-1.6666666666666667e-05,toml
6672d878f68b9e349b56e871,introduction,1746143306548,1746143339727,33.179,0.5529833333333334,toml
6672d878f68b9e349b56e871,qualifications,1746143339871,1746143359158,19.287,0.32144999999999996,toml
6672d878f68b9e349b56e871,consent,1746143359279,1746143403260,43.981,0.7330166666666666,toml
6672d878f68b9e349b56e871,task,1746143403390,1746143513502,110.112,1.8352,toml
6672d878f68b9e349b56e871,writing-task-NL,1746143513587,1746143824196,310.609,5.176816666666666,toml
6672d878f68b9e349b56e871,writing-task-NL_post-task-question,1746143824331,1746143836385,12.054,0.2009,toml
6672d878f68b9e349b56e871,tutorial-part1,1746143836456,1746144155797,319.341,5.32235,toml
6672d878f68b9e349b56e871,tutorial-part2,1746144155893,1746144243860,87.967,1.4661166666666667,toml
6672d878f68b9e349b56e871,reading-task-tabular-1,1746144243981,1746144348878,104.897,1.7482833333333334,toml
6672d878f68b9e349b56e871,reading-task-tabular-1_post-task-question,1746144349012,1746144358103,9.091,0.15151666666666666,toml
6672d878f68b9e349b56e871,reading-task-tabular-2,1746144358172,1746144438742,80.57,1.3428333333333333,toml
6672d878f68b9e349b56e871,reading-task-tabular-2_post-task-question,1746144438865,1746144457558,18.693,0.31155000000000005,toml
6672d878f68b9e349b56e871,reading-task-tabular-3,1746144457639,1746144570801,113.162,1.8860333333333335,toml
6672d878f68b9e349b56e871,reading-task-tabular-3_post-task-question,1746144570933,1746144580235,9.302,0.15503333333333333,toml
6672d878f68b9e349b56e871,reading-task-tabular-4,1746144580314,1746144715207,134.893,2.2482166666666665,toml
6672d878f68b9e349b56e871,reading-task-tabular-4_post-task-question,1746144715339,1746144722326,6.987,0.11645,toml
6672d878f68b9e349b56e871,reading-task-tabular-5,1746144722404,1746144850362,127.958,2.132633333333333,toml
6672d878f68b9e349b56e871,reading-task-tabular-5_post-task-question,1746144850491,1746144856576,6.085,0.10141666666666667,toml
6672d878f68b9e349b56e871,writing-task-tabular,1746144856654,1746145373859,517.205,8.620083333333334,toml
6672d878f68b9e349b56e871,writing-task-tabular_post-task-question,1746145373987,1746145383924,9.937,0.16561666666666666,toml
6672d878f68b9e349b56e871,modifying-task-tabular-1,1746145384005,1746145530741,146.736,2.4455999999999998,toml
6672d878f68b9e349b56e871,modifying-task-tabular-1_post-task-question,1746145530879,1746145540347,9.468,0.1578,toml
6672d878f68b9e349b56e871,modifying-task-tabular-2,1746145540432,1746145831994,291.562,4.859366666666667,toml
6672d878f68b9e349b56e871,modifying-task-tabular-2_post-task-question,1746145832157,1746145841034,8.877,0.14795,toml
6672d878f68b9e349b56e871,modifying-task-tabular-3,1746145841134,1746145982509,141.375,2.35625,toml
6672d878f68b9e349b56e871,modifying-task-tabular-3_post-task-question,1746145982636,1746145990336,7.7,0.12833333333333333,toml
6672d878f68b9e349b56e871,modifying-task-tabular-4,1746145990415,1746146258790,268.375,4.472916666666666,toml
6672d878f68b9e349b56e871,modifying-task-tabular-4_post-task-question,1746146258921,1746146266693,7.772,0.12953333333333333,toml
6672d878f68b9e349b56e871,$nasa-tlx.co.nasa-tlx,1746146266826,1746146298458,31.632,0.5272,toml
6672d878f68b9e349b56e871,post-task-survey-tlx,1746146298656,1746146398529,99.873,1.66455,toml
6672d878f68b9e349b56e871,unqualified,0,-1,-0.001,-1.6666666666666667e-05,toml
6675c40cdc52b37294f0514e,introduction,1746230839880,1746231042665,202.785,3.37975,hjson
6675c40cdc52b37294f0514e,qualifications,1746231043110,1746231057638,14.528,0.24213333333333334,hjson
6675c40cdc52b37294f0514e,consent,1746231057934,1746231127460,69.526,1.1587666666666665,hjson
6675c40cdc52b37294f0514e,task,1746231512929,1746231634195,121.266,2.0211,hjson
6675c40cdc52b37294f0514e,writing-task-NL,1746231634413,1746232346847,712.434,11.873899999999999,hjson
6675c40cdc52b37294f0514e,writing-task-NL_post-task-question,1746232347278,1746232355188,7.91,0.13183333333333333,hjson
6675c40cdc52b37294f0514e,tutorial-part1,1746232355363,1746233451654,1096.291,18.271516666666667,hjson
6675c40cdc52b37294f0514e,tutorial-part2,1746233451926,1746233727447,275.521,4.592016666666667,hjson
6675c40cdc52b37294f0514e,reading-task-tabular-1,1746233727732,1746233901525,173.793,2.89655,hjson
6675c40cdc52b37294f0514e,reading-task-tabular-1_post-task-question,1746233901886,1746233907086,5.2,0.08666666666666667,hjson
6675c40cdc52b37294f0514e,reading-task-tabular-2,1746233907262,1746233960037,52.775,0.8795833333333333,hjson
6675c40cdc52b37294f0514e,reading-task-tabular-2_post-task-question,1746233960319,1746233966574,6.255,0.10425,hjson
6675c40cdc52b37294f0514e,reading-task-tabular-3,1746233966788,1746233995855,29.067,0.48445,hjson
6675c40cdc52b37294f0514e,reading-task-tabular-3_post-task-question,1746233996159,1746234000741,4.582,0.07636666666666667,hjson
6675c40cdc52b37294f0514e,reading-task-tabular-4,1746234000908,1746234202457,201.549,3.35915,hjson
6675c40cdc52b37294f0514e,reading-task-tabular-4_post-task-question,1746234202776,1746234212235,9.459,0.15764999999999998,hjson
6675c40cdc52b37294f0514e,reading-task-tabular-5,1746234212423,1746234418629,206.206,3.4367666666666663,hjson
6675c40cdc52b37294f0514e,reading-task-tabular-5_post-task-question,1746234418931,1746234427053,8.122,0.13536666666666666,hjson
6675c40cdc52b37294f0514e,writing-task-tabular,1746234427248,1746235257791,830.543,13.842383333333334,hjson
6675c40cdc52b37294f0514e,writing-task-tabular_post-task-question,1746235258159,1746235267565,9.406,0.15676666666666667,hjson
6675c40cdc52b37294f0514e,modifying-task-tabular-1,1746235267755,1746235543167,275.412,4.590199999999999,hjson
6675c40cdc52b37294f0514e,modifying-task-tabular-1_post-task-question,1746235543504,1746235551355,7.851,0.13085,hjson
6675c40cdc52b37294f0514e,modifying-task-tabular-2,1746235551599,1746235644075,92.476,1.5412666666666666,hjson
6675c40cdc52b37294f0514e,modifying-task-tabular-2_post-task-question,1746235644408,1746235649351,4.943,0.08238333333333332,hjson
6675c40cdc52b37294f0514e,modifying-task-tabular-3,1746235649569,1746235722850,73.281,1.2213500000000002,hjson
6675c40cdc52b37294f0514e,modifying-task-tabular-3_post-task-question,1746235723188,1746235729374,6.186,0.1031,hjson
6675c40cdc52b37294f0514e,modifying-task-tabular-4,1746235729585,1746235939094,209.509,3.4918166666666663,hjson
6675c40cdc52b37294f0514e,modifying-task-tabular-4_post-task-question,1746235939448,1746235944746,5.298,0.0883,hjson
6675c40cdc52b37294f0514e,$nasa-tlx.co.nasa-tlx,1746235945130,1746235958400,13.27,0.22116666666666665,hjson
6675c40cdc52b37294f0514e,post-task-survey-tlx,1746235958794,1746236001871,43.077,0.71795,hjson
6675c40cdc52b37294f0514e,unqualified,0,-1,-0.001,-1.6666666666666667e-05,hjson
66781db404eab5e142f849d9,introduction,1746495749814,1746496092155,342.341,5.705683333333334,jsonc
66781db404eab5e142f849d9,qualifications,1746496093336,1746496223299,129.963,2.16605,jsonc
66781db404eab5e142f849d9,consent,1746496224334,1746496268247,43.913,0.7318833333333333,jsonc
66781db404eab5e142f849d9,task,1746496269550,1746496708808,439.258,7.320966666666666,jsonc
66781db404eab5e142f849d9,writing-task-NL,1746496709412,1746496999432,290.02,4.833666666666667,jsonc
66781db404eab5e142f849d9,writing-task-NL_post-task-question,1746497000425,1746497013099,12.674,0.21123333333333333,jsonc
66781db404eab5e142f849d9,tutorial-part1,1746497013633,1746497585099,571.466,9.524433333333333,jsonc
66781db404eab5e142f849d9,tutorial-part2,1746497585699,1746497712200,126.501,2.10835,jsonc
66781db404eab5e142f849d9,reading-task-tabular-1,1746497712786,1746497839704,126.918,2.1153,jsonc
66781db404eab5e142f849d9,reading-task-tabular-1_post-task-question,1746497840643,1746497873595,32.952,0.5492,jsonc
66781db404eab5e142f849d9,reading-task-tabular-2,1746497874153,1746498020342,146.189,2.4364833333333333,jsonc
66781db404eab5e142f849d9,reading-task-tabular-2_post-task-question,1746498021244,1746498028012,6.768,0.1128,jsonc
66781db404eab5e142f849d9,reading-task-tabular-3,1746498028506,1746498061279,32.773,0.5462166666666667,jsonc
66781db404eab5e142f849d9,reading-task-tabular-3_post-task-question,1746498062095,1746498069843,7.748,0.12913333333333335,jsonc
66781db404eab5e142f849d9,reading-task-tabular-4,1746498070391,1746498112975,42.584,0.7097333333333334,jsonc
66781db404eab5e142f849d9,reading-task-tabular-4_post-task-question,1746498113789,1746498120288,6.499,0.10831666666666666,jsonc
66781db404eab5e142f849d9,reading-task-tabular-5,1746498120884,1746498252513,131.629,2.1938166666666663,jsonc
66781db404eab5e142f849d9,reading-task-tabular-5_post-task-question,1746498253461,1746498262565,9.104,0.15173333333333333,jsonc
66781db404eab5e142f849d9,writing-task-tabular,1746498263102,1746499416847,1153.745,19.22908333333333,jsonc
66781db404eab5e142f849d9,writing-task-tabular_post-task-question,1746499418045,1746499430055,12.01,0.20016666666666666,jsonc
66781db404eab5e142f849d9,modifying-task-tabular-1,1746499430662,1746499734042,303.38,5.056333333333333,jsonc
66781db404eab5e142f849d9,modifying-task-tabular-1_post-task-question,1746499735222,1746499744739,9.517,0.15861666666666666,jsonc
66781db404eab5e142f849d9,modifying-task-tabular-2,1746499745382,1746499894213,148.831,2.4805166666666665,jsonc
66781db404eab5e142f849d9,modifying-task-tabular-2_post-task-question,1746499895182,1746499901339,6.157,0.10261666666666666,jsonc
66781db404eab5e142f849d9,modifying-task-tabular-3,1746499902041,1746500127889,225.848,3.7641333333333336,jsonc
66781db404eab5e142f849d9,modifying-task-tabular-3_post-task-question,1746500128882,1746500134647,5.765,0.09608333333333333,jsonc
66781db404eab5e142f849d9,modifying-task-tabular-4,1746500135294,1746500529024,393.73,6.562166666666667,jsonc
66781db404eab5e142f849d9,modifying-task-tabular-4_post-task-question,1746500530146,1746500535682,5.536,0.09226666666666666,jsonc
66781db404eab5e142f849d9,$nasa-tlx.co.nasa-tlx,1746500536794,1746500577162,40.368,0.6728000000000001,jsonc
66781db404eab5e142f849d9,post-task-survey-tlx,1746500578447,1746500657877,79.43,1.3238333333333334,jsonc
66781db404eab5e142f849d9,unqualified,0,-1,-0.001,-1.6666666666666667e-05,jsonc
667971a555af1f83d3f29ae7,introduction,1746494339809,1746494386893,47.084,0.7847333333333334,hjson
667971a555af1f83d3f29ae7,qualifications,1746494387074,1746494401570,14.496,0.2416,hjson
667971a555af1f83d3f29ae7,consent,1746494401728,1746494487710,85.982,1.4330333333333334,hjson
667971a555af1f83d3f29ae7,task,1746494487876,1746494549926,62.05,1.0341666666666667,hjson
667971a555af1f83d3f29ae7,writing-task-NL,1746494550050,1746494663817,113.767,1.8961166666666667,hjson
667971a555af1f83d3f29ae7,writing-task-NL_post-task-question,1746494664007,1746494675708,11.701,0.19501666666666667,hjson
667971a555af1f83d3f29ae7,tutorial-part1,1746494675777,1746494924577,248.8,4.1466666666666665,hjson
667971a555af1f83d3f29ae7,tutorial-part2,1746494924735,1746495016182,91.447,1.5241166666666668,hjson
667971a555af1f83d3f29ae7,reading-task-tabular-1,1746495016300,1746495093544,77.244,1.2874,hjson
667971a555af1f83d3f29ae7,reading-task-tabular-1_post-task-question,1746495093718,1746495100716,6.998,0.11663333333333334,hjson
667971a555af1f83d3f29ae7,reading-task-tabular-2,1746495100791,1746495144477,43.686,0.7281,hjson
667971a555af1f83d3f29ae7,reading-task-tabular-2_post-task-question,1746495144639,1746495149365,4.726,0.07876666666666667,hjson
667971a555af1f83d3f29ae7,reading-task-tabular-3,1746495149442,1746495183964,34.522,0.5753666666666667,hjson
667971a555af1f83d3f29ae7,reading-task-tabular-3_post-task-question,1746495184125,1746495187649,3.524,0.05873333333333333,hjson
667971a555af1f83d3f29ae7,reading-task-tabular-4,1746495187726,1746495216753,29.027,0.48378333333333334,hjson
667971a555af1f83d3f29ae7,reading-task-tabular-4_post-task-question,1746495216889,1746495224086,7.197,0.11995,hjson
667971a555af1f83d3f29ae7,reading-task-tabular-5,1746495224183,1746495303075,78.892,1.3148666666666666,hjson
667971a555af1f83d3f29ae7,reading-task-tabular-5_post-task-question,1746495303257,1746495306347,3.09,0.0515,hjson
667971a555af1f83d3f29ae7,writing-task-tabular,1746495306429,1746495611820,305.391,5.08985,hjson
667971a555af1f83d3f29ae7,writing-task-tabular_post-task-question,1746495612003,1746495620869,8.866,0.14776666666666666,hjson
667971a555af1f83d3f29ae7,modifying-task-tabular-1,1746495620942,1746495799495,178.553,2.9758833333333334,hjson
667971a555af1f83d3f29ae7,modifying-task-tabular-1_post-task-question,1746495799692,1746495803688,3.996,0.0666,hjson
667971a555af1f83d3f29ae7,modifying-task-tabular-2,1746495803769,1746495879405,75.636,1.2606,hjson
667971a555af1f83d3f29ae7,modifying-task-tabular-2_post-task-question,1746495879577,1746495885474,5.897,0.09828333333333333,hjson
667971a555af1f83d3f29ae7,modifying-task-tabular-3,1746495885583,1746496004010,118.427,1.9737833333333334,hjson
667971a555af1f83d3f29ae7,modifying-task-tabular-3_post-task-question,1746496004190,1746496009209,5.019,0.08365,hjson
667971a555af1f83d3f29ae7,modifying-task-tabular-4,1746496009328,1746496299606,290.278,4.837966666666667,hjson
667971a555af1f83d3f29ae7,modifying-task-tabular-4_post-task-question,1746496299818,1746496304923,5.105,0.08508333333333334,hjson
667971a555af1f83d3f29ae7,$nasa-tlx.co.nasa-tlx,1746496305145,1746496346448,41.303,0.6883833333333332,hjson
667971a555af1f83d3f29ae7,post-task-survey-tlx,1746496346682,1746496491507,144.825,2.41375,hjson
667971a555af1f83d3f29ae7,unqualified,0,-1,-0.001,-1.6666666666666667e-05,hjson
667983594f7d5d70a78c6e5a,introduction,1746143525239,1746143550310,25.071,0.41785,json
667983594f7d5d70a78c6e5a,qualifications,1746143550723,1746143611247,60.524,1.0087333333333333,json
667983594f7d5d70a78c6e5a,consent,1746143611628,1746143682238,70.61,1.1768333333333334,json
667983594f7d5d70a78c6e5a,task,1746143682617,1746143794067,111.45,1.8575000000000002,json
667983594f7d5d70a78c6e5a,writing-task-NL,1746143794320,1746144192623,398.303,6.6383833333333335,json
667983594f7d5d70a78c6e5a,writing-task-NL_post-task-question,1746144193071,1746144208257,15.186,0.2531,json
667983594f7d5d70a78c6e5a,tutorial-part1,1746144208485,1746144675614,467.129,7.7854833333333335,json
667983594f7d5d70a78c6e5a,tutorial-part2,1746144675885,1746144988148,312.263,5.204383333333333,json
667983594f7d5d70a78c6e5a,reading-task-tabular-1,1746144988411,1746145380401,391.99,6.533166666666667,json
667983594f7d5d70a78c6e5a,reading-task-tabular-1_post-task-question,1746145380804,1746145386155,5.351,0.08918333333333334,json
667983594f7d5d70a78c6e5a,reading-task-tabular-2,1746145386401,1746145490431,104.03,1.7338333333333333,json
667983594f7d5d70a78c6e5a,reading-task-tabular-2_post-task-question,1746145490830,1746145496644,5.814,0.0969,json
667983594f7d5d70a78c6e5a,reading-task-tabular-3,1746145496880,1746145529169,32.289,0.53815,json
667983594f7d5d70a78c6e5a,reading-task-tabular-3_post-task-question,1746145529565,1746145533533,3.968,0.06613333333333334,json
667983594f7d5d70a78c6e5a,reading-task-tabular-4,1746145533744,1746145575584,41.84,0.6973333333333334,json
667983594f7d5d70a78c6e5a,reading-task-tabular-4_post-task-question,1746145575976,1746145578611,2.635,0.043916666666666666,json
667983594f7d5d70a78c6e5a,reading-task-tabular-5,1746145578827,1746145678509,99.682,1.6613666666666667,json
667983594f7d5d70a78c6e5a,reading-task-tabular-5_post-task-question,1746145678914,1746145684962,6.048,0.1008,json
667983594f7d5d70a78c6e5a,writing-task-tabular,1746145685192,1746146674986,989.794,16.496566666666666,json
667983594f7d5d70a78c6e5a,writing-task-tabular_post-task-question,1746146675441,1746146684112,8.671,0.14451666666666665,json
667983594f7d5d70a78c6e5a,modifying-task-tabular-1,1746146684365,1746147205083,520.718,8.678633333333332,json
667983594f7d5d70a78c6e5a,modifying-task-tabular-1_post-task-question,1746147205496,1746147213831,8.335,0.1389166666666667,json
667983594f7d5d70a78c6e5a,modifying-task-tabular-2,1746147214062,1746147365124,151.062,2.5177,json
667983594f7d5d70a78c6e5a,modifying-task-tabular-2_post-task-question,1746147365532,1746147370402,4.87,0.08116666666666666,json
667983594f7d5d70a78c6e5a,modifying-task-tabular-3,1746147370666,1746147525157,154.491,2.57485,json
667983594f7d5d70a78c6e5a,modifying-task-tabular-3_post-task-question,1746147525826,1746147529799,3.973,0.06621666666666666,json
667983594f7d5d70a78c6e5a,modifying-task-tabular-4,1746147530193,1746147962423,432.23,7.203833333333334,json
667983594f7d5d70a78c6e5a,modifying-task-tabular-4_post-task-question,1746147963630,1746147969442,5.812,0.09686666666666667,json
667983594f7d5d70a78c6e5a,$nasa-tlx.co.nasa-tlx,1746147970496,1746148015231,44.735,0.7455833333333334,json
667983594f7d5d70a78c6e5a,post-task-survey-tlx,1746148016682,1746148302568,285.886,4.7647666666666675,json
667983594f7d5d70a78c6e5a,unqualified,0,-1,-0.001,-1.6666666666666667e-05,json
667ac09492ea0caadf488520,introduction,1746487972267,1746487992706,20.439,0.34065,json
667ac09492ea0caadf488520,qualifications,1746487993269,1746488005567,12.298,0.20496666666666666,json
667ac09492ea0caadf488520,consent,1746488006019,1746488071316,65.297,1.0882833333333333,json
667ac09492ea0caadf488520,task,1746488071975,1746488141869,69.894,1.1649,json
667ac09492ea0caadf488520,writing-task-NL,1746488142435,1746488435738,293.303,4.8883833333333335,json
667ac09492ea0caadf488520,writing-task-NL_post-task-question,1746488436276,1746488445594,9.318,0.1553,json
667ac09492ea0caadf488520,tutorial-part1,1746488445862,1746488934888,489.026,8.150433333333334,json
667ac09492ea0caadf488520,tutorial-part2,1746488935173,1746489141514,206.341,3.439016666666667,json
667ac09492ea0caadf488520,reading-task-tabular-1,1746489141734,1746489231720,89.986,1.4997666666666667,json
667ac09492ea0caadf488520,reading-task-tabular-1_post-task-question,1746489232124,1746489241450,9.326,0.15543333333333334,json
667ac09492ea0caadf488520,reading-task-tabular-2,1746489241760,1746489385584,143.824,2.397066666666667,json
667ac09492ea0caadf488520,reading-task-tabular-2_post-task-question,1746489385986,1746489399052,13.066,0.2177666666666667,json
667ac09492ea0caadf488520,reading-task-tabular-3,1746489399271,1746489508187,108.916,1.8152666666666666,json
667ac09492ea0caadf488520,reading-task-tabular-3_post-task-question,1746489508608,1746489515172,6.564,0.1094,json
667ac09492ea0caadf488520,reading-task-tabular-4,1746489515457,1746489547753,32.296,0.5382666666666667,json
667ac09492ea0caadf488520,reading-task-tabular-4_post-task-question,1746489548182,1746489560545,12.363,0.20604999999999998,json
667ac09492ea0caadf488520,reading-task-tabular-5,1746489560790,1746489646682,85.892,1.4315333333333333,json
667ac09492ea0caadf488520,reading-task-tabular-5_post-task-question,1746489647129,1746489653101,5.972,0.09953333333333333,json
667ac09492ea0caadf488520,writing-task-tabular,1746489653328,1746490256207,602.879,10.047983333333333,json
667ac09492ea0caadf488520,writing-task-tabular_post-task-question,1746490256764,1746490265352,8.588,0.1431333333333333,json
667ac09492ea0caadf488520,modifying-task-tabular-1,1746490265595,1746490460606,195.011,3.250183333333333,json
667ac09492ea0caadf488520,modifying-task-tabular-1_post-task-question,1746490461048,1746490469251,8.203,0.13671666666666665,json
667ac09492ea0caadf488520,modifying-task-tabular-2,1746490469512,1746490640075,170.563,2.8427166666666666,json
667ac09492ea0caadf488520,modifying-task-tabular-2_post-task-question,1746490640488,1746490648324,7.836,0.1306,json
667ac09492ea0caadf488520,modifying-task-tabular-3,1746490648559,1746490808188,159.629,2.660483333333333,json
667ac09492ea0caadf488520,modifying-task-tabular-3_post-task-question,1746490808741,1746490815671,6.93,0.11549999999999999,json
667ac09492ea0caadf488520,modifying-task-tabular-4,1746490816042,1746491131291,315.249,5.25415,json
667ac09492ea0caadf488520,modifying-task-tabular-4_post-task-question,1746491131881,1746491138443,6.562,0.10936666666666667,json
667ac09492ea0caadf488520,$nasa-tlx.co.nasa-tlx,1746491139098,1746491167698,28.6,0.4766666666666667,json
667ac09492ea0caadf488520,post-task-survey-tlx,1746491168445,1746491297070,128.625,2.14375,json
667ac09492ea0caadf488520,unqualified,0,-1,-0.001,-1.6666666666666667e-05,json
667c18ace97ab6869cb1c50e,introduction,1746383728618,1746384738206,1009.588,16.826466666666665,hjson
667c18ace97ab6869cb1c50e,qualifications,1746384738318,1746384746787,8.469,0.14115,hjson
667c18ace97ab6869cb1c50e,consent,1746384746887,1746384830989,84.102,1.4017000000000002,hjson
667c18ace97ab6869cb1c50e,task,1746384831088,1746384862888,31.8,0.53,hjson
667c18ace97ab6869cb1c50e,writing-task-NL,1746384862943,1746385044554,181.611,3.02685,hjson
667c18ace97ab6869cb1c50e,writing-task-NL_post-task-question,1746385044642,1746385050038,5.396,0.08993333333333334,hjson
667c18ace97ab6869cb1c50e,tutorial-part1,1746385050092,1746385435489,385.397,6.423283333333333,hjson
667c18ace97ab6869cb1c50e,tutorial-part2,1746385544938,1746385550291,5.353,0.08921666666666667,hjson
667c18ace97ab6869cb1c50e,reading-task-tabular-1,1746385550356,1746385614539,64.183,1.0697166666666669,hjson
667c18ace97ab6869cb1c50e,reading-task-tabular-1_post-task-question,1746385614643,1746385618605,3.962,0.06603333333333333,hjson
667c18ace97ab6869cb1c50e,reading-task-tabular-2,1746385618669,1746385676505,57.836,0.9639333333333333,hjson
667c18ace97ab6869cb1c50e,reading-task-tabular-2_post-task-question,1746385676602,1746385682023,5.421,0.09035,hjson
667c18ace97ab6869cb1c50e,reading-task-tabular-3,1746385682087,1746385720873,38.786,0.6464333333333333,hjson
667c18ace97ab6869cb1c50e,reading-task-tabular-3_post-task-question,1746385720960,1746385724322,3.362,0.05603333333333334,hjson
667c18ace97ab6869cb1c50e,reading-task-tabular-4,1746385724377,1746385745522,21.145,0.35241666666666666,hjson
667c18ace97ab6869cb1c50e,reading-task-tabular-4_post-task-question,1746385745609,1746385748505,2.896,0.048266666666666666,hjson
667c18ace97ab6869cb1c50e,reading-task-tabular-5,1746385748559,1746385786724,38.165,0.6360833333333333,hjson
667c18ace97ab6869cb1c50e,reading-task-tabular-5_post-task-question,1746385786809,1746385793855,7.046,0.11743333333333333,hjson
667c18ace97ab6869cb1c50e,writing-task-tabular,1746385793911,1746386333997,540.086,9.001433333333333,hjson
667c18ace97ab6869cb1c50e,writing-task-tabular_post-task-question,1746386334088,1746386340357,6.269,0.10448333333333333,hjson
667c18ace97ab6869cb1c50e,modifying-task-tabular-1,1746386340413,1746386432925,92.512,1.5418666666666667,hjson
667c18ace97ab6869cb1c50e,modifying-task-tabular-1_post-task-question,1746386433015,1746386438272,5.257,0.08761666666666666,hjson
667c18ace97ab6869cb1c50e,modifying-task-tabular-2,1746386438326,1746386517809,79.483,1.3247166666666668,hjson
667c18ace97ab6869cb1c50e,modifying-task-tabular-2_post-task-question,1746386517896,1746386522124,4.228,0.07046666666666666,hjson
667c18ace97ab6869cb1c50e,modifying-task-tabular-3,1746386522180,1746386572291,50.111,0.8351833333333333,hjson
667c18ace97ab6869cb1c50e,modifying-task-tabular-3_post-task-question,1746386572384,1746386575791,3.407,0.05678333333333333,hjson
667c18ace97ab6869cb1c50e,modifying-task-tabular-4,1746386575850,1746386858829,282.979,4.716316666666667,hjson
667c18ace97ab6869cb1c50e,modifying-task-tabular-4_post-task-question,1746386858930,1746386861973,3.043,0.05071666666666667,hjson
667c18ace97ab6869cb1c50e,$nasa-tlx.co.nasa-tlx,1746386862071,1746386887474,25.403,0.42338333333333333,hjson
667c18ace97ab6869cb1c50e,post-task-survey-tlx,1746386887607,1746386938839,51.232,0.8538666666666667,hjson
667c18ace97ab6869cb1c50e,unqualified,0,-1,-0.001,-1.6666666666666667e-05,hjson
667c2175b570aa694ce2f63c,introduction,1746394235209,1746394259185,23.976,0.3996,toml
667c2175b570aa694ce2f63c,qualifications,1746394259300,1746394267384,8.084,0.13473333333333332,toml
667c2175b570aa694ce2f63c,consent,1746394267471,1746394284696,17.225,0.28708333333333336,toml
667c2175b570aa694ce2f63c,task,1746394284788,1746394325320,40.532,0.6755333333333333,toml
667c2175b570aa694ce2f63c,writing-task-NL,1746394325401,1746394466531,141.13,2.3521666666666667,toml
667c2175b570aa694ce2f63c,writing-task-NL_post-task-question,1746394466624,1746394475839,9.215,0.15358333333333332,toml
667c2175b570aa694ce2f63c,tutorial-part1,1746394475899,1746394702926,227.027,3.783783333333333,toml
667c2175b570aa694ce2f63c,tutorial-part2,1746394703012,1746394920710,217.698,3.6283000000000003,toml
667c2175b570aa694ce2f63c,reading-task-tabular-1,1746394920814,1746395033934,113.12,1.8853333333333333,toml
667c2175b570aa694ce2f63c,reading-task-tabular-1_post-task-question,1746395034058,1746395046564,12.506,0.20843333333333333,toml
667c2175b570aa694ce2f63c,reading-task-tabular-2,1746395046627,1746395106812,60.185,1.0030833333333333,toml
667c2175b570aa694ce2f63c,reading-task-tabular-2_post-task-question,1746395106905,1746395113324,6.419,0.10698333333333333,toml
667c2175b570aa694ce2f63c,reading-task-tabular-3,1746395113386,1746395144076,30.69,0.5115000000000001,toml
667c2175b570aa694ce2f63c,reading-task-tabular-3_post-task-question,1746395144179,1746395148556,4.377,0.07295,toml
667c2175b570aa694ce2f63c,reading-task-tabular-4,1746395148620,1746395194493,45.873,0.76455,toml
667c2175b570aa694ce2f63c,reading-task-tabular-4_post-task-question,1746395194597,1746395197843,3.246,0.0541,toml
667c2175b570aa694ce2f63c,reading-task-tabular-5,1746395197894,1746395304347,106.453,1.7742166666666668,toml
667c2175b570aa694ce2f63c,reading-task-tabular-5_post-task-question,1746395304447,1746395309100,4.653,0.07755,toml
667c2175b570aa694ce2f63c,writing-task-tabular,1746395309157,1746395859624,550.467,9.17445,toml
667c2175b570aa694ce2f63c,writing-task-tabular_post-task-question,1746395859726,1746395869705,9.979,0.16631666666666664,toml
667c2175b570aa694ce2f63c,modifying-task-tabular-1,1746395869760,1746395983268,113.508,1.8918,toml
667c2175b570aa694ce2f63c,modifying-task-tabular-1_post-task-question,1746395983374,1746395995665,12.291,0.20485,toml
667c2175b570aa694ce2f63c,modifying-task-tabular-2,1746395995725,1746396094163,98.438,1.6406333333333334,toml
667c2175b570aa694ce2f63c,modifying-task-tabular-2_post-task-question,1746396094268,1746396099675,5.407,0.09011666666666666,toml
667c2175b570aa694ce2f63c,modifying-task-tabular-3,1746396099748,1746396177307,77.559,1.2926499999999999,toml
667c2175b570aa694ce2f63c,modifying-task-tabular-3_post-task-question,1746396177417,1746396182882,5.465,0.09108333333333334,toml
667c2175b570aa694ce2f63c,modifying-task-tabular-4,1746396364301,1746396438804,74.503,1.2417166666666666,toml
667c2175b570aa694ce2f63c,modifying-task-tabular-4_post-task-question,1746396438928,1746396443952,5.024,0.08373333333333334,toml
667c2175b570aa694ce2f63c,$nasa-tlx.co.nasa-tlx,1746396444068,1746396487978,43.91,0.7318333333333332,toml
667c2175b570aa694ce2f63c,post-task-survey-tlx,1746396488134,1746396584936,96.802,1.6133666666666668,toml
667c2175b570aa694ce2f63c,unqualified,0,-1,-0.001,-1.6666666666666667e-05,toml
6697c8b6d9d7baa7edd8c4d3,introduction,1745929453052,1745929519521,66.469,1.1078166666666667,hjson
6697c8b6d9d7baa7edd8c4d3,qualifications,1745929520062,1745929539272,19.21,0.32016666666666665,hjson
6697c8b6d9d7baa7edd8c4d3,consent,1745929539620,1745929653766,114.146,1.9024333333333334,hjson
6697c8b6d9d7baa7edd8c4d3,task,1745929653977,1745931386392,1732.415,28.873583333333332,hjson
6697c8b6d9d7baa7edd8c4d3,writing-task-NL,1745931386482,1745931539730,153.248,2.554133333333333,hjson
6697c8b6d9d7baa7edd8c4d3,writing-task-NL_post-task-question,1745931539867,1745931548160,8.293,0.13821666666666665,hjson
6697c8b6d9d7baa7edd8c4d3,tutorial-part1,1745931548236,1745931919020,370.784,6.179733333333333,hjson
6697c8b6d9d7baa7edd8c4d3,tutorial-part2,1745931919099,1745932019587,100.488,1.6748,hjson
6697c8b6d9d7baa7edd8c4d3,reading-task-tabular-1,1745932019678,1745932085734,66.056,1.1009333333333333,hjson
6697c8b6d9d7baa7edd8c4d3,reading-task-tabular-1_post-task-question,1745932085849,1745932093677,7.828,0.13046666666666668,hjson
6697c8b6d9d7baa7edd8c4d3,reading-task-tabular-2,1745932093752,1745932180509,86.757,1.44595,hjson
6697c8b6d9d7baa7edd8c4d3,reading-task-tabular-2_post-task-question,1745932180635,1745932198126,17.491,0.29151666666666665,hjson
6697c8b6d9d7baa7edd8c4d3,reading-task-tabular-3,1745932198203,1745932225018,26.815,0.4469166666666667,hjson
6697c8b6d9d7baa7edd8c4d3,reading-task-tabular-3_post-task-question,1745932225134,1745932235514,10.38,0.17300000000000001,hjson
6697c8b6d9d7baa7edd8c4d3,reading-task-tabular-4,1745932235588,1745932265601,30.013,0.5002166666666666,hjson
6697c8b6d9d7baa7edd8c4d3,reading-task-tabular-4_post-task-question,1745932265718,1745932275407,9.689,0.16148333333333334,hjson
6697c8b6d9d7baa7edd8c4d3,reading-task-tabular-5,1745932275492,1745932558730,283.238,4.720633333333334,hjson
6697c8b6d9d7baa7edd8c4d3,reading-task-tabular-5_post-task-question,1745932558854,1745932567122,8.268,0.1378,hjson
6697c8b6d9d7baa7edd8c4d3,writing-task-tabular,1745932567200,1745933142854,575.654,9.594233333333333,hjson
6697c8b6d9d7baa7edd8c4d3,writing-task-tabular_post-task-question,1745933142992,1745933151007,8.015,0.13358333333333333,hjson
6697c8b6d9d7baa7edd8c4d3,modifying-task-tabular-1,1745933151075,1745933462717,311.642,5.1940333333333335,hjson
6697c8b6d9d7baa7edd8c4d3,modifying-task-tabular-1_post-task-question,1745933462867,1745933472446,9.579,0.15965000000000001,hjson
6697c8b6d9d7baa7edd8c4d3,modifying-task-tabular-2,1745933472523,1745933563691,91.168,1.5194666666666667,hjson
6697c8b6d9d7baa7edd8c4d3,modifying-task-tabular-2_post-task-question,1745933563827,1745933569713,5.886,0.0981,hjson
6697c8b6d9d7baa7edd8c4d3,modifying-task-tabular-3,1745933569792,1745933692031,122.239,2.037316666666667,hjson
6697c8b6d9d7baa7edd8c4d3,modifying-task-tabular-3_post-task-question,1745933692166,1745933701589,9.423,0.15705,hjson
6697c8b6d9d7baa7edd8c4d3,modifying-task-tabular-4,1745933701669,1745933938010,236.341,3.939016666666667,hjson
6697c8b6d9d7baa7edd8c4d3,modifying-task-tabular-4_post-task-question,1745933938174,1745933947149,8.975,0.14958333333333332,hjson
6697c8b6d9d7baa7edd8c4d3,$nasa-tlx.co.nasa-tlx,1745933947314,1745933980430,33.116,0.5519333333333333,hjson
6697c8b6d9d7baa7edd8c4d3,post-task-survey-tlx,1745933980597,1745934152435,171.838,2.8639666666666668,hjson
6697c8b6d9d7baa7edd8c4d3,unqualified,0,-1,-0.001,-1.6666666666666667e-05,hjson
66992f58a7964f557fc75f58,introduction,1744920862214,1744920917197,54.983,0.9163833333333333,toml
66992f58a7964f557fc75f58,qualifications,1744920917396,1744920922514,5.118,0.0853,toml
66992f58a7964f557fc75f58,consent,1744920922685,1744920947486,24.801,0.41335,toml
66992f58a7964f557fc75f58,task,1744920947666,1744920949811,2.145,0.03575,toml
66992f58a7964f557fc75f58,writing-task-NL,1744920949902,1744921070102,120.2,2.0033333333333334,toml
66992f58a7964f557fc75f58,writing-task-NL_post-task-question,1744921070291,1744921076179,5.888,0.09813333333333334,toml
66992f58a7964f557fc75f58,tutorial-part1,1744921076274,1744921319942,243.668,4.061133333333333,toml
66992f58a7964f557fc75f58,tutorial-part2,1744921320046,1744921372828,52.782,0.8796999999999999,toml
66992f58a7964f557fc75f58,reading-task-tabular-1,1744921372929,1744921831408,458.479,7.6413166666666665,toml
66992f58a7964f557fc75f58,reading-task-tabular-1_post-task-question,1744921831563,1744921835127,3.564,0.0594,toml
66992f58a7964f557fc75f58,reading-task-tabular-2,1744921835211,1744921850879,15.668,0.26113333333333333,toml
66992f58a7964f557fc75f58,reading-task-tabular-2_post-task-question,1744921851033,1744921853248,2.215,0.03691666666666667,toml
66992f58a7964f557fc75f58,reading-task-tabular-3,1744921853340,1744923714570,1861.23,31.020500000000002,toml
66992f58a7964f557fc75f58,reading-task-tabular-3_post-task-question,1744923714737,1744923717353,2.616,0.0436,toml
66992f58a7964f557fc75f58,reading-task-tabular-4,1744923717438,1744923757129,39.691,0.6615166666666668,toml
66992f58a7964f557fc75f58,reading-task-tabular-4_post-task-question,1744923757271,1744923759835,2.564,0.04273333333333333,toml
66992f58a7964f557fc75f58,reading-task-tabular-5,1744923759913,1744924058275,298.362,4.972700000000001,toml
66992f58a7964f557fc75f58,reading-task-tabular-5_post-task-question,1744924058444,1744924062532,4.088,0.06813333333333334,toml
66992f58a7964f557fc75f58,writing-task-tabular,1744924062603,1744924254999,192.396,3.2066,toml
66992f58a7964f557fc75f58,writing-task-tabular_post-task-question,1744924255150,1744924259820,4.67,0.07783333333333334,toml
66992f58a7964f557fc75f58,modifying-task-tabular-1,1744924259904,1744924328533,68.629,1.1438166666666667,toml
66992f58a7964f557fc75f58,modifying-task-tabular-1_post-task-question,1744924328656,1744924333085,4.429,0.07381666666666667,toml
66992f58a7964f557fc75f58,modifying-task-tabular-2,1744924333163,1744924382526,49.363,0.8227166666666667,toml
66992f58a7964f557fc75f58,modifying-task-tabular-2_post-task-question,1744924382694,1744924385893,3.199,0.053316666666666665,toml
66992f58a7964f557fc75f58,modifying-task-tabular-3,1744924385976,1744924414198,28.222,0.4703666666666667,toml
66992f58a7964f557fc75f58,modifying-task-tabular-3_post-task-question,1744924414352,1744924418454,4.102,0.06836666666666667,toml
66992f58a7964f557fc75f58,modifying-task-tabular-4,1744924418541,1744924480014,61.473,1.02455,toml
66992f58a7964f557fc75f58,modifying-task-tabular-4_post-task-question,1744924480171,1744924482805,2.634,0.0439,toml
66992f58a7964f557fc75f58,$nasa-tlx.co.nasa-tlx,1744924482955,1744924492605,9.65,0.16083333333333333,toml
66992f58a7964f557fc75f58,post-task-survey-tlx,1744924492893,1744924517503,24.61,0.4101666666666667,toml
66992f58a7964f557fc75f58,unqualified,0,-1,-0.001,-1.6666666666666667e-05,toml
669a84e18da4349ece0ea67c,introduction,1746528804399,1746528849506,45.107,0.7517833333333334,xml
669a84e18da4349ece0ea67c,qualifications,1746528849602,1746528884871,35.269,0.5878166666666667,xml
669a84e18da4349ece0ea67c,consent,1746528884949,1746528918640,33.691,0.5615166666666667,xml
669a84e18da4349ece0ea67c,task,1746528918722,1746529116120,197.398,3.2899666666666665,xml
669a84e18da4349ece0ea67c,writing-task-NL,1746529116170,1746529329693,213.523,3.5587166666666668,xml
669a84e18da4349ece0ea67c,writing-task-NL_post-task-question,1746529329791,1746529341935,12.144,0.2024,xml
669a84e18da4349ece0ea67c,tutorial-part1,1746529341985,1746529408758,66.773,1.1128833333333332,xml
669a84e18da4349ece0ea67c,tutorial-part2,1746529408806,1746529471238,62.432,1.0405333333333333,xml
669a84e18da4349ece0ea67c,reading-task-tabular-1,1746529471302,1746529588981,117.679,1.9613166666666666,xml
669a84e18da4349ece0ea67c,reading-task-tabular-1_post-task-question,1746529589071,1746529596364,7.293,0.12155,xml
669a84e18da4349ece0ea67c,reading-task-tabular-2,1746529596411,1746529651039,54.628,0.9104666666666666,xml
669a84e18da4349ece0ea67c,reading-task-tabular-2_post-task-question,1746529651125,1746529674718,23.593,0.39321666666666666,xml
669a84e18da4349ece0ea67c,reading-task-tabular-3,1746529674770,1746529747276,72.506,1.2084333333333332,xml
669a84e18da4349ece0ea67c,reading-task-tabular-3_post-task-question,1746529747360,1746529755182,7.822,0.13036666666666666,xml
669a84e18da4349ece0ea67c,reading-task-tabular-4,1746529755234,1746529786650,31.416,0.5236,xml
669a84e18da4349ece0ea67c,reading-task-tabular-4_post-task-question,1746529786733,1746529791042,4.309,0.07181666666666667,xml
669a84e18da4349ece0ea67c,reading-task-tabular-5,1746529791093,1746529907841,116.748,1.9458,xml
669a84e18da4349ece0ea67c,reading-task-tabular-5_post-task-question,1746529907927,1746529913233,5.306,0.08843333333333334,xml
669a84e18da4349ece0ea67c,writing-task-tabular,1746529913281,1746530284734,371.453,6.190883333333333,xml
669a84e18da4349ece0ea67c,writing-task-tabular_post-task-question,1746530284820,1746530291882,7.062,0.1177,xml
669a84e18da4349ece0ea67c,modifying-task-tabular-1,1746530291930,1746530634777,342.847,5.7141166666666665,xml
669a84e18da4349ece0ea67c,modifying-task-tabular-1_post-task-question,1746530634878,1746530642166,7.288,0.12146666666666667,xml
669a84e18da4349ece0ea67c,modifying-task-tabular-2,1746530642222,1746530783313,141.091,2.351516666666667,xml
669a84e18da4349ece0ea67c,modifying-task-tabular-2_post-task-question,1746530783415,1746530787240,3.825,0.06375,xml
669a84e18da4349ece0ea67c,modifying-task-tabular-3,1746530787301,1746530859093,71.792,1.1965333333333334,xml
669a84e18da4349ece0ea67c,modifying-task-tabular-3_post-task-question,1746530859193,1746530863033,3.84,0.064,xml
669a84e18da4349ece0ea67c,modifying-task-tabular-4,1746530863095,1746531204727,341.632,5.693866666666667,xml
669a84e18da4349ece0ea67c,modifying-task-tabular-4_post-task-question,1746531204856,1746531209736,4.88,0.08133333333333333,xml
669a84e18da4349ece0ea67c,$nasa-tlx.co.nasa-tlx,1746531209853,1746531298992,89.139,1.48565,xml
669a84e18da4349ece0ea67c,post-task-survey-tlx,1746531299125,1746531379032,79.907,1.3317833333333333,xml
669a84e18da4349ece0ea67c,unqualified,0,-1,-0.001,-1.6666666666666667e-05,xml
669b961e1c9cf30a26bb57d2,introduction,1746231016131,1746231069040,52.909,0.8818166666666667,xml
669b961e1c9cf30a26bb57d2,qualifications,1746231069330,1746231083241,13.911,0.23185,xml
669b961e1c9cf30a26bb57d2,consent,1746231083530,1746231132171,48.641,0.8106833333333333,xml
669b961e1c9cf30a26bb57d2,task,1746231132452,1746231278913,146.461,2.441016666666667,xml
669b961e1c9cf30a26bb57d2,writing-task-NL,1746231279089,1746231465789,186.7,3.1116666666666664,xml
669b961e1c9cf30a26bb57d2,writing-task-NL_post-task-question,1746231466079,1746231472114,6.035,0.10058333333333333,xml
669b961e1c9cf30a26bb57d2,tutorial-part1,1746231472275,1746231738516,266.241,4.4373499999999995,xml
669b961e1c9cf30a26bb57d2,tutorial-part2,1746231738713,1746231885659,146.946,2.4491,xml
669b961e1c9cf30a26bb57d2,reading-task-tabular-1,1746231885832,1746231971698,85.866,1.4311,xml
669b961e1c9cf30a26bb57d2,reading-task-tabular-1_post-task-question,1746231972041,1746231983701,11.66,0.19433333333333333,xml
669b961e1c9cf30a26bb57d2,reading-task-tabular-2,1746231983907,1746232041463,57.556,0.9592666666666666,xml
669b961e1c9cf30a26bb57d2,reading-task-tabular-2_post-task-question,1746232041753,1746232053208,11.455,0.19091666666666668,xml
669b961e1c9cf30a26bb57d2,reading-task-tabular-3,1746232053392,1746232109877,56.485,0.9414166666666667,xml
669b961e1c9cf30a26bb57d2,reading-task-tabular-3_post-task-question,1746232110128,1746232118877,8.749,0.14581666666666668,xml
669b961e1c9cf30a26bb57d2,reading-task-tabular-4,1746232119027,1746232196350,77.323,1.2887166666666665,xml
669b961e1c9cf30a26bb57d2,reading-task-tabular-4_post-task-question,1746232196624,1746232202858,6.234,0.1039,xml
669b961e1c9cf30a26bb57d2,reading-task-tabular-5,1746232203007,1746232255467,52.46,0.8743333333333333,xml
669b961e1c9cf30a26bb57d2,reading-task-tabular-5_post-task-question,1746232255761,1746232263592,7.831,0.13051666666666667,xml
669b961e1c9cf30a26bb57d2,writing-task-tabular,1746232263758,1746232658791,395.033,6.5838833333333335,xml
669b961e1c9cf30a26bb57d2,writing-task-tabular_post-task-question,1746232659100,1746232665455,6.355,0.10591666666666667,xml
669b961e1c9cf30a26bb57d2,modifying-task-tabular-1,1746232665645,1746232882183,216.538,3.608966666666667,xml
669b961e1c9cf30a26bb57d2,modifying-task-tabular-1_post-task-question,1746232882443,1746232888476,6.033,0.10055,xml
669b961e1c9cf30a26bb57d2,modifying-task-tabular-2,1746232888652,1746232972374,83.722,1.3953666666666666,xml
669b961e1c9cf30a26bb57d2,modifying-task-tabular-2_post-task-question,1746232972636,1746232977587,4.951,0.08251666666666665,xml
669b961e1c9cf30a26bb57d2,modifying-task-tabular-3,1746232977745,1746233072460,94.715,1.5785833333333334,xml
669b961e1c9cf30a26bb57d2,modifying-task-tabular-3_post-task-question,1746233072740,1746233081273,8.533,0.14221666666666666,xml
669b961e1c9cf30a26bb57d2,modifying-task-tabular-4,1746233081426,1746233096970,15.544,0.25906666666666667,xml
669b961e1c9cf30a26bb57d2,modifying-task-tabular-4_post-task-question,1746233097331,1746233103855,6.524,0.10873333333333333,xml
669b961e1c9cf30a26bb57d2,$nasa-tlx.co.nasa-tlx,1746233104176,1746233137806,33.63,0.5605,xml
669b961e1c9cf30a26bb57d2,post-task-survey-tlx,1746233138150,1746233280408,142.258,2.370966666666667,xml
669b961e1c9cf30a26bb57d2,unqualified,0,-1,-0.001,-1.6666666666666667e-05,xml
66a662a0a709312db9de01f2,introduction,1746154508653,1746155539722,1031.069,17.184483333333333,jsonc
66a662a0a709312db9de01f2,qualifications,1746155540001,1746155594838,54.837,0.91395,jsonc
66a662a0a709312db9de01f2,consent,1746155595004,1746155614750,19.746,0.3291,jsonc
66a662a0a709312db9de01f2,task,1746155614954,1746156296926,681.972,11.3662,jsonc
66a662a0a709312db9de01f2,writing-task-NL,1746156297076,1746156544325,247.249,4.120816666666666,jsonc
66a662a0a709312db9de01f2,writing-task-NL_post-task-question,1746156553523,1746156572046,18.523,0.30871666666666664,jsonc
66a662a0a709312db9de01f2,tutorial-part1,1746156572165,1746156611100,38.935,0.6489166666666667,jsonc
66a662a0a709312db9de01f2,tutorial-part2,1746156611189,1746156649113,37.924,0.6320666666666667,jsonc
66a662a0a709312db9de01f2,reading-task-tabular-1,1746156649221,1746156718660,69.439,1.1573166666666665,jsonc
66a662a0a709312db9de01f2,reading-task-tabular-1_post-task-question,1746156718798,1746156729795,10.997,0.18328333333333333,jsonc
66a662a0a709312db9de01f2,reading-task-tabular-2,1746156729907,1746156830729,100.822,1.6803666666666668,jsonc
66a662a0a709312db9de01f2,reading-task-tabular-2_post-task-question,1746156830915,1746156839104,8.189,0.13648333333333335,jsonc
66a662a0a709312db9de01f2,reading-task-tabular-3,1746156839233,1746156899583,60.35,1.0058333333333334,jsonc
66a662a0a709312db9de01f2,reading-task-tabular-3_post-task-question,1746156899762,1746156909628,9.866,0.16443333333333332,jsonc
66a662a0a709312db9de01f2,reading-task-tabular-4,1746156909738,1746156991444,81.706,1.3617666666666668,jsonc
66a662a0a709312db9de01f2,reading-task-tabular-4_post-task-question,1746156991593,1746156999836,8.243,0.13738333333333333,jsonc
66a662a0a709312db9de01f2,reading-task-tabular-5,1746156999939,1746157036291,36.352,0.6058666666666667,jsonc
66a662a0a709312db9de01f2,reading-task-tabular-5_post-task-question,1746157036496,1746157041373,4.877,0.08128333333333333,jsonc
66a662a0a709312db9de01f2,writing-task-tabular,1746157041485,1746157357112,315.627,5.2604500000000005,jsonc
66a662a0a709312db9de01f2,writing-task-tabular_post-task-question,1746157357264,1746157377020,19.756,0.32926666666666665,jsonc
66a662a0a709312db9de01f2,modifying-task-tabular-1,1746157377160,1746157461864,84.704,1.4117333333333333,jsonc
66a662a0a709312db9de01f2,modifying-task-tabular-1_post-task-question,1746157462032,1746157473856,11.824,0.19706666666666667,jsonc
66a662a0a709312db9de01f2,modifying-task-tabular-2,1746157473979,1746157496831,22.852,0.3808666666666667,jsonc
66a662a0a709312db9de01f2,modifying-task-tabular-2_post-task-question,1746157497029,1746157503466,6.437,0.10728333333333334,jsonc
66a662a0a709312db9de01f2,modifying-task-tabular-3,1746157503581,1746157661254,157.673,2.6278833333333336,jsonc
66a662a0a709312db9de01f2,modifying-task-tabular-3_post-task-question,1746157661500,1746157681257,19.757,0.3292833333333334,jsonc
66a662a0a709312db9de01f2,modifying-task-tabular-4,1746157681439,1746157832658,151.219,2.5203166666666665,jsonc
66a662a0a709312db9de01f2,modifying-task-tabular-4_post-task-question,1746157832907,1746157842443,9.536,0.15893333333333332,jsonc
66a662a0a709312db9de01f2,$nasa-tlx.co.nasa-tlx,1746157842690,1746157869581,26.891,0.4481833333333333,jsonc
66a662a0a709312db9de01f2,post-task-survey-tlx,1746157869885,1746157957752,87.867,1.46445,jsonc
66a662a0a709312db9de01f2,unqualified,0,-1,-0.001,-1.6666666666666667e-05,jsonc
66a9285501ac98053902d481,introduction,1746383239007,1746383252479,13.472,0.22453333333333333,toml
66a9285501ac98053902d481,qualifications,1746383252644,1746383260441,7.797,0.12994999999999998,toml
66a9285501ac98053902d481,consent,1746383260589,1746383296507,35.918,0.5986333333333334,toml
66a9285501ac98053902d481,task,1746383296658,1746383343161,46.503,0.77505,toml
66a9285501ac98053902d481,writing-task-NL,1746383343240,1746383443989,100.749,1.67915,toml
66a9285501ac98053902d481,writing-task-NL_post-task-question,1746383444148,1746383450411,6.263,0.10438333333333333,toml
66a9285501ac98053902d481,tutorial-part1,1746383450486,1746383617620,167.134,2.7855666666666665,toml
66a9285501ac98053902d481,tutorial-part2,1746383617712,1746383732170,114.458,1.9076333333333333,toml
66a9285501ac98053902d481,reading-task-tabular-1,1746383732259,1746383777847,45.588,0.7598,toml
66a9285501ac98053902d481,reading-task-tabular-1_post-task-question,1746383777996,1746383781804,3.808,0.06346666666666666,toml
66a9285501ac98053902d481,reading-task-tabular-2,1746383781884,1746383815195,33.311,0.5551833333333334,toml
66a9285501ac98053902d481,reading-task-tabular-2_post-task-question,1746383815343,1746383818446,3.103,0.05171666666666667,toml
66a9285501ac98053902d481,reading-task-tabular-3,1746383818522,1746383838810,20.288,0.33813333333333334,toml
66a9285501ac98053902d481,reading-task-tabular-3_post-task-question,1746383838948,1746383842311,3.363,0.05605,toml
66a9285501ac98053902d481,reading-task-tabular-4,1746383842386,1746383865222,22.836,0.3806,toml
66a9285501ac98053902d481,reading-task-tabular-4_post-task-question,1746383865369,1746383867492,2.123,0.035383333333333336,toml
66a9285501ac98053902d481,reading-task-tabular-5,1746383867563,1746383951151,83.588,1.3931333333333333,toml
66a9285501ac98053902d481,reading-task-tabular-5_post-task-question,1746383951303,1746383953904,2.601,0.04335,toml
66a9285501ac98053902d481,writing-task-tabular,1746383953971,1746384720719,766.748,12.779133333333334,toml
66a9285501ac98053902d481,writing-task-tabular_post-task-question,1746384720889,1746384725412,4.523,0.07538333333333333,toml
66a9285501ac98053902d481,modifying-task-tabular-1,1746384725494,1746384821779,96.285,1.60475,toml
66a9285501ac98053902d481,modifying-task-tabular-1_post-task-question,1746384821944,1746384824074,2.13,0.0355,toml
66a9285501ac98053902d481,modifying-task-tabular-2,1746384824140,1746384921868,97.728,1.6287999999999998,toml
66a9285501ac98053902d481,modifying-task-tabular-2_post-task-question,1746384922035,1746384923863,1.828,0.030466666666666666,toml
66a9285501ac98053902d481,modifying-task-tabular-3,1746384923926,1746384955400,31.474,0.5245666666666666,toml
66a9285501ac98053902d481,modifying-task-tabular-3_post-task-question,1746384955583,1746384958893,3.31,0.05516666666666667,toml
66a9285501ac98053902d481,modifying-task-tabular-4,1746384958991,1746385164054,205.063,3.4177166666666663,toml
66a9285501ac98053902d481,modifying-task-tabular-4_post-task-question,1746385164227,1746385168532,4.305,0.07175,toml
66a9285501ac98053902d481,$nasa-tlx.co.nasa-tlx,1746385168703,1746385192381,23.678,0.39463333333333334,toml
66a9285501ac98053902d481,post-task-survey-tlx,1746385192623,1746385322144,129.521,2.1586833333333333,toml
66a9285501ac98053902d481,unqualified,0,-1,-0.001,-1.6666666666666667e-05,toml
66b0d065329001a04e5ae671,introduction,1746521364138,1746521458237,94.099,1.5683166666666668,json
66b0d065329001a04e5ae671,qualifications,1746521458798,1746521465992,7.194,0.11989999999999999,json
66b0d065329001a04e5ae671,consent,1746521466385,1746521532161,65.776,1.0962666666666665,json
66b0d065329001a04e5ae671,task,1746521532563,1746521611607,79.044,1.3174,json
66b0d065329001a04e5ae671,writing-task-NL,1746521611854,1746521930338,318.484,5.308066666666666,json
66b0d065329001a04e5ae671,writing-task-NL_post-task-question,1746521930810,1746521942711,11.901,0.19835,json
66b0d065329001a04e5ae671,tutorial-part1,1746521942955,1746522764858,821.903,13.698383333333334,json
66b0d065329001a04e5ae671,tutorial-part2,1746522765178,1746522916085,150.907,2.5151166666666667,json
66b0d065329001a04e5ae671,reading-task-tabular-1,1746522916340,1746522990565,74.225,1.2370833333333333,json
66b0d065329001a04e5ae671,reading-task-tabular-1_post-task-question,1746522991022,1746522998807,7.785,0.12975,json
66b0d065329001a04e5ae671,reading-task-tabular-2,1746522999162,1746523056125,56.963,0.9493833333333334,json
66b0d065329001a04e5ae671,reading-task-tabular-2_post-task-question,1746523056531,1746523058860,2.329,0.03881666666666667,json
66b0d065329001a04e5ae671,reading-task-tabular-3,1746523059087,1746523106461,47.374,0.7895666666666667,json
66b0d065329001a04e5ae671,reading-task-tabular-3_post-task-question,1746523106933,1746523110196,3.263,0.05438333333333333,json
66b0d065329001a04e5ae671,reading-task-tabular-4,1746523110424,1746523195349,84.925,1.4154166666666665,json
66b0d065329001a04e5ae671,reading-task-tabular-4_post-task-question,1746523195732,1746523198445,2.713,0.04521666666666667,json
66b0d065329001a04e5ae671,reading-task-tabular-5,1746523198678,1746523377509,178.831,2.9805166666666665,json
66b0d065329001a04e5ae671,reading-task-tabular-5_post-task-question,1746523377968,1746523380781,2.813,0.04688333333333334,json
66b0d065329001a04e5ae671,writing-task-tabular,1746523381062,1746525027779,1646.717,27.445283333333336,json
66b0d065329001a04e5ae671,writing-task-tabular_post-task-question,1746525028256,1746525033346,5.09,0.08483333333333333,json
66b0d065329001a04e5ae671,modifying-task-tabular-1,1746525033571,1746525835267,801.696,13.361600000000001,json
66b0d065329001a04e5ae671,modifying-task-tabular-1_post-task-question,1746525835750,1746525842040,6.29,0.10483333333333333,json
66b0d065329001a04e5ae671,modifying-task-tabular-2,1746525842344,1746525931387,89.043,1.48405,json
66b0d065329001a04e5ae671,modifying-task-tabular-2_post-task-question,1746525931793,1746525934601,2.808,0.046799999999999994,json
66b0d065329001a04e5ae671,modifying-task-tabular-3,1746525934848,1746525994536,59.688,0.9948,json
66b0d065329001a04e5ae671,modifying-task-tabular-3_post-task-question,1746525995025,1746525998848,3.823,0.06371666666666667,json
66b0d065329001a04e5ae671,modifying-task-tabular-4,1746525999173,1746526234477,235.304,3.9217333333333335,json
66b0d065329001a04e5ae671,modifying-task-tabular-4_post-task-question,1746526234920,1746526237874,2.954,0.04923333333333334,json
66b0d065329001a04e5ae671,$nasa-tlx.co.nasa-tlx,1746526238335,1746526266920,28.585,0.47641666666666665,json
66b0d065329001a04e5ae671,post-task-survey-tlx,1746526267592,1746526390872,123.28,2.054666666666667,json
66b0d065329001a04e5ae671,unqualified,0,-1,-0.001,-1.6666666666666667e-05,json
66b246951b9aefec80b7158a,introduction,1746230340455,1746230346077,5.622,0.09369999999999999,json
66b246951b9aefec80b7158a,qualifications,1746230346170,1746230351882,5.712,0.09519999999999999,json
66b246951b9aefec80b7158a,consent,1746230351967,1746230390549,38.582,0.6430333333333333,json
66b246951b9aefec80b7158a,task,1746230390654,1746230459362,68.708,1.1451333333333333,json
66b246951b9aefec80b7158a,writing-task-NL,1746230459425,1746230578812,119.387,1.9897833333333332,json
66b246951b9aefec80b7158a,writing-task-NL_post-task-question,1746230578957,1746230589616,10.659,0.17765,json
66b246951b9aefec80b7158a,tutorial-part1,1746230589675,1746230906662,316.987,5.283116666666667,json
66b246951b9aefec80b7158a,tutorial-part2,1746230906735,1746231082476,175.741,2.929016666666667,json
66b246951b9aefec80b7158a,reading-task-tabular-1,1746231082574,1746231154445,71.871,1.1978499999999999,json
66b246951b9aefec80b7158a,reading-task-tabular-1_post-task-question,1746231154551,1746231165671,11.12,0.18533333333333332,json
66b246951b9aefec80b7158a,reading-task-tabular-2,1746231165725,1746231193274,27.549,0.45915,json
66b246951b9aefec80b7158a,reading-task-tabular-2_post-task-question,1746231193368,1746231200318,6.95,0.11583333333333333,json
66b246951b9aefec80b7158a,reading-task-tabular-3,1746231200375,1746231222913,22.538,0.3756333333333333,json
66b246951b9aefec80b7158a,reading-task-tabular-3_post-task-question,1746231223003,1746231230819,7.816,0.13026666666666667,json
66b246951b9aefec80b7158a,reading-task-tabular-4,1746231230875,1746231257347,26.472,0.44120000000000004,json
66b246951b9aefec80b7158a,reading-task-tabular-4_post-task-question,1746231257434,1746231263480,6.046,0.10076666666666667,json
66b246951b9aefec80b7158a,reading-task-tabular-5,1746231263535,1746231327286,63.751,1.0625166666666666,json
66b246951b9aefec80b7158a,reading-task-tabular-5_post-task-question,1746231327389,1746231335252,7.863,0.13105,json
66b246951b9aefec80b7158a,writing-task-tabular,1746231335303,1746231913518,578.215,9.636916666666668,json
66b246951b9aefec80b7158a,writing-task-tabular_post-task-question,1746231913640,1746231918739,5.099,0.08498333333333334,json
66b246951b9aefec80b7158a,modifying-task-tabular-1,1746231918798,1746232008022,89.224,1.4870666666666668,json
66b246951b9aefec80b7158a,modifying-task-tabular-1_post-task-question,1746232008144,1746232015613,7.469,0.12448333333333333,json
66b246951b9aefec80b7158a,modifying-task-tabular-2,1746232015676,1746232102194,86.518,1.4419666666666666,json
66b246951b9aefec80b7158a,modifying-task-tabular-2_post-task-question,1746232102309,1746232109203,6.894,0.1149,json
66b246951b9aefec80b7158a,modifying-task-tabular-3,1746232109265,1746232161631,52.366,0.8727666666666667,json
66b246951b9aefec80b7158a,modifying-task-tabular-3_post-task-question,1746232161753,1746232168865,7.112,0.11853333333333334,json
66b246951b9aefec80b7158a,modifying-task-tabular-4,1746232168928,1746232493298,324.37,5.406166666666667,json
66b246951b9aefec80b7158a,modifying-task-tabular-4_post-task-question,1746232493451,1746232500686,7.235,0.12058333333333333,json
66b246951b9aefec80b7158a,$nasa-tlx.co.nasa-tlx,1746232500825,1746232575197,74.372,1.2395333333333334,json
66b246951b9aefec80b7158a,post-task-survey-tlx,1746232575389,1746233049997,474.608,7.9101333333333335,json
66b246951b9aefec80b7158a,unqualified,0,-1,-0.001,-1.6666666666666667e-05,json
66bb6b7e0ccbed81f3ed30a8,introduction,1746383422463,1746383430706,8.243,0.13738333333333333,xml
66bb6b7e0ccbed81f3ed30a8,qualifications,1746383430865,1746383442954,12.089,0.20148333333333335,xml
66bb6b7e0ccbed81f3ed30a8,consent,1746383443115,1746383477947,34.832,0.5805333333333333,xml
66bb6b7e0ccbed81f3ed30a8,task,1746383478127,1746383522586,44.459,0.7409833333333334,xml
66bb6b7e0ccbed81f3ed30a8,writing-task-NL,1746383522677,1746383659735,137.058,2.2843,xml
66bb6b7e0ccbed81f3ed30a8,writing-task-NL_post-task-question,1746383659911,1746383670314,10.403,0.17338333333333333,xml
66bb6b7e0ccbed81f3ed30a8,tutorial-part1,1746383670421,1746383774674,104.253,1.73755,xml
66bb6b7e0ccbed81f3ed30a8,tutorial-part2,1746383774753,1746383853530,78.777,1.31295,xml
66bb6b7e0ccbed81f3ed30a8,reading-task-tabular-1,1746383853607,1746384104098,250.491,4.17485,xml
66bb6b7e0ccbed81f3ed30a8,reading-task-tabular-1_post-task-question,1746384104237,1746384110778,6.541,0.10901666666666668,xml
66bb6b7e0ccbed81f3ed30a8,reading-task-tabular-2,1746384110847,1746384183234,72.387,1.20645,xml
66bb6b7e0ccbed81f3ed30a8,reading-task-tabular-2_post-task-question,1746384183383,1746384190770,7.387,0.12311666666666667,xml
66bb6b7e0ccbed81f3ed30a8,reading-task-tabular-3,1746384190836,1746384224954,34.118,0.5686333333333333,xml
66bb6b7e0ccbed81f3ed30a8,reading-task-tabular-3_post-task-question,1746384225102,1746384229386,4.284,0.07139999999999999,xml
66bb6b7e0ccbed81f3ed30a8,reading-task-tabular-4,1746384229451,1746384264442,34.991,0.5831833333333333,xml
66bb6b7e0ccbed81f3ed30a8,reading-task-tabular-4_post-task-question,1746384264599,1746384272506,7.907,0.13178333333333334,xml
66bb6b7e0ccbed81f3ed30a8,reading-task-tabular-5,1746384272578,1746384343634,71.056,1.1842666666666666,xml
66bb6b7e0ccbed81f3ed30a8,reading-task-tabular-5_post-task-question,1746384343792,1746384348618,4.826,0.08043333333333333,xml
66bb6b7e0ccbed81f3ed30a8,writing-task-tabular,1746384348679,1746385123374,774.695,12.911583333333335,xml
66bb6b7e0ccbed81f3ed30a8,writing-task-tabular_post-task-question,1746385123513,1746385129002,5.489,0.09148333333333333,xml
66bb6b7e0ccbed81f3ed30a8,modifying-task-tabular-1,1746385129078,1746385293667,164.589,2.74315,xml
66bb6b7e0ccbed81f3ed30a8,modifying-task-tabular-1_post-task-question,1746385293829,1746385297770,3.941,0.06568333333333333,xml
66bb6b7e0ccbed81f3ed30a8,modifying-task-tabular-2,1746385297845,1746385426803,128.958,2.1492999999999998,xml
66bb6b7e0ccbed81f3ed30a8,modifying-task-tabular-2_post-task-question,1746385426952,1746385433674,6.722,0.11203333333333335,xml
66bb6b7e0ccbed81f3ed30a8,modifying-task-tabular-3,1746385433750,1746385503122,69.372,1.1562,xml
66bb6b7e0ccbed81f3ed30a8,modifying-task-tabular-3_post-task-question,1746385503285,1746385506697,3.412,0.05686666666666666,xml
66bb6b7e0ccbed81f3ed30a8,modifying-task-tabular-4,1746385506774,1746385633997,127.223,2.1203833333333333,xml
66bb6b7e0ccbed81f3ed30a8,modifying-task-tabular-4_post-task-question,1746385634165,1746385638658,4.493,0.07488333333333334,xml
66bb6b7e0ccbed81f3ed30a8,$nasa-tlx.co.nasa-tlx,1746385638807,1746385660210,21.403,0.3567166666666666,xml
66bb6b7e0ccbed81f3ed30a8,post-task-survey-tlx,1746385660427,1746385731203,70.776,1.1796,xml
66bb6b7e0ccbed81f3ed30a8,unqualified,0,-1,-0.001,-1.6666666666666667e-05,xml
66cdfebcb908ea2717d06b6c,introduction,1746143259792,1746143293519,33.727,0.5621166666666666,hjson
66cdfebcb908ea2717d06b6c,qualifications,1746143294227,1746143319215,24.988,0.41646666666666665,hjson
66cdfebcb908ea2717d06b6c,consent,1746143319751,1746143360934,41.183,0.6863833333333333,hjson
66cdfebcb908ea2717d06b6c,task,1746143361664,1746143491949,130.285,2.1714166666666666,hjson
66cdfebcb908ea2717d06b6c,writing-task-NL,1746143492324,1746143637540,145.216,2.420266666666667,hjson
66cdfebcb908ea2717d06b6c,writing-task-NL_post-task-question,1746143638629,1746143649201,10.572,0.1762,hjson
66cdfebcb908ea2717d06b6c,tutorial-part1,1746143649480,1746143935037,285.557,4.759283333333333,hjson
66cdfebcb908ea2717d06b6c,tutorial-part2,1746143935294,1746144053466,118.172,1.9695333333333334,hjson
66cdfebcb908ea2717d06b6c,reading-task-tabular-1,1746144053941,1746144145684,91.743,1.52905,hjson
66cdfebcb908ea2717d06b6c,reading-task-tabular-1_post-task-question,1746144146600,1746144156044,9.444,0.1574,hjson
66cdfebcb908ea2717d06b6c,reading-task-tabular-2,1746144156303,1746144183287,26.984,0.4497333333333334,hjson
66cdfebcb908ea2717d06b6c,reading-task-tabular-2_post-task-question,1746144183897,1746144191921,8.024,0.13373333333333332,hjson
66cdfebcb908ea2717d06b6c,reading-task-tabular-3,1746144192229,1746144222946,30.717,0.51195,hjson
66cdfebcb908ea2717d06b6c,reading-task-tabular-3_post-task-question,1746144223491,1746144231517,8.026,0.13376666666666667,hjson
66cdfebcb908ea2717d06b6c,reading-task-tabular-4,1746144231922,1746144269413,37.491,0.62485,hjson
66cdfebcb908ea2717d06b6c,reading-task-tabular-4_post-task-question,1746144270082,1746144275372,5.29,0.08816666666666667,hjson
66cdfebcb908ea2717d06b6c,reading-task-tabular-5,1746144275663,1746144334305,58.642,0.9773666666666667,hjson
66cdfebcb908ea2717d06b6c,reading-task-tabular-5_post-task-question,1746144335026,1746144340161,5.135,0.08558333333333333,hjson
66cdfebcb908ea2717d06b6c,writing-task-tabular,1746144340538,1746144857279,516.741,8.61235,hjson
66cdfebcb908ea2717d06b6c,writing-task-tabular_post-task-question,1746144858584,1746144871849,13.265,0.22108333333333335,hjson
66cdfebcb908ea2717d06b6c,modifying-task-tabular-1,1746144872208,1746144966587,94.379,1.5729833333333334,hjson
66cdfebcb908ea2717d06b6c,modifying-task-tabular-1_post-task-question,1746144967169,1746144974542,7.373,0.12288333333333333,hjson
66cdfebcb908ea2717d06b6c,modifying-task-tabular-2,1746144974867,1746145036041,61.174,1.0195666666666667,hjson
66cdfebcb908ea2717d06b6c,modifying-task-tabular-2_post-task-question,1746145036465,1746145041074,4.609,0.07681666666666667,hjson
66cdfebcb908ea2717d06b6c,modifying-task-tabular-3,1746145041372,1746145119568,78.196,1.3032666666666666,hjson
66cdfebcb908ea2717d06b6c,modifying-task-tabular-3_post-task-question,1746145120597,1746145124566,3.969,0.06615,hjson
66cdfebcb908ea2717d06b6c,modifying-task-tabular-4,1746145124812,1746145386059,261.247,4.354116666666667,hjson
66cdfebcb908ea2717d06b6c,modifying-task-tabular-4_post-task-question,1746145387007,1746145397195,10.188,0.1698,hjson
66cdfebcb908ea2717d06b6c,$nasa-tlx.co.nasa-tlx,1746145397863,1746145485836,87.973,1.4662166666666667,hjson
66cdfebcb908ea2717d06b6c,post-task-survey-tlx,1746145486601,1746145624303,137.702,2.2950333333333335,hjson
66cdfebcb908ea2717d06b6c,unqualified,0,-1,-0.001,-1.6666666666666667e-05,hjson
671a519900a99ebc15a67672,introduction,1746387038301,1746387104958,66.657,1.1109499999999999,yaml
671a519900a99ebc15a67672,qualifications,1746387105972,1746387418573,312.601,5.210016666666666,yaml
671a519900a99ebc15a67672,consent,1746387419573,1746387483967,64.394,1.0732333333333335,yaml
671a519900a99ebc15a67672,task,1746387484880,1746387579880,95.0,1.5833333333333333,yaml
671a519900a99ebc15a67672,writing-task-NL,1746387580467,1746388638940,1058.473,17.641216666666665,yaml
671a519900a99ebc15a67672,writing-task-NL_post-task-question,1746388640149,1746388652915,12.766,0.21276666666666666,yaml
671a519900a99ebc15a67672,tutorial-part1,1746388653557,1746389016132,362.575,6.042916666666667,yaml
671a519900a99ebc15a67672,tutorial-part2,1746389016806,1746389315968,299.162,4.986033333333333,yaml
671a519900a99ebc15a67672,reading-task-tabular-1,1746389316642,1746389416499,99.857,1.6642833333333333,yaml
671a519900a99ebc15a67672,reading-task-tabular-1_post-task-question,1746389417605,1746389431928,14.323,0.23871666666666666,yaml
671a519900a99ebc15a67672,reading-task-tabular-2,1746389432579,1746389548343,115.764,1.9294,yaml
671a519900a99ebc15a67672,reading-task-tabular-2_post-task-question,1746389549466,1746389556891,7.425,0.12375,yaml
671a519900a99ebc15a67672,reading-task-tabular-3,1746389557537,1746389705202,147.665,2.4610833333333333,yaml
671a519900a99ebc15a67672,reading-task-tabular-3_post-task-question,1746389706423,1746389714768,8.345,0.13908333333333334,yaml
671a519900a99ebc15a67672,reading-task-tabular-4,1746389715416,1746389802514,87.098,1.4516333333333333,yaml
671a519900a99ebc15a67672,reading-task-tabular-4_post-task-question,1746389803737,1746389810561,6.824,0.11373333333333333,yaml
671a519900a99ebc15a67672,reading-task-tabular-5,1746389811216,1746389920742,109.526,1.8254333333333332,yaml
671a519900a99ebc15a67672,reading-task-tabular-5_post-task-question,1746389921783,1746389934591,12.808,0.21346666666666667,yaml
671a519900a99ebc15a67672,writing-task-tabular,1746389935249,1746391775047,1839.798,30.6633,yaml
671a519900a99ebc15a67672,writing-task-tabular_post-task-question,1746391776359,1746391786891,10.532,0.17553333333333335,yaml
671a519900a99ebc15a67672,modifying-task-tabular-1,1746391787547,1746392645940,858.393,14.30655,yaml
671a519900a99ebc15a67672,modifying-task-tabular-1_post-task-question,1746392647059,1746392657353,10.294,0.17156666666666667,yaml
671a519900a99ebc15a67672,modifying-task-tabular-2,1746392658094,1746392998226,340.132,5.668866666666667,yaml
671a519900a99ebc15a67672,modifying-task-tabular-2_post-task-question,1746392999468,1746393007220,7.752,0.1292,yaml
671a519900a99ebc15a67672,modifying-task-tabular-3,1746393007968,1746393777756,769.788,12.8298,yaml
671a519900a99ebc15a67672,modifying-task-tabular-3_post-task-question,1746393779022,1746393791168,12.146,0.20243333333333335,yaml
671a519900a99ebc15a67672,modifying-task-tabular-4,1746393791920,1746394521220,729.3,12.155,yaml
671a519900a99ebc15a67672,modifying-task-tabular-4_post-task-question,1746394522609,1746394535751,13.142,0.21903333333333333,yaml
671a519900a99ebc15a67672,$nasa-tlx.co.nasa-tlx,1746394537103,1746394580366,43.263,0.72105,yaml
671a519900a99ebc15a67672,post-task-survey-tlx,1746394581764,1746394896320,314.556,5.2425999999999995,yaml
671a519900a99ebc15a67672,unqualified,0,-1,-0.001,-1.6666666666666667e-05,yaml
671b65fe04c301eb14263ba5,introduction,1746144838879,1746145371825,532.946,8.882433333333333,toml
671b65fe04c301eb14263ba5,qualifications,1746145372308,1746145388320,16.012,0.2668666666666667,toml
671b65fe04c301eb14263ba5,consent,1746145388667,1746145413696,25.029,0.41715,toml
671b65fe04c301eb14263ba5,task,1746145414044,1746145505078,91.034,1.5172333333333334,toml
671b65fe04c301eb14263ba5,writing-task-NL,1746145505267,1746145739066,233.799,3.89665,toml
671b65fe04c301eb14263ba5,writing-task-NL_post-task-question,1746145739478,1746145751729,12.251,0.20418333333333333,toml
671b65fe04c301eb14263ba5,tutorial-part1,1746145751968,1746146154021,402.053,6.7008833333333335,toml
671b65fe04c301eb14263ba5,tutorial-part2,1746146154246,1746146400839,246.593,4.109883333333333,toml
671b65fe04c301eb14263ba5,reading-task-tabular-1,1746146401064,1746146463982,62.918,1.0486333333333333,toml
671b65fe04c301eb14263ba5,reading-task-tabular-1_post-task-question,1746146464315,1746146472046,7.731,0.12885,toml
671b65fe04c301eb14263ba5,reading-task-tabular-2,1746146472230,1746146549850,77.62,1.2936666666666667,toml
671b65fe04c301eb14263ba5,reading-task-tabular-2_post-task-question,1746146550158,1746146556660,6.502,0.10836666666666667,toml
671b65fe04c301eb14263ba5,reading-task-tabular-3,1746146556844,1746146599871,43.027,0.7171166666666667,toml
671b65fe04c301eb14263ba5,reading-task-tabular-3_post-task-question,1746146600187,1746146608356,8.169,0.13615000000000002,toml
671b65fe04c301eb14263ba5,reading-task-tabular-4,1746146608529,1746146640500,31.971,0.53285,toml
671b65fe04c301eb14263ba5,reading-task-tabular-4_post-task-question,1746146640824,1746146646279,5.455,0.09091666666666667,toml
671b65fe04c301eb14263ba5,reading-task-tabular-5,1746146646458,1746146706637,60.179,1.0029833333333333,toml
671b65fe04c301eb14263ba5,reading-task-tabular-5_post-task-question,1746146706944,1746146712932,5.988,0.09980000000000001,toml
671b65fe04c301eb14263ba5,writing-task-tabular,1746146713118,1746147404823,691.705,11.528416666666667,toml
671b65fe04c301eb14263ba5,writing-task-tabular_post-task-question,1746147405144,1746147414361,9.217,0.15361666666666668,toml
671b65fe04c301eb14263ba5,modifying-task-tabular-1,1746147414517,1746147629661,215.144,3.585733333333333,toml
671b65fe04c301eb14263ba5,modifying-task-tabular-1_post-task-question,1746147630004,1746147639020,9.016,0.15026666666666666,toml
671b65fe04c301eb14263ba5,modifying-task-tabular-2,1746147639217,1746147921340,282.123,4.70205,toml
671b65fe04c301eb14263ba5,modifying-task-tabular-2_post-task-question,1746147921721,1746147929693,7.972,0.13286666666666666,toml
671b65fe04c301eb14263ba5,modifying-task-tabular-3,1746147929887,1746148111646,181.759,3.0293166666666664,toml
671b65fe04c301eb14263ba5,modifying-task-tabular-3_post-task-question,1746148112081,1746148117055,4.974,0.0829,toml
671b65fe04c301eb14263ba5,modifying-task-tabular-4,1746148117322,1746148264685,147.363,2.45605,toml
671b65fe04c301eb14263ba5,modifying-task-tabular-4_post-task-question,1746148265125,1746148271565,6.44,0.10733333333333334,toml
671b65fe04c301eb14263ba5,$nasa-tlx.co.nasa-tlx,1746148271985,1746148313385,41.4,0.69,toml
671b65fe04c301eb14263ba5,post-task-survey-tlx,1746148313906,1746148632044,318.138,5.3023,toml
671b65fe04c301eb14263ba5,unqualified,0,-1,-0.001,-1.6666666666666667e-05,toml
672003022f1b667a20157c45,introduction,1745928700526,1745928711998,11.472,0.19119999999999998,yaml
672003022f1b667a20157c45,qualifications,1745928712057,1745928726210,14.153,0.23588333333333333,yaml
672003022f1b667a20157c45,consent,1745928726294,1745928745320,19.026,0.3171,yaml
672003022f1b667a20157c45,task,1745928745390,1745928786720,41.33,0.6888333333333333,yaml
672003022f1b667a20157c45,writing-task-NL,1745928786763,1745928909549,122.786,2.0464333333333333,yaml
672003022f1b667a20157c45,writing-task-NL_post-task-question,1745928909616,1745928920357,10.741,0.17901666666666666,yaml
672003022f1b667a20157c45,tutorial-part1,1745928920408,1745929110830,190.422,3.1736999999999997,yaml
672003022f1b667a20157c45,tutorial-part2,1745929110882,1745929167023,56.141,0.9356833333333333,yaml
672003022f1b667a20157c45,reading-task-tabular-1,1745929167074,1745929208937,41.863,0.6977166666666667,yaml
672003022f1b667a20157c45,reading-task-tabular-1_post-task-question,1745929209011,1745929222066,13.055,0.21758333333333332,yaml
672003022f1b667a20157c45,reading-task-tabular-2,1745929222116,1745929290648,68.532,1.1421999999999999,yaml
672003022f1b667a20157c45,reading-task-tabular-2_post-task-question,1745929290722,1745929295239,4.517,0.07528333333333334,yaml
672003022f1b667a20157c45,reading-task-tabular-3,1745929295270,1745929330780,35.51,0.5918333333333333,yaml
672003022f1b667a20157c45,reading-task-tabular-3_post-task-question,1745929330856,1745929333528,2.672,0.044533333333333334,yaml
672003022f1b667a20157c45,reading-task-tabular-4,1745929333569,1745929401492,67.923,1.13205,yaml
672003022f1b667a20157c45,reading-task-tabular-4_post-task-question,1745929401567,1745929404875,3.308,0.05513333333333333,yaml
672003022f1b667a20157c45,reading-task-tabular-5,1745929404913,1745929435876,30.963,0.51605,yaml
672003022f1b667a20157c45,reading-task-tabular-5_post-task-question,1745929435949,1745929438669,2.72,0.04533333333333334,yaml
672003022f1b667a20157c45,writing-task-tabular,1745929438714,1745929719213,280.499,4.6749833333333335,yaml
672003022f1b667a20157c45,writing-task-tabular_post-task-question,1745929719284,1745929725982,6.698,0.11163333333333333,yaml
672003022f1b667a20157c45,modifying-task-tabular-1,1745929726030,1745929825299,99.269,1.6544833333333335,yaml
672003022f1b667a20157c45,modifying-task-tabular-1_post-task-question,1745929825368,1745929828566,3.198,0.0533,yaml
672003022f1b667a20157c45,modifying-task-tabular-2,1745929828612,1745929891682,63.07,1.0511666666666666,yaml
672003022f1b667a20157c45,modifying-task-tabular-2_post-task-question,1745929891760,1745929894759,2.999,0.04998333333333334,yaml
672003022f1b667a20157c45,modifying-task-tabular-3,1745929894810,1745929984509,89.699,1.4949833333333333,yaml
672003022f1b667a20157c45,modifying-task-tabular-3_post-task-question,1745929984580,1745929987156,2.576,0.04293333333333334,yaml
672003022f1b667a20157c45,modifying-task-tabular-4,1745929987186,1745930212215,225.029,3.7504833333333334,yaml
672003022f1b667a20157c45,modifying-task-tabular-4_post-task-question,1745930212304,1745930215531,3.227,0.05378333333333333,yaml
672003022f1b667a20157c45,$nasa-tlx.co.nasa-tlx,1745930215601,1745930235964,20.363,0.3393833333333333,yaml
672003022f1b667a20157c45,post-task-survey-tlx,1745930236061,1745930388947,152.886,2.5481,yaml
672003022f1b667a20157c45,unqualified,0,-1,-0.001,-1.6666666666666667e-05,yaml
672ca6c0324ac26cdc0dd298,introduction,1746522254757,1746522270098,15.341,0.2556833333333333,json5
672ca6c0324ac26cdc0dd298,qualifications,1746522270237,1746522282505,12.268,0.20446666666666669,json5
672ca6c0324ac26cdc0dd298,consent,1746522282634,1746522304827,22.193,0.36988333333333334,json5
672ca6c0324ac26cdc0dd298,task,1746522304944,1746522374686,69.742,1.1623666666666668,json5
672ca6c0324ac26cdc0dd298,writing-task-NL,1746522374780,1746522739219,364.439,6.0739833333333335,json5
672ca6c0324ac26cdc0dd298,writing-task-NL_post-task-question,1746522739368,1746522749059,9.691,0.16151666666666667,json5
672ca6c0324ac26cdc0dd298,tutorial-part1,1746522749122,1746522921935,172.813,2.8802166666666666,json5
672ca6c0324ac26cdc0dd298,tutorial-part2,1746522922024,1746522988338,66.314,1.1052333333333333,json5
672ca6c0324ac26cdc0dd298,reading-task-tabular-1,1746522988434,1746523018304,29.87,0.49783333333333335,json5
672ca6c0324ac26cdc0dd298,reading-task-tabular-1_post-task-question,1746523018416,1746523027110,8.694,0.1449,json5
672ca6c0324ac26cdc0dd298,reading-task-tabular-2,1746523027189,1746523085155,57.966,0.9661000000000001,json5
672ca6c0324ac26cdc0dd298,reading-task-tabular-2_post-task-question,1746523085267,1746523095626,10.359,0.17265,json5
672ca6c0324ac26cdc0dd298,reading-task-tabular-3,1746523095696,1746523145582,49.886,0.8314333333333334,json5
672ca6c0324ac26cdc0dd298,reading-task-tabular-3_post-task-question,1746523145733,1746523155469,9.736,0.16226666666666667,json5
672ca6c0324ac26cdc0dd298,reading-task-tabular-4,1746523155541,1746523244385,88.844,1.4807333333333332,json5
672ca6c0324ac26cdc0dd298,reading-task-tabular-4_post-task-question,1746523244519,1746523254237,9.718,0.16196666666666668,json5
672ca6c0324ac26cdc0dd298,reading-task-tabular-5,1746523254305,1746523363219,108.914,1.8152333333333333,json5
672ca6c0324ac26cdc0dd298,reading-task-tabular-5_post-task-question,1746523363366,1746523368615,5.249,0.08748333333333333,json5
672ca6c0324ac26cdc0dd298,writing-task-tabular,1746523368698,1746524056739,688.041,11.467350000000001,json5
672ca6c0324ac26cdc0dd298,writing-task-tabular_post-task-question,1746524056917,1746524064879,7.962,0.13269999999999998,json5
672ca6c0324ac26cdc0dd298,modifying-task-tabular-1,1746524064945,1746524258921,193.976,3.2329333333333334,json5
672ca6c0324ac26cdc0dd298,modifying-task-tabular-1_post-task-question,1746524259090,1746524267280,8.19,0.13649999999999998,json5
672ca6c0324ac26cdc0dd298,modifying-task-tabular-2,1746524267359,1746524481583,214.224,3.5704,json5
672ca6c0324ac26cdc0dd298,modifying-task-tabular-2_post-task-question,1746524481753,1746524488614,6.861,0.11435,json5
672ca6c0324ac26cdc0dd298,modifying-task-tabular-3,1746524488690,1746524542030,53.34,0.889,json5
672ca6c0324ac26cdc0dd298,modifying-task-tabular-3_post-task-question,1746524542206,1746524548086,5.88,0.098,json5
672ca6c0324ac26cdc0dd298,modifying-task-tabular-4,1746524548180,1746524794770,246.59,4.1098333333333334,json5
672ca6c0324ac26cdc0dd298,modifying-task-tabular-4_post-task-question,1746524794928,1746524803101,8.173,0.13621666666666668,json5
672ca6c0324ac26cdc0dd298,$nasa-tlx.co.nasa-tlx,1746524803248,1746524835741,32.493,0.5415500000000001,json5
672ca6c0324ac26cdc0dd298,post-task-survey-tlx,1746524835931,1746524966034,130.103,2.1683833333333333,json5
672ca6c0324ac26cdc0dd298,unqualified,0,-1,-0.001,-1.6666666666666667e-05,json5
672d98919cc177d28c204e76,introduction,1744920448476,1744920493049,44.573,0.7428833333333333,json5
672d98919cc177d28c204e76,qualifications,1744920493262,1744920502825,9.563,0.15938333333333335,json5
672d98919cc177d28c204e76,consent,1744920503020,1744920557113,54.093,0.9015500000000001,json5
672d98919cc177d28c204e76,task,1744920557318,1744920602793,45.475,0.7579166666666667,json5
672d98919cc177d28c204e76,writing-task-NL,1744920602903,1744920731545,128.642,2.1440333333333332,json5
672d98919cc177d28c204e76,writing-task-NL_post-task-question,1744920731861,1744920739497,7.636,0.12726666666666667,json5
672d98919cc177d28c204e76,tutorial-part1,1744920739597,1744921089497,349.9,5.831666666666666,json5
672d98919cc177d28c204e76,tutorial-part2,1744921089624,1744921174320,84.696,1.4116,json5
672d98919cc177d28c204e76,reading-task-tabular-1,1744921174446,1744921210200,35.754,0.5959,json5
672d98919cc177d28c204e76,reading-task-tabular-1_post-task-question,1744921210396,1744921223336,12.94,0.21566666666666665,json5
672d98919cc177d28c204e76,reading-task-tabular-2,1744921223456,1744921317217,93.761,1.5626833333333332,json5
672d98919cc177d28c204e76,reading-task-tabular-2_post-task-question,1744921317409,1744921328944,11.535,0.19225,json5
672d98919cc177d28c204e76,reading-task-tabular-3,1744921329054,1744921379624,50.57,0.8428333333333333,json5
672d98919cc177d28c204e76,reading-task-tabular-3_post-task-question,1744921379819,1744921385992,6.173,0.10288333333333334,json5
672d98919cc177d28c204e76,reading-task-tabular-4,1744921386102,1744921411288,25.186,0.4197666666666667,json5
672d98919cc177d28c204e76,reading-task-tabular-4_post-task-question,1744921411469,1744921416136,4.667,0.07778333333333333,json5
672d98919cc177d28c204e76,reading-task-tabular-5,1744921416245,1744921476249,60.004,1.0000666666666667,json5
672d98919cc177d28c204e76,reading-task-tabular-5_post-task-question,1744921476433,1744921481720,5.287,0.08811666666666666,json5
672d98919cc177d28c204e76,writing-task-tabular,1744921481823,1744922400596,918.773,15.312883333333334,json5
672d98919cc177d28c204e76,writing-task-tabular_post-task-question,1744922400824,1744922409823,8.999,0.14998333333333333,json5
672d98919cc177d28c204e76,modifying-task-tabular-1,1744922409936,1744922587258,177.322,2.955366666666667,json5
672d98919cc177d28c204e76,modifying-task-tabular-1_post-task-question,1744922587575,1744922595759,8.184,0.1364,json5
672d98919cc177d28c204e76,modifying-task-tabular-2,1744922595879,1744922691512,95.633,1.5938833333333333,json5
672d98919cc177d28c204e76,modifying-task-tabular-2_post-task-question,1744922691775,1744922700567,8.792,0.14653333333333332,json5
672d98919cc177d28c204e76,modifying-task-tabular-3,1744922700737,1744922815960,115.223,1.9203833333333333,json5
672d98919cc177d28c204e76,modifying-task-tabular-3_post-task-question,1744922816211,1744922824271,8.06,0.13433333333333333,json5
672d98919cc177d28c204e76,modifying-task-tabular-4,1744922824399,1744923353654,529.255,8.820916666666667,json5
672d98919cc177d28c204e76,modifying-task-tabular-4_post-task-question,1744923353947,1744923363086,9.139,0.15231666666666666,json5
672d98919cc177d28c204e76,$nasa-tlx.co.nasa-tlx,1744923363361,1744923419462,56.101,0.9350166666666666,json5
672d98919cc177d28c204e76,post-task-survey-tlx,1744923419757,1744923461294,41.537,0.6922833333333334,json5
672d98919cc177d28c204e76,unqualified,0,-1,-0.001,-1.6666666666666667e-05,json5
6734346ca8e90c2da6fb4509,introduction,1747334274512,1747334305261,30.749,0.5124833333333333,jsonc
6734346ca8e90c2da6fb4509,qualifications,1747334305369,1747334309410,4.041,0.06735000000000001,jsonc
6734346ca8e90c2da6fb4509,consent,1747334309473,1747334349955,40.482,0.6747,jsonc
6734346ca8e90c2da6fb4509,task,1747334350047,1747334388868,38.821,0.6470166666666667,jsonc
6734346ca8e90c2da6fb4509,writing-task-NL,1747334388912,1747334540344,151.432,2.5238666666666663,jsonc
6734346ca8e90c2da6fb4509,writing-task-NL_post-task-question,1747334540438,1747334547881,7.443,0.12405,jsonc
6734346ca8e90c2da6fb4509,tutorial-part1,1747334571315,1747334850046,278.731,4.6455166666666665,jsonc
6734346ca8e90c2da6fb4509,tutorial-part2,1747334850112,1747334901061,50.949,0.84915,jsonc
6734346ca8e90c2da6fb4509,reading-task-tabular-1,1747334901138,1747334927211,26.073,0.43455,jsonc
6734346ca8e90c2da6fb4509,reading-task-tabular-1_post-task-question,1747334927288,1747334932259,4.971,0.08285000000000001,jsonc
6734346ca8e90c2da6fb4509,reading-task-tabular-2,1747334932299,1747334978204,45.905,0.7650833333333333,jsonc
6734346ca8e90c2da6fb4509,reading-task-tabular-2_post-task-question,1747334978303,1747334982483,4.18,0.06966666666666667,jsonc
6734346ca8e90c2da6fb4509,reading-task-tabular-3,1747334982528,1747335033279,50.751,0.84585,jsonc
6734346ca8e90c2da6fb4509,reading-task-tabular-3_post-task-question,1747335033389,1747335041281,7.892,0.13153333333333334,jsonc
6734346ca8e90c2da6fb4509,reading-task-tabular-4,1747335041352,1747335154283,112.931,1.8821833333333333,jsonc
6734346ca8e90c2da6fb4509,reading-task-tabular-4_post-task-question,1747335154381,1747335160959,6.578,0.10963333333333333,jsonc
6734346ca8e90c2da6fb4509,reading-task-tabular-5,1747335161018,1747335261896,100.878,1.6813,jsonc
6734346ca8e90c2da6fb4509,reading-task-tabular-5_post-task-question,1747335261997,1747335267170,5.173,0.08621666666666666,jsonc
6734346ca8e90c2da6fb4509,writing-task-tabular,1747335267209,1747336262047,994.838,16.58063333333333,jsonc
6734346ca8e90c2da6fb4509,writing-task-tabular_post-task-question,1747336262156,1747336271490,9.334,0.15556666666666666,jsonc
6734346ca8e90c2da6fb4509,modifying-task-tabular-1,1747336271531,1747336409275,137.744,2.295733333333333,jsonc
6734346ca8e90c2da6fb4509,modifying-task-tabular-1_post-task-question,1747336409383,1747336414223,4.84,0.08066666666666666,jsonc
6734346ca8e90c2da6fb4509,modifying-task-tabular-2,1747336414270,1747336546075,131.805,2.19675,jsonc
6734346ca8e90c2da6fb4509,modifying-task-tabular-2_post-task-question,1747336546177,1747336550730,4.553,0.07588333333333333,jsonc
6734346ca8e90c2da6fb4509,modifying-task-tabular-3,1747336550773,1747336645280,94.507,1.5751166666666667,jsonc
6734346ca8e90c2da6fb4509,modifying-task-tabular-3_post-task-question,1747336645386,1747336653854,8.468,0.14113333333333333,jsonc
6734346ca8e90c2da6fb4509,modifying-task-tabular-4,1747336653909,1747337076318,422.409,7.04015,jsonc
6734346ca8e90c2da6fb4509,modifying-task-tabular-4_post-task-question,1747337076423,1747337088369,11.946,0.1991,jsonc
6734346ca8e90c2da6fb4509,$nasa-tlx.co.nasa-tlx,1747337088449,1747337142953,54.504,0.9084,jsonc
6734346ca8e90c2da6fb4509,post-task-survey-tlx,1747337143076,1747337365822,222.746,3.7124333333333337,jsonc
6734346ca8e90c2da6fb4509,unqualified,0,-1,-0.001,-1.6666666666666667e-05,jsonc
673c13c9d37c8a73bc80b8ce,introduction,1746144455665,1746144468914,13.249,0.2208166666666667,json
673c13c9d37c8a73bc80b8ce,qualifications,1746144469759,1746144484969,15.21,0.2535,json
673c13c9d37c8a73bc80b8ce,consent,1746144485911,1746144500231,14.32,0.23866666666666667,json
673c13c9d37c8a73bc80b8ce,task,1746144501080,1746144567651,66.571,1.1095166666666667,json
673c13c9d37c8a73bc80b8ce,writing-task-NL,1746144568176,1746144767337,199.161,3.31935,json
673c13c9d37c8a73bc80b8ce,writing-task-NL_post-task-question,1746144768254,1746144784399,16.145,0.26908333333333334,json
673c13c9d37c8a73bc80b8ce,tutorial-part1,1746144784946,1746145196216,411.27,6.8545,json
673c13c9d37c8a73bc80b8ce,tutorial-part2,1746145196840,1746145297212,100.372,1.6728666666666667,json
673c13c9d37c8a73bc80b8ce,reading-task-tabular-1,1746145297782,1746145493584,195.802,3.2633666666666667,json
673c13c9d37c8a73bc80b8ce,reading-task-tabular-1_post-task-question,1746145494456,1746145507573,13.117,0.21861666666666668,json
673c13c9d37c8a73bc80b8ce,reading-task-tabular-2,1746145508125,1746145580806,72.681,1.21135,json
673c13c9d37c8a73bc80b8ce,reading-task-tabular-2_post-task-question,1746145581702,1746145596258,14.556,0.24259999999999998,json
673c13c9d37c8a73bc80b8ce,reading-task-tabular-3,1746145596842,1746145647497,50.655,0.8442500000000001,json
673c13c9d37c8a73bc80b8ce,reading-task-tabular-3_post-task-question,1746145648340,1746145657525,9.185,0.15308333333333335,json
673c13c9d37c8a73bc80b8ce,reading-task-tabular-4,1746145658082,1746145714670,56.588,0.9431333333333334,json
673c13c9d37c8a73bc80b8ce,reading-task-tabular-4_post-task-question,1746145715706,1746145721807,6.101,0.10168333333333333,json
673c13c9d37c8a73bc80b8ce,reading-task-tabular-5,1746145722310,1746145817769,95.459,1.5909833333333334,json
673c13c9d37c8a73bc80b8ce,reading-task-tabular-5_post-task-question,1746145818680,1746145824026,5.346,0.0891,json
673c13c9d37c8a73bc80b8ce,writing-task-tabular,1746145824604,1746146954586,1129.982,18.833033333333333,json
673c13c9d37c8a73bc80b8ce,writing-task-tabular_post-task-question,1746146956025,1746146968149,12.124,0.20206666666666667,json
673c13c9d37c8a73bc80b8ce,modifying-task-tabular-1,1746146968735,1746147118858,150.123,2.5020499999999997,json
673c13c9d37c8a73bc80b8ce,modifying-task-tabular-1_post-task-question,1746147120006,1746147124846,4.84,0.08066666666666666,json
673c13c9d37c8a73bc80b8ce,modifying-task-tabular-2,1746147125501,1746147365876,240.375,4.00625,json
673c13c9d37c8a73bc80b8ce,modifying-task-tabular-2_post-task-question,1746147367018,1746147378697,11.679,0.19465000000000002,json
673c13c9d37c8a73bc80b8ce,modifying-task-tabular-3,1746147379408,1746147506809,127.401,2.12335,json
673c13c9d37c8a73bc80b8ce,modifying-task-tabular-3_post-task-question,1746147508341,1746147516896,8.555,0.14258333333333334,json
673c13c9d37c8a73bc80b8ce,modifying-task-tabular-4,1746147517673,1746147978990,461.317,7.688616666666666,json
673c13c9d37c8a73bc80b8ce,modifying-task-tabular-4_post-task-question,1746147980232,1746147992056,11.824,0.19706666666666667,json
673c13c9d37c8a73bc80b8ce,$nasa-tlx.co.nasa-tlx,1746147993310,1746148059935,66.625,1.1104166666666666,json
673c13c9d37c8a73bc80b8ce,post-task-survey-tlx,1746148061425,1746148161699,100.274,1.6712333333333333,json
673c13c9d37c8a73bc80b8ce,unqualified,0,-1,-0.001,-1.6666666666666667e-05,json
673d0377254c407e5da57f97,introduction,1746384155974,1746384207802,51.828,0.8638,toml
673d0377254c407e5da57f97,qualifications,1746384207929,1746384219562,11.633,0.19388333333333332,toml
673d0377254c407e5da57f97,consent,1746384219673,1746384296919,77.246,1.2874333333333332,toml
673d0377254c407e5da57f97,task,1746384297030,1746384388410,91.38,1.523,toml
673d0377254c407e5da57f97,writing-task-NL,1746384388495,1746384613392,224.897,3.748283333333333,toml
673d0377254c407e5da57f97,writing-task-NL_post-task-question,1746384613538,1746384620482,6.944,0.11573333333333333,toml
673d0377254c407e5da57f97,tutorial-part1,1746384620568,1746384800566,179.998,2.9999666666666664,toml
673d0377254c407e5da57f97,tutorial-part2,1746384800660,1746384922939,122.279,2.0379833333333335,toml
673d0377254c407e5da57f97,reading-task-tabular-1,1746384923052,1746385048224,125.172,2.0862,toml
673d0377254c407e5da57f97,reading-task-tabular-1_post-task-question,1746385048358,1746385055760,7.402,0.12336666666666667,toml
673d0377254c407e5da57f97,reading-task-tabular-2,1746385055859,1746385122926,67.067,1.1177833333333331,toml
673d0377254c407e5da57f97,reading-task-tabular-2_post-task-question,1746385123045,1746385130943,7.898,0.13163333333333332,toml
673d0377254c407e5da57f97,reading-task-tabular-3,1746385131019,1746385216814,85.795,1.4299166666666667,toml
673d0377254c407e5da57f97,reading-task-tabular-3_post-task-question,1746385216951,1746385225782,8.831,0.14718333333333333,toml
673d0377254c407e5da57f97,reading-task-tabular-4,1746385225868,1746385256964,31.096,0.5182666666666667,toml
673d0377254c407e5da57f97,reading-task-tabular-4_post-task-question,1746385257086,1746385264404,7.318,0.12196666666666665,toml
673d0377254c407e5da57f97,reading-task-tabular-5,1746385264476,1746385367577,103.101,1.71835,toml
673d0377254c407e5da57f97,reading-task-tabular-5_post-task-question,1746385367690,1746385374401,6.711,0.11185,toml
673d0377254c407e5da57f97,writing-task-tabular,1746385374478,1746386008256,633.778,10.562966666666666,toml
673d0377254c407e5da57f97,writing-task-tabular_post-task-question,1746386008405,1746386013155,4.75,0.07916666666666666,toml
673d0377254c407e5da57f97,modifying-task-tabular-1,1746386013236,1746386168027,154.791,2.57985,toml
673d0377254c407e5da57f97,modifying-task-tabular-1_post-task-question,1746386168236,1746386172601,4.365,0.07275000000000001,toml
673d0377254c407e5da57f97,modifying-task-tabular-2,1746386172693,1746386247985,75.292,1.2548666666666668,toml
673d0377254c407e5da57f97,modifying-task-tabular-2_post-task-question,1746386248109,1746386252248,4.139,0.06898333333333334,toml
673d0377254c407e5da57f97,modifying-task-tabular-3,1746386252320,1746386281962,29.642,0.4940333333333333,toml
673d0377254c407e5da57f97,modifying-task-tabular-3_post-task-question,1746386282106,1746386286057,3.951,0.06585,toml
673d0377254c407e5da57f97,modifying-task-tabular-4,1746386286149,1746386385290,99.141,1.65235,toml
673d0377254c407e5da57f97,modifying-task-tabular-4_post-task-question,1746386385440,1746386388991,3.551,0.05918333333333334,toml
673d0377254c407e5da57f97,$nasa-tlx.co.nasa-tlx,1746386389138,1746386432361,43.223,0.7203833333333333,toml
673d0377254c407e5da57f97,post-task-survey-tlx,1746386432642,1746386708502,275.86,4.597666666666667,toml
673d0377254c407e5da57f97,unqualified,0,-1,-0.001,-1.6666666666666667e-05,toml
673e43cc760355e9e4f042a3,introduction,1746560292584,1746560663260,370.676,6.177933333333333,json5
673e43cc760355e9e4f042a3,qualifications,1746560663494,1746560685316,21.822,0.36369999999999997,json5
673e43cc760355e9e4f042a3,consent,1746560685490,1746560787372,101.882,1.6980333333333335,json5
673e43cc760355e9e4f042a3,task,1746560787583,1746560882124,94.541,1.5756833333333333,json5
673e43cc760355e9e4f042a3,writing-task-NL,1746560882262,1746561651193,768.931,12.815516666666667,json5
673e43cc760355e9e4f042a3,writing-task-NL_post-task-question,1746561651432,1746561660410,8.978,0.14963333333333334,json5
673e43cc760355e9e4f042a3,tutorial-part1,1746561660589,1746562802017,1141.428,19.0238,json5
673e43cc760355e9e4f042a3,tutorial-part2,1746562802177,1746562911448,109.271,1.8211833333333334,json5
673e43cc760355e9e4f042a3,reading-task-tabular-1,1746562911603,1746562954231,42.628,0.7104666666666667,json5
673e43cc760355e9e4f042a3,reading-task-tabular-1_post-task-question,1746562954457,1746562960656,6.199,0.10331666666666667,json5
673e43cc760355e9e4f042a3,reading-task-tabular-2,1746562960754,1746563031120,70.366,1.1727666666666667,json5
673e43cc760355e9e4f042a3,reading-task-tabular-2_post-task-question,1746563031347,1746563035792,4.445,0.07408333333333333,json5
673e43cc760355e9e4f042a3,reading-task-tabular-3,1746563035899,1746563094679,58.78,0.9796666666666667,json5
673e43cc760355e9e4f042a3,reading-task-tabular-3_post-task-question,1746563094915,1746563098295,3.38,0.05633333333333333,json5
673e43cc760355e9e4f042a3,reading-task-tabular-4,1746563098400,1746563139255,40.855,0.6809166666666666,json5
673e43cc760355e9e4f042a3,reading-task-tabular-4_post-task-question,1746563139482,1746563144215,4.733,0.07888333333333333,json5
673e43cc760355e9e4f042a3,reading-task-tabular-5,1746563144314,1746563201119,56.805,0.94675,json5
673e43cc760355e9e4f042a3,reading-task-tabular-5_post-task-question,1746563201356,1746563204087,2.731,0.045516666666666664,json5
673e43cc760355e9e4f042a3,writing-task-tabular,1746563204189,1746564088861,884.672,14.744533333333333,json5
673e43cc760355e9e4f042a3,writing-task-tabular_post-task-question,1746564089100,1746564098166,9.066,0.1511,json5
673e43cc760355e9e4f042a3,modifying-task-tabular-1,1746564098278,1746564277089,178.811,2.9801833333333336,json5
673e43cc760355e9e4f042a3,modifying-task-tabular-1_post-task-question,1746564277343,1746564284621,7.278,0.12129999999999999,json5
673e43cc760355e9e4f042a3,modifying-task-tabular-2,1746564284742,1746564325359,40.617,0.6769499999999999,json5
673e43cc760355e9e4f042a3,modifying-task-tabular-2_post-task-question,1746564325604,1746564329829,4.225,0.07041666666666666,json5
673e43cc760355e9e4f042a3,modifying-task-tabular-3,1746564329952,1746564403975,74.023,1.2337166666666666,json5
673e43cc760355e9e4f042a3,modifying-task-tabular-3_post-task-question,1746564404221,1746564408221,4.0,0.06666666666666667,json5
673e43cc760355e9e4f042a3,modifying-task-tabular-4,1746564408349,1746564838449,430.1,7.168333333333334,json5
673e43cc760355e9e4f042a3,modifying-task-tabular-4_post-task-question,1746564838728,1746564843444,4.716,0.0786,json5
673e43cc760355e9e4f042a3,$nasa-tlx.co.nasa-tlx,1746564843676,1746564871741,28.065,0.46775,json5
673e43cc760355e9e4f042a3,post-task-survey-tlx,1746564872007,1746565004077,132.07,2.2011666666666665,json5
673e43cc760355e9e4f042a3,unqualified,0,-1,-0.001,-1.6666666666666667e-05,json5
6740ae39809389d7da9de209,introduction,1746143473383,1746143500967,27.584,0.4597333333333333,xml
6740ae39809389d7da9de209,qualifications,1746143502150,1746143527056,24.906,0.41509999999999997,xml
6740ae39809389d7da9de209,consent,1746143528190,1746143581501,53.311,0.8885166666666666,xml
6740ae39809389d7da9de209,task,1746143583131,1746143662411,79.28,1.3213333333333332,xml
6740ae39809389d7da9de209,writing-task-NL,1746143663594,1746143954826,291.232,4.853866666666667,xml
6740ae39809389d7da9de209,writing-task-NL_post-task-question,1746143956234,1746143972832,16.598,0.27663333333333334,xml
6740ae39809389d7da9de209,tutorial-part1,1746143973286,1746144229280,255.994,4.266566666666667,xml
6740ae39809389d7da9de209,tutorial-part2,1746144230380,1746144510728,280.348,4.672466666666667,xml
6740ae39809389d7da9de209,reading-task-tabular-1,1746144511661,1746144660143,148.482,2.4747,xml
6740ae39809389d7da9de209,reading-task-tabular-1_post-task-question,1746144661279,1746144674508,13.229,0.2204833333333333,xml
6740ae39809389d7da9de209,reading-task-tabular-2,1746144675332,1746144774746,99.414,1.6569,xml
6740ae39809389d7da9de209,reading-task-tabular-2_post-task-question,1746144775599,1746144780859,5.26,0.08766666666666666,xml
6740ae39809389d7da9de209,reading-task-tabular-3,1746144781608,1746144830064,48.456,0.8076000000000001,xml
6740ae39809389d7da9de209,reading-task-tabular-3_post-task-question,1746144831195,1746144837821,6.626,0.11043333333333334,xml
6740ae39809389d7da9de209,reading-task-tabular-4,1746144838558,1746144925703,87.145,1.4524166666666667,xml
6740ae39809389d7da9de209,reading-task-tabular-4_post-task-question,1746144926767,1746144933247,6.48,0.10800000000000001,xml
6740ae39809389d7da9de209,reading-task-tabular-5,1746144933978,1746145063103,129.125,2.152083333333333,xml
6740ae39809389d7da9de209,reading-task-tabular-5_post-task-question,1746145064249,1746145071978,7.729,0.12881666666666666,xml
6740ae39809389d7da9de209,writing-task-tabular,1746145072554,1746145772324,699.77,11.662833333333333,xml
6740ae39809389d7da9de209,writing-task-tabular_post-task-question,1746145773349,1746145779999,6.65,0.11083333333333334,xml
6740ae39809389d7da9de209,modifying-task-tabular-1,1746145780695,1746146144728,364.033,6.067216666666667,xml
6740ae39809389d7da9de209,modifying-task-tabular-1_post-task-question,1746146148047,1746146155091,7.044,0.11739999999999999,xml
6740ae39809389d7da9de209,modifying-task-tabular-2,1746146156064,1746146424281,268.217,4.470283333333333,xml
6740ae39809389d7da9de209,modifying-task-tabular-2_post-task-question,1746146425885,1746146433331,7.446,0.1241,xml
6740ae39809389d7da9de209,modifying-task-tabular-3,1746146434050,1746146860411,426.361,7.106016666666666,xml
6740ae39809389d7da9de209,modifying-task-tabular-3_post-task-question,1746146870573,1746146883948,13.375,0.22291666666666668,xml
6740ae39809389d7da9de209,modifying-task-tabular-4,1746146889270,1746147168646,279.376,4.656266666666666,xml
6740ae39809389d7da9de209,modifying-task-tabular-4_post-task-question,1746147172419,1746147179414,6.995,0.11658333333333333,xml
6740ae39809389d7da9de209,$nasa-tlx.co.nasa-tlx,1746147181835,1746147283793,101.958,1.6993,xml
6740ae39809389d7da9de209,post-task-survey-tlx,1746147286053,1746147380653,94.6,1.5766666666666667,xml
6740ae39809389d7da9de209,unqualified,0,-1,-0.001,-1.6666666666666667e-05,xml
6753746b1f8827e2bd586bf0,introduction,1746383382728,1746383399025,16.297,0.2716166666666667,xml
6753746b1f8827e2bd586bf0,qualifications,1746383399348,1746383410861,11.513,0.19188333333333332,xml
6753746b1f8827e2bd586bf0,consent,1746383411172,1746383437006,25.834,0.43056666666666665,xml
6753746b1f8827e2bd586bf0,task,1746383437288,1746383499291,62.003,1.0333833333333333,xml
6753746b1f8827e2bd586bf0,writing-task-NL,1746383499571,1746383755880,256.309,4.271816666666667,xml
6753746b1f8827e2bd586bf0,writing-task-NL_post-task-question,1746383756288,1746383765860,9.572,0.15953333333333333,xml
6753746b1f8827e2bd586bf0,tutorial-part1,1746383766062,1746383931417,165.355,2.7559166666666663,xml
6753746b1f8827e2bd586bf0,tutorial-part2,1746383931747,1746384045486,113.739,1.89565,xml
6753746b1f8827e2bd586bf0,reading-task-tabular-1,1746384045729,1746384063288,17.559,0.29265,xml
6753746b1f8827e2bd586bf0,reading-task-tabular-1_post-task-question,1746384063667,1746384070831,7.164,0.11939999999999999,xml
6753746b1f8827e2bd586bf0,reading-task-tabular-2,1746384071007,1746384118014,47.007,0.78345,xml
6753746b1f8827e2bd586bf0,reading-task-tabular-2_post-task-question,1746384118354,1746384123644,5.29,0.08816666666666667,xml
6753746b1f8827e2bd586bf0,reading-task-tabular-3,1746384123822,1746384257399,133.577,2.2262833333333334,xml
6753746b1f8827e2bd586bf0,reading-task-tabular-3_post-task-question,1746384257809,1746384265275,7.466,0.12443333333333334,xml
6753746b1f8827e2bd586bf0,reading-task-tabular-4,1746384265515,1746384328913,63.398,1.0566333333333333,xml
6753746b1f8827e2bd586bf0,reading-task-tabular-4_post-task-question,1746384329304,1746384335238,5.934,0.0989,xml
6753746b1f8827e2bd586bf0,reading-task-tabular-5,1746384335476,1746384425791,90.315,1.50525,xml
6753746b1f8827e2bd586bf0,reading-task-tabular-5_post-task-question,1746384426131,1746384432349,6.218,0.10363333333333333,xml
6753746b1f8827e2bd586bf0,writing-task-tabular,1746384432538,1746384915260,482.722,8.045366666666666,xml
6753746b1f8827e2bd586bf0,writing-task-tabular_post-task-question,1746384915617,1746384922310,6.693,0.11155,xml
6753746b1f8827e2bd586bf0,modifying-task-tabular-1,1746384922586,1746385136813,214.227,3.57045,xml
6753746b1f8827e2bd586bf0,modifying-task-tabular-1_post-task-question,1746385137200,1746385144657,7.457,0.12428333333333333,xml
6753746b1f8827e2bd586bf0,modifying-task-tabular-2,1746385144895,1746385338883,193.988,3.2331333333333334,xml
6753746b1f8827e2bd586bf0,modifying-task-tabular-2_post-task-question,1746385339283,1746385344593,5.31,0.0885,xml
6753746b1f8827e2bd586bf0,modifying-task-tabular-3,1746385344880,1746385542389,197.509,3.2918166666666666,xml
6753746b1f8827e2bd586bf0,modifying-task-tabular-3_post-task-question,1746385543041,1746385548210,5.169,0.08614999999999999,xml
6753746b1f8827e2bd586bf0,modifying-task-tabular-4,1746385548588,1746385651682,103.094,1.7182333333333333,xml
6753746b1f8827e2bd586bf0,modifying-task-tabular-4_post-task-question,1746385652233,1746385657724,5.491,0.09151666666666666,xml
6753746b1f8827e2bd586bf0,$nasa-tlx.co.nasa-tlx,1746385658428,1746385689398,30.97,0.5161666666666667,xml
6753746b1f8827e2bd586bf0,post-task-survey-tlx,1746385689988,1746385767752,77.764,1.2960666666666667,xml
6753746b1f8827e2bd586bf0,unqualified,0,-1,-0.001,-1.6666666666666667e-05,xml
677c52fe648cd68583dd3b1e,introduction,1746143231715,1746143297654,65.939,1.0989833333333332,xml
677c52fe648cd68583dd3b1e,qualifications,1746143297844,1746143316565,18.721,0.31201666666666666,xml
677c52fe648cd68583dd3b1e,consent,1746143316721,1746143433462,116.741,1.9456833333333334,xml
677c52fe648cd68583dd3b1e,task,1746143433639,1746143447366,13.727,0.22878333333333334,xml
677c52fe648cd68583dd3b1e,writing-task-NL,1746143447455,1746143807627,360.172,6.002866666666667,xml
677c52fe648cd68583dd3b1e,writing-task-NL_post-task-question,1746143807799,1746143819920,12.121,0.20201666666666668,xml
677c52fe648cd68583dd3b1e,tutorial-part1,1746143820006,1746144030135,210.129,3.50215,xml
677c52fe648cd68583dd3b1e,tutorial-part2,1746144030233,1746144176671,146.438,2.440633333333333,xml
677c52fe648cd68583dd3b1e,reading-task-tabular-1,1746144176778,1746144332840,156.062,2.6010333333333335,xml
677c52fe648cd68583dd3b1e,reading-task-tabular-1_post-task-question,1746144333006,1746144339727,6.721,0.11201666666666667,xml
677c52fe648cd68583dd3b1e,reading-task-tabular-2,1746144339815,1746144494839,155.024,2.5837333333333334,xml
677c52fe648cd68583dd3b1e,reading-task-tabular-2_post-task-question,1746144495008,1746144502980,7.972,0.13286666666666666,xml
677c52fe648cd68583dd3b1e,reading-task-tabular-3,1746144503066,1746144584994,81.928,1.3654666666666666,xml
677c52fe648cd68583dd3b1e,reading-task-tabular-3_post-task-question,1746144585150,1746144596926,11.776,0.19626666666666667,xml
677c52fe648cd68583dd3b1e,reading-task-tabular-4,1746144597015,1746144664459,67.444,1.1240666666666668,xml
677c52fe648cd68583dd3b1e,reading-task-tabular-4_post-task-question,1746144664625,1746144671039,6.414,0.1069,xml
677c52fe648cd68583dd3b1e,reading-task-tabular-5,1746144671128,1746144745135,74.007,1.2334500000000002,xml
677c52fe648cd68583dd3b1e,reading-task-tabular-5_post-task-question,1746144745303,1746144751095,5.792,0.09653333333333333,xml
677c52fe648cd68583dd3b1e,writing-task-tabular,1746144751182,1746146205533,1454.351,24.239183333333337,xml
677c52fe648cd68583dd3b1e,writing-task-tabular_post-task-question,1746146205720,1746146211700,5.98,0.09966666666666667,xml
677c52fe648cd68583dd3b1e,modifying-task-tabular-1,1746146211798,1746146499901,288.103,4.801716666666667,xml
677c52fe648cd68583dd3b1e,modifying-task-tabular-1_post-task-question,1746146500096,1746146506743,6.647,0.11078333333333333,xml
677c52fe648cd68583dd3b1e,modifying-task-tabular-2,1746146506849,1746146734768,227.919,3.7986500000000003,xml
677c52fe648cd68583dd3b1e,modifying-task-tabular-2_post-task-question,1746146734960,1746146741170,6.21,0.1035,xml
677c52fe648cd68583dd3b1e,modifying-task-tabular-3,1746146741277,1746147015228,273.951,4.56585,xml
677c52fe648cd68583dd3b1e,modifying-task-tabular-3_post-task-question,1746147015422,1746147022094,6.672,0.1112,xml
677c52fe648cd68583dd3b1e,modifying-task-tabular-4,1746147022203,1746147699889,677.686,11.294766666666668,xml
677c52fe648cd68583dd3b1e,modifying-task-tabular-4_post-task-question,1746147700097,1746147706692,6.595,0.10991666666666666,xml
677c52fe648cd68583dd3b1e,$nasa-tlx.co.nasa-tlx,1746147706905,1746147740979,34.074,0.5679,xml
677c52fe648cd68583dd3b1e,post-task-survey-tlx,1746147741232,1746147817639,76.407,1.27345,xml
677c52fe648cd68583dd3b1e,unqualified,0,-1,-0.001,-1.6666666666666667e-05,xml
677d185800ab83d1b0185d82,introduction,1746146642170,1746146673917,31.747,0.5291166666666667,jsonc
677d185800ab83d1b0185d82,qualifications,1746146674342,1746146914900,240.558,4.0093,jsonc
677d185800ab83d1b0185d82,consent,1746146915299,1746147816958,901.659,15.02765,jsonc
677d185800ab83d1b0185d82,task,1746147817617,1746147836799,19.182,0.3197,jsonc
677d185800ab83d1b0185d82,writing-task-NL,1746147837033,1746148408038,571.005,9.51675,jsonc
677d185800ab83d1b0185d82,writing-task-NL_post-task-question,1746148408516,1746148423042,14.526,0.2421,jsonc
677d185800ab83d1b0185d82,tutorial-part1,1746148423293,1746148927632,504.339,8.40565,jsonc
677d185800ab83d1b0185d82,tutorial-part2,1746148927901,1746149182415,254.514,4.2419,jsonc
677d185800ab83d1b0185d82,reading-task-tabular-1,1746149182666,1746149307787,125.121,2.08535,jsonc
677d185800ab83d1b0185d82,reading-task-tabular-1_post-task-question,1746149308213,1746149319603,11.39,0.18983333333333335,jsonc
677d185800ab83d1b0185d82,reading-task-tabular-2,1746149319841,1746149487226,167.385,2.7897499999999997,jsonc
677d185800ab83d1b0185d82,reading-task-tabular-2_post-task-question,1746149487660,1746149501325,13.665,0.22774999999999998,jsonc
677d185800ab83d1b0185d82,reading-task-tabular-3,1746149501582,1746149593149,91.567,1.5261166666666666,jsonc
677d185800ab83d1b0185d82,reading-task-tabular-3_post-task-question,1746149593589,1746149603204,9.615,0.16025,jsonc
677d185800ab83d1b0185d82,reading-task-tabular-4,1746149603449,1746149697676,94.227,1.5704500000000001,jsonc
677d185800ab83d1b0185d82,reading-task-tabular-4_post-task-question,1746149698104,1746149714025,15.921,0.26535,jsonc
677d185800ab83d1b0185d82,reading-task-tabular-5,1746149714309,1746149948332,234.023,3.900383333333333,jsonc
677d185800ab83d1b0185d82,reading-task-tabular-5_post-task-question,1746149948750,1746149959585,10.835,0.18058333333333335,jsonc
677d185800ab83d1b0185d82,writing-task-tabular,1746149959824,1746151194428,1234.604,20.576733333333333,jsonc
677d185800ab83d1b0185d82,writing-task-tabular_post-task-question,1746151194904,1746151206636,11.732,0.1955333333333333,jsonc
677d185800ab83d1b0185d82,modifying-task-tabular-1,1746151206919,1746151438273,231.354,3.8559,jsonc
677d185800ab83d1b0185d82,modifying-task-tabular-1_post-task-question,1746151438744,1746151448201,9.457,0.15761666666666668,jsonc
677d185800ab83d1b0185d82,modifying-task-tabular-2,1746151448504,1746151474269,25.765,0.42941666666666667,jsonc
677d185800ab83d1b0185d82,modifying-task-tabular-2_post-task-question,1746151474704,1746151494329,19.625,0.32708333333333334,jsonc
677d185800ab83d1b0185d82,modifying-task-tabular-3,1746151494646,1746151536181,41.535,0.6922499999999999,jsonc
677d185800ab83d1b0185d82,modifying-task-tabular-3_post-task-question,1746151536639,1746151555591,18.952,0.3158666666666667,jsonc
677d185800ab83d1b0185d82,modifying-task-tabular-4,1746151555894,1746151574552,18.658,0.31096666666666667,jsonc
677d185800ab83d1b0185d82,modifying-task-tabular-4_post-task-question,1746151575000,1746151584207,9.207,0.15345,jsonc
677d185800ab83d1b0185d82,$nasa-tlx.co.nasa-tlx,1746151584679,1746151610726,26.047,0.43411666666666665,jsonc
677d185800ab83d1b0185d82,post-task-survey-tlx,1746151611267,1746151821911,210.644,3.5107333333333335,jsonc
677d185800ab83d1b0185d82,unqualified,0,-1,-0.001,-1.6666666666666667e-05,jsonc
677d32c679491be18090225b,introduction,1746487559954,1746487590711,30.757,0.5126166666666667,xml
677d32c679491be18090225b,qualifications,1746487591125,1746487619977,28.852,0.48086666666666666,xml
677d32c679491be18090225b,consent,1746487620332,1746487670736,50.404,0.8400666666666667,xml
677d32c679491be18090225b,task,1746487671088,1746487706889,35.801,0.5966833333333333,xml
677d32c679491be18090225b,writing-task-NL,1746487707142,1746488165146,458.004,7.6334,xml
677d32c679491be18090225b,writing-task-NL_post-task-question,1746488165482,1746488178308,12.826,0.2137666666666667,xml
677d32c679491be18090225b,tutorial-part1,1746488178533,1746488387111,208.578,3.4763,xml
677d32c679491be18090225b,tutorial-part2,1746488387365,1746488472967,85.602,1.4267,xml
677d32c679491be18090225b,reading-task-tabular-1,1746488473200,1746488555242,82.042,1.3673666666666666,xml
677d32c679491be18090225b,reading-task-tabular-1_post-task-question,1746488555581,1746488561962,6.381,0.10635,xml
677d32c679491be18090225b,reading-task-tabular-2,1746488562176,1746488667787,105.611,1.7601833333333334,xml
677d32c679491be18090225b,reading-task-tabular-2_post-task-question,1746488668164,1746488674953,6.789,0.11315,xml
677d32c679491be18090225b,reading-task-tabular-3,1746488675224,1746488708765,33.541,0.5590166666666666,xml
677d32c679491be18090225b,reading-task-tabular-3_post-task-question,1746488709122,1746488716298,7.176,0.1196,xml
677d32c679491be18090225b,reading-task-tabular-4,1746488716526,1746488788222,71.696,1.1949333333333334,xml
677d32c679491be18090225b,reading-task-tabular-4_post-task-question,1746488788563,1746488792887,4.324,0.07206666666666667,xml
677d32c679491be18090225b,reading-task-tabular-5,1746488793101,1746488874606,81.505,1.3584166666666666,xml
677d32c679491be18090225b,reading-task-tabular-5_post-task-question,1746488874954,1746488888038,13.084,0.21806666666666666,xml
677d32c679491be18090225b,writing-task-tabular,1746488888290,1746489431009,542.719,9.045316666666668,xml
677d32c679491be18090225b,writing-task-tabular_post-task-question,1746489431384,1746489439076,7.692,0.1282,xml
677d32c679491be18090225b,modifying-task-tabular-1,1746489439327,1746489683247,243.92,4.065333333333333,xml
677d32c679491be18090225b,modifying-task-tabular-1_post-task-question,1746489683648,1746489687895,4.247,0.07078333333333334,xml
677d32c679491be18090225b,modifying-task-tabular-2,1746489688086,1746489883089,195.003,3.25005,xml
677d32c679491be18090225b,modifying-task-tabular-2_post-task-question,1746489883520,1746489893810,10.29,0.17149999999999999,xml
677d32c679491be18090225b,modifying-task-tabular-3,1746489894055,1746489949738,55.683,0.92805,xml
677d32c679491be18090225b,modifying-task-tabular-3_post-task-question,1746489950170,1746489956041,5.871,0.09785,xml
677d32c679491be18090225b,modifying-task-tabular-4,1746489956279,1746490182631,226.352,3.7725333333333335,xml
677d32c679491be18090225b,modifying-task-tabular-4_post-task-question,1746490182993,1746490188437,5.444,0.09073333333333333,xml
677d32c679491be18090225b,$nasa-tlx.co.nasa-tlx,1746490188830,1746490235605,46.775,0.7795833333333333,xml
677d32c679491be18090225b,post-task-survey-tlx,1746490236048,1746490351183,115.135,1.9189166666666668,xml
677d32c679491be18090225b,unqualified,0,-1,-0.001,-1.6666666666666667e-05,xml
6784ff2095dd9b97e969b01f,introduction,1746388894667,1746388940580,45.913,0.7652166666666667,jsonc
6784ff2095dd9b97e969b01f,qualifications,1746388940889,1746388972846,31.957,0.5326166666666666,jsonc
6784ff2095dd9b97e969b01f,consent,1746388973210,1746389210683,237.473,3.9578833333333336,jsonc
6784ff2095dd9b97e969b01f,task,1746389210990,1746389314610,103.62,1.727,jsonc
6784ff2095dd9b97e969b01f,writing-task-NL,1746389314812,1746389609170,294.358,4.905966666666667,jsonc
6784ff2095dd9b97e969b01f,writing-task-NL_post-task-question,1746389609558,1746389622307,12.749,0.21248333333333333,jsonc
6784ff2095dd9b97e969b01f,tutorial-part1,1746389622479,1746390027179,404.7,6.745,jsonc
6784ff2095dd9b97e969b01f,tutorial-part2,1746390027371,1746390278859,251.488,4.191466666666667,jsonc
6784ff2095dd9b97e969b01f,reading-task-tabular-1,1746390279134,1746390536276,257.142,4.2857,jsonc
6784ff2095dd9b97e969b01f,reading-task-tabular-1_post-task-question,1746390536586,1746390546305,9.719,0.1619833333333333,jsonc
6784ff2095dd9b97e969b01f,reading-task-tabular-2,1746390546530,1746390718114,171.584,2.8597333333333332,jsonc
6784ff2095dd9b97e969b01f,reading-task-tabular-2_post-task-question,1746390718413,1746390723720,5.307,0.08845,jsonc
6784ff2095dd9b97e969b01f,reading-task-tabular-3,1746390723901,1746390816835,92.934,1.5489,jsonc
6784ff2095dd9b97e969b01f,reading-task-tabular-3_post-task-question,1746390817131,1746390824089,6.958,0.11596666666666668,jsonc
6784ff2095dd9b97e969b01f,reading-task-tabular-4,1746390824277,1746390867328,43.051,0.7175166666666667,jsonc
6784ff2095dd9b97e969b01f,reading-task-tabular-4_post-task-question,1746390867623,1746390873489,5.866,0.09776666666666665,jsonc
6784ff2095dd9b97e969b01f,reading-task-tabular-5,1746390873672,1746390943406,69.734,1.1622333333333332,jsonc
6784ff2095dd9b97e969b01f,reading-task-tabular-5_post-task-question,1746390943720,1746390951177,7.457,0.12428333333333333,jsonc
6784ff2095dd9b97e969b01f,writing-task-tabular,1746390951363,1746391664026,712.663,11.877716666666666,jsonc
6784ff2095dd9b97e969b01f,writing-task-tabular_post-task-question,1746391664363,1746391673898,9.535,0.15891666666666668,jsonc
6784ff2095dd9b97e969b01f,modifying-task-tabular-1,1746391674071,1746391965006,290.935,4.848916666666667,jsonc
6784ff2095dd9b97e969b01f,modifying-task-tabular-1_post-task-question,1746391965329,1746391972709,7.38,0.123,jsonc
6784ff2095dd9b97e969b01f,modifying-task-tabular-2,1746391972891,1746392134517,161.626,2.693766666666667,jsonc
6784ff2095dd9b97e969b01f,modifying-task-tabular-2_post-task-question,1746392134849,1746392141376,6.527,0.10878333333333333,jsonc
6784ff2095dd9b97e969b01f,modifying-task-tabular-3,1746392141564,1746392219045,77.481,1.29135,jsonc
6784ff2095dd9b97e969b01f,modifying-task-tabular-3_post-task-question,1746392219379,1746392227348,7.969,0.13281666666666667,jsonc
6784ff2095dd9b97e969b01f,modifying-task-tabular-4,1746392227539,1746392442800,215.261,3.587683333333333,jsonc
6784ff2095dd9b97e969b01f,modifying-task-tabular-4_post-task-question,1746392443141,1746392451499,8.358,0.1393,jsonc
6784ff2095dd9b97e969b01f,$nasa-tlx.co.nasa-tlx,1746392451848,1746392482189,30.341,0.5056833333333334,jsonc
6784ff2095dd9b97e969b01f,post-task-survey-tlx,1746392482610,1746392597823,115.213,1.9202166666666665,jsonc
6784ff2095dd9b97e969b01f,unqualified,0,-1,-0.001,-1.6666666666666667e-05,jsonc
6787d648d7b1963c661f9443,introduction,1746151070374,1746151163365,92.991,1.54985,json5
6787d648d7b1963c661f9443,qualifications,1746152065312,1746152086418,21.106,0.35176666666666667,json5
6787d648d7b1963c661f9443,consent,1746152086817,1746152114851,28.034,0.46723333333333333,json5
6787d648d7b1963c661f9443,task,1746152115249,1746152119311,4.062,0.06770000000000001,json5
6787d648d7b1963c661f9443,writing-task-NL,1746152321182,1746152674156,352.974,5.8829,json5
6787d648d7b1963c661f9443,writing-task-NL_post-task-question,1746152675810,1746152681309,5.499,0.09165,json5
6787d648d7b1963c661f9443,tutorial-part1,1746153306936,1746153381504,74.568,1.2428,json5
6787d648d7b1963c661f9443,tutorial-part2,1746153382271,1746153397016,14.745,0.24575,json5
6787d648d7b1963c661f9443,reading-task-tabular-1,1746153397651,1746153405504,7.853,0.13088333333333332,json5
6787d648d7b1963c661f9443,reading-task-tabular-1_post-task-question,1746153406571,1746153410372,3.801,0.06335,json5
6787d648d7b1963c661f9443,reading-task-tabular-2,1746153411043,1746153417398,6.355,0.10591666666666667,json5
6787d648d7b1963c661f9443,reading-task-tabular-2_post-task-question,1746153418488,1746153421129,2.641,0.04401666666666667,json5
6787d648d7b1963c661f9443,reading-task-tabular-3,1746153421752,1746153431201,9.449,0.15748333333333334,json5
6787d648d7b1963c661f9443,reading-task-tabular-3_post-task-question,1746153432201,1746153436166,3.965,0.06608333333333333,json5
6787d648d7b1963c661f9443,reading-task-tabular-4,1746153436725,1746153478590,41.865,0.69775,json5
6787d648d7b1963c661f9443,reading-task-tabular-4_post-task-question,1746153479670,1746153485038,5.368,0.08946666666666667,json5
6787d648d7b1963c661f9443,reading-task-tabular-5,1746153485625,1746153492356,6.731,0.11218333333333333,json5
6787d648d7b1963c661f9443,reading-task-tabular-5_post-task-question,1746153493361,1746153497313,3.952,0.06586666666666667,json5
6787d648d7b1963c661f9443,writing-task-tabular,1746154441724,1746155658621,1216.897,20.281616666666665,json5
6787d648d7b1963c661f9443,writing-task-tabular_post-task-question,1746155660609,1746155665717,5.108,0.08513333333333332,json5
6787d648d7b1963c661f9443,modifying-task-tabular-1,1746155666563,1746155919019,252.456,4.2076,json5
6787d648d7b1963c661f9443,modifying-task-tabular-1_post-task-question,1746155920656,1746155926037,5.381,0.08968333333333334,json5
6787d648d7b1963c661f9443,modifying-task-tabular-2,1746155926878,1746155933521,6.643,0.11071666666666666,json5
6787d648d7b1963c661f9443,modifying-task-tabular-2_post-task-question,1746155934819,1746155939543,4.724,0.07873333333333334,json5
6787d648d7b1963c661f9443,modifying-task-tabular-3,1746155940326,1746156038914,98.588,1.6431333333333333,json5
6787d648d7b1963c661f9443,modifying-task-tabular-3_post-task-question,1746156040413,1746156045731,5.318,0.08863333333333333,json5
6787d648d7b1963c661f9443,modifying-task-tabular-4,1746156046427,1746156064766,18.339,0.30565,json5
6787d648d7b1963c661f9443,modifying-task-tabular-4_post-task-question,1746156065946,1746156073692,7.746,0.12910000000000002,json5
6787d648d7b1963c661f9443,$nasa-tlx.co.nasa-tlx,1746156075238,1746156090671,15.433,0.25721666666666665,json5
6787d648d7b1963c661f9443,post-task-survey-tlx,1746156092370,1746156205762,113.392,1.8898666666666666,json5
6787d648d7b1963c661f9443,unqualified,0,-1,-0.001,-1.6666666666666667e-05,json5
6787e4bd2bf9557a90208f03,introduction,1746385627366,1746385654625,27.259,0.45431666666666665,yaml
6787e4bd2bf9557a90208f03,qualifications,1746385654969,1746385677941,22.972,0.3828666666666667,yaml
6787e4bd2bf9557a90208f03,consent,1746385678265,1746386025818,347.553,5.79255,yaml
6787e4bd2bf9557a90208f03,task,1746386026182,1746386253486,227.304,3.7884,yaml
6787e4bd2bf9557a90208f03,writing-task-NL,1746386253695,1746386618268,364.573,6.076216666666666,yaml
6787e4bd2bf9557a90208f03,writing-task-NL_post-task-question,1746386618643,1746386635002,16.359,0.27265,yaml
6787e4bd2bf9557a90208f03,tutorial-part1,1746386635190,1746387207400,572.21,9.536833333333334,yaml
6787e4bd2bf9557a90208f03,tutorial-part2,1746387207627,1746387296908,89.281,1.4880166666666668,yaml
6787e4bd2bf9557a90208f03,reading-task-tabular-1,1746387297211,1746387355222,58.011,0.9668500000000001,yaml
6787e4bd2bf9557a90208f03,reading-task-tabular-1_post-task-question,1746387355569,1746387370790,15.221,0.2536833333333333,yaml
6787e4bd2bf9557a90208f03,reading-task-tabular-2,1746387370992,1746387424664,53.672,0.8945333333333333,yaml
6787e4bd2bf9557a90208f03,reading-task-tabular-2_post-task-question,1746387425008,1746387432897,7.889,0.13148333333333334,yaml
6787e4bd2bf9557a90208f03,reading-task-tabular-3,1746387433103,1746387483282,50.179,0.8363166666666667,yaml
6787e4bd2bf9557a90208f03,reading-task-tabular-3_post-task-question,1746387483622,1746387489033,5.411,0.09018333333333332,yaml
6787e4bd2bf9557a90208f03,reading-task-tabular-4,1746387489252,1746387536238,46.986,0.7830999999999999,yaml
6787e4bd2bf9557a90208f03,reading-task-tabular-4_post-task-question,1746387536562,1746387544304,7.742,0.12903333333333333,yaml
6787e4bd2bf9557a90208f03,reading-task-tabular-5,1746387544501,1746387685586,141.085,2.3514166666666667,yaml
6787e4bd2bf9557a90208f03,reading-task-tabular-5_post-task-question,1746387685940,1746387694743,8.803,0.1467166666666667,yaml
6787e4bd2bf9557a90208f03,writing-task-tabular,1746387694949,1746388237751,542.802,9.0467,yaml
6787e4bd2bf9557a90208f03,writing-task-tabular_post-task-question,1746388238120,1746388246469,8.349,0.13915,yaml
6787e4bd2bf9557a90208f03,modifying-task-tabular-1,1746388246667,1746388534904,288.237,4.80395,yaml
6787e4bd2bf9557a90208f03,modifying-task-tabular-1_post-task-question,1746388535308,1746388545729,10.421,0.17368333333333333,yaml
6787e4bd2bf9557a90208f03,modifying-task-tabular-2,1746388545976,1746388626840,80.864,1.3477333333333334,yaml
6787e4bd2bf9557a90208f03,modifying-task-tabular-2_post-task-question,1746388627233,1746388636991,9.758,0.16263333333333332,yaml
6787e4bd2bf9557a90208f03,modifying-task-tabular-3,1746388637217,1746388832751,195.534,3.2588999999999997,yaml
6787e4bd2bf9557a90208f03,modifying-task-tabular-3_post-task-question,1746388833520,1746388841859,8.339,0.13898333333333335,yaml
6787e4bd2bf9557a90208f03,modifying-task-tabular-4,1746388842221,1746389018359,176.138,2.9356333333333335,yaml
6787e4bd2bf9557a90208f03,modifying-task-tabular-4_post-task-question,1746389018881,1746389027487,8.606,0.14343333333333333,yaml
6787e4bd2bf9557a90208f03,$nasa-tlx.co.nasa-tlx,1746389028035,1746389118776,90.741,1.51235,yaml
6787e4bd2bf9557a90208f03,post-task-survey-tlx,1746389119372,1746389407098,287.726,4.795433333333333,yaml
6787e4bd2bf9557a90208f03,unqualified,0,-1,-0.001,-1.6666666666666667e-05,yaml
6788c1c724c24dc56b08790a,introduction,1746527519478,1746527619382,99.904,1.6650666666666667,json5
6788c1c724c24dc56b08790a,qualifications,1746527619738,1746527628997,9.259,0.15431666666666669,json5
6788c1c724c24dc56b08790a,consent,1746527629282,1746527715273,85.991,1.4331833333333333,json5
6788c1c724c24dc56b08790a,task,1746527715567,1746527786055,70.488,1.1748,json5
6788c1c724c24dc56b08790a,writing-task-NL,1746527786205,1746528024407,238.202,3.9700333333333333,json5
6788c1c724c24dc56b08790a,writing-task-NL_post-task-question,1746528024717,1746528030821,6.104,0.10173333333333333,json5
6788c1c724c24dc56b08790a,tutorial-part1,1746528030976,1746528439636,408.66,6.811000000000001,json5
6788c1c724c24dc56b08790a,tutorial-part2,1746528439896,1746528681370,241.474,4.024566666666667,json5
6788c1c724c24dc56b08790a,reading-task-tabular-1,1746528681556,1746528921061,239.505,3.99175,json5
6788c1c724c24dc56b08790a,reading-task-tabular-1_post-task-question,1746528921428,1746528928171,6.743,0.11238333333333334,json5
6788c1c724c24dc56b08790a,reading-task-tabular-2,1746528928325,1746528983263,54.938,0.9156333333333334,json5
6788c1c724c24dc56b08790a,reading-task-tabular-2_post-task-question,1746528983539,1746529043325,59.786,0.9964333333333334,json5
6788c1c724c24dc56b08790a,reading-task-tabular-3,1746529043482,1746529090350,46.868,0.7811333333333333,json5
6788c1c724c24dc56b08790a,reading-task-tabular-3_post-task-question,1746529090658,1746529096544,5.886,0.0981,json5
6788c1c724c24dc56b08790a,reading-task-tabular-4,1746529096699,1746529140142,43.443,0.72405,json5
6788c1c724c24dc56b08790a,reading-task-tabular-4_post-task-question,1746529140415,1746529143938,3.523,0.05871666666666667,json5
6788c1c724c24dc56b08790a,reading-task-tabular-5,1746529144098,1746529206668,62.57,1.0428333333333333,json5
6788c1c724c24dc56b08790a,reading-task-tabular-5_post-task-question,1746529206938,1746529214481,7.543,0.12571666666666667,json5
6788c1c724c24dc56b08790a,writing-task-tabular,1746529214640,1746529980012,765.372,12.7562,json5
6788c1c724c24dc56b08790a,writing-task-tabular_post-task-question,1746529980378,1746529992433,12.055,0.20091666666666666,json5
6788c1c724c24dc56b08790a,modifying-task-tabular-1,1746529992596,1746530193817,201.221,3.3536833333333336,json5
6788c1c724c24dc56b08790a,modifying-task-tabular-1_post-task-question,1746530194197,1746530199186,4.989,0.08315,json5
6788c1c724c24dc56b08790a,modifying-task-tabular-2,1746530199374,1746530369600,170.226,2.8371,json5
6788c1c724c24dc56b08790a,modifying-task-tabular-2_post-task-question,1746530369981,1746530374175,4.194,0.0699,json5
6788c1c724c24dc56b08790a,modifying-task-tabular-3,1746530374353,1746530455281,80.928,1.3488,json5
6788c1c724c24dc56b08790a,modifying-task-tabular-3_post-task-question,1746530455640,1746530459565,3.925,0.06541666666666666,json5
6788c1c724c24dc56b08790a,modifying-task-tabular-4,1746530459753,1746531060170,600.417,10.00695,json5
6788c1c724c24dc56b08790a,modifying-task-tabular-4_post-task-question,1746531060568,1746531068797,8.229,0.13715,json5
6788c1c724c24dc56b08790a,$nasa-tlx.co.nasa-tlx,1746531069193,1746531117589,48.396,0.8066,json5
6788c1c724c24dc56b08790a,post-task-survey-tlx,1746531118013,1746531251824,133.811,2.2301833333333336,json5
6788c1c724c24dc56b08790a,unqualified,0,-1,-0.001,-1.6666666666666667e-05,json5
678bad003d15e6aba1ee5a5d,introduction,1746383737962,1746384053012,315.05,5.2508333333333335,jsonc
678bad003d15e6aba1ee5a5d,qualifications,1746384053325,1746384059112,5.787,0.09645,jsonc
678bad003d15e6aba1ee5a5d,consent,1746384059673,1746384086665,26.992,0.4498666666666667,jsonc
678bad003d15e6aba1ee5a5d,task,1746384086989,1746384096325,9.336,0.15560000000000002,jsonc
678bad003d15e6aba1ee5a5d,writing-task-NL,1746384096599,1746384793195,696.596,11.609933333333334,jsonc
678bad003d15e6aba1ee5a5d,writing-task-NL_post-task-question,1746384793605,1746384801722,8.117,0.13528333333333334,jsonc
678bad003d15e6aba1ee5a5d,tutorial-part1,1746384801845,1746385093275,291.43,4.857166666666667,jsonc
678bad003d15e6aba1ee5a5d,tutorial-part2,1746385093419,1746385238122,144.703,2.4117166666666665,jsonc
678bad003d15e6aba1ee5a5d,reading-task-tabular-1,1746385238352,1746385278830,40.478,0.6746333333333333,jsonc
678bad003d15e6aba1ee5a5d,reading-task-tabular-1_post-task-question,1746385279098,1746385285237,6.139,0.10231666666666667,jsonc
678bad003d15e6aba1ee5a5d,reading-task-tabular-2,1746385285357,1746385347829,62.472,1.0412000000000001,jsonc
678bad003d15e6aba1ee5a5d,reading-task-tabular-2_post-task-question,1746385348143,1746385354561,6.418,0.10696666666666667,jsonc
678bad003d15e6aba1ee5a5d,reading-task-tabular-3,1746385354746,1746385419242,64.496,1.0749333333333333,jsonc
678bad003d15e6aba1ee5a5d,reading-task-tabular-3_post-task-question,1746385419513,1746385423835,4.322,0.07203333333333334,jsonc
678bad003d15e6aba1ee5a5d,reading-task-tabular-4,1746385423940,1746385494543,70.603,1.1767166666666666,jsonc
678bad003d15e6aba1ee5a5d,reading-task-tabular-4_post-task-question,1746385494853,1746385499172,4.319,0.07198333333333333,jsonc
678bad003d15e6aba1ee5a5d,reading-task-tabular-5,1746385499287,1746385613049,113.762,1.8960333333333332,jsonc
678bad003d15e6aba1ee5a5d,reading-task-tabular-5_post-task-question,1746385613517,1746385619526,6.009,0.10015,jsonc
678bad003d15e6aba1ee5a5d,writing-task-tabular,1746385619640,1746386346773,727.133,12.118883333333335,jsonc
678bad003d15e6aba1ee5a5d,writing-task-tabular_post-task-question,1746386347186,1746386352324,5.138,0.08563333333333333,jsonc
678bad003d15e6aba1ee5a5d,modifying-task-tabular-1,1746386352435,1746386558110,205.675,3.427916666666667,jsonc
678bad003d15e6aba1ee5a5d,modifying-task-tabular-1_post-task-question,1746386558383,1746386563668,5.285,0.08808333333333333,jsonc
678bad003d15e6aba1ee5a5d,modifying-task-tabular-2,1746386563795,1746386827484,263.689,4.394816666666667,jsonc
678bad003d15e6aba1ee5a5d,modifying-task-tabular-2_post-task-question,1746386827729,1746386833306,5.577,0.09295,jsonc
678bad003d15e6aba1ee5a5d,modifying-task-tabular-3,1746386833428,1746386945573,112.145,1.8690833333333332,jsonc
678bad003d15e6aba1ee5a5d,modifying-task-tabular-3_post-task-question,1746386945881,1746386950656,4.775,0.07958333333333334,jsonc
678bad003d15e6aba1ee5a5d,modifying-task-tabular-4,1746386950780,1746387362722,411.942,6.8657,jsonc
678bad003d15e6aba1ee5a5d,modifying-task-tabular-4_post-task-question,1746387363475,1746387368098,4.623,0.07705000000000001,jsonc
678bad003d15e6aba1ee5a5d,$nasa-tlx.co.nasa-tlx,1746387368411,1746387432196,63.785,1.0630833333333334,jsonc
678bad003d15e6aba1ee5a5d,post-task-survey-tlx,1746387432712,1746387532487,99.775,1.6629166666666668,jsonc
678bad003d15e6aba1ee5a5d,unqualified,0,-1,-0.001,-1.6666666666666667e-05,jsonc
678f0bb28ec3307e4f1afb78,introduction,1746143223336,1746143274692,51.356,0.8559333333333333,hjson
678f0bb28ec3307e4f1afb78,qualifications,1746143275058,1746143283064,8.006,0.13343333333333335,hjson
678f0bb28ec3307e4f1afb78,consent,1746143283298,1746143327039,43.741,0.7290166666666666,hjson
678f0bb28ec3307e4f1afb78,task,1746143327401,1746143595693,268.292,4.4715333333333325,hjson
678f0bb28ec3307e4f1afb78,writing-task-NL,1746143595872,1746143826806,230.934,3.8489,hjson
678f0bb28ec3307e4f1afb78,writing-task-NL_post-task-question,1746143827042,1746143839453,12.411,0.20685,hjson
678f0bb28ec3307e4f1afb78,tutorial-part1,1746143839562,1746144419600,580.038,9.667300000000001,hjson
678f0bb28ec3307e4f1afb78,tutorial-part2,1746144419830,1746144648885,229.055,3.8175833333333333,hjson
678f0bb28ec3307e4f1afb78,reading-task-tabular-1,1746144649048,1746144777889,128.841,2.1473500000000003,hjson
678f0bb28ec3307e4f1afb78,reading-task-tabular-1_post-task-question,1746144778197,1746144788665,10.468,0.17446666666666666,hjson
678f0bb28ec3307e4f1afb78,reading-task-tabular-2,1746144788858,1746144825979,37.121,0.6186833333333334,hjson
678f0bb28ec3307e4f1afb78,reading-task-tabular-2_post-task-question,1746144826230,1746144831815,5.585,0.09308333333333334,hjson
678f0bb28ec3307e4f1afb78,reading-task-tabular-3,1746144831929,1746144862276,30.347,0.5057833333333334,hjson
678f0bb28ec3307e4f1afb78,reading-task-tabular-3_post-task-question,1746144862511,1746144869119,6.608,0.11013333333333333,hjson
678f0bb28ec3307e4f1afb78,reading-task-tabular-4,1746144869255,1746144950210,80.955,1.34925,hjson
678f0bb28ec3307e4f1afb78,reading-task-tabular-4_post-task-question,1746144950456,1746144955648,5.192,0.08653333333333334,hjson
678f0bb28ec3307e4f1afb78,reading-task-tabular-5,1746144955799,1746144997447,41.648,0.6941333333333334,hjson
678f0bb28ec3307e4f1afb78,reading-task-tabular-5_post-task-question,1746144997729,1746145002400,4.671,0.07785,hjson
678f0bb28ec3307e4f1afb78,writing-task-tabular,1746145002506,1746145881479,878.973,14.64955,hjson
678f0bb28ec3307e4f1afb78,writing-task-tabular_post-task-question,1746145881727,1746145897447,15.72,0.262,hjson
678f0bb28ec3307e4f1afb78,modifying-task-tabular-1,1746145897554,1746146051163,153.609,2.56015,hjson
678f0bb28ec3307e4f1afb78,modifying-task-tabular-1_post-task-question,1746146051482,1746146055989,4.507,0.07511666666666666,hjson
678f0bb28ec3307e4f1afb78,modifying-task-tabular-2,1746146056110,1746146251540,195.43,3.257166666666667,hjson
678f0bb28ec3307e4f1afb78,modifying-task-tabular-2_post-task-question,1746146251912,1746146256508,4.596,0.0766,hjson
678f0bb28ec3307e4f1afb78,modifying-task-tabular-3,1746146256646,1746146336141,79.495,1.3249166666666667,hjson
678f0bb28ec3307e4f1afb78,modifying-task-tabular-3_post-task-question,1746146336509,1746146341152,4.643,0.07738333333333333,hjson
678f0bb28ec3307e4f1afb78,modifying-task-tabular-4,1746146341277,1746147092793,751.516,12.525266666666665,hjson
678f0bb28ec3307e4f1afb78,modifying-task-tabular-4_post-task-question,1746147093087,1746147104286,11.199,0.18665,hjson
678f0bb28ec3307e4f1afb78,$nasa-tlx.co.nasa-tlx,1746147104552,1746147150154,45.602,0.7600333333333332,hjson
678f0bb28ec3307e4f1afb78,post-task-survey-tlx,1746147150649,1746147257772,107.123,1.7853833333333333,hjson
678f0bb28ec3307e4f1afb78,unqualified,0,-1,-0.001,-1.6666666666666667e-05,hjson
67a754a5c8614c52a939d87b,introduction,1746148203750,1746148355327,151.577,2.526283333333333,hjson
67a754a5c8614c52a939d87b,qualifications,1746148355810,1746148371979,16.169,0.26948333333333335,hjson
67a754a5c8614c52a939d87b,consent,1746148372320,1746148675811,303.491,5.058183333333333,hjson
67a754a5c8614c52a939d87b,task,1746148676272,1746148900967,224.695,3.7449166666666667,hjson
67a754a5c8614c52a939d87b,writing-task-NL,1746148901224,1746149658434,757.21,12.620166666666668,hjson
67a754a5c8614c52a939d87b,writing-task-NL_post-task-question,1746149658932,1746149667095,8.163,0.13605,hjson
67a754a5c8614c52a939d87b,tutorial-part1,1746149667285,1746149964087,296.802,4.946700000000001,hjson
67a754a5c8614c52a939d87b,tutorial-part2,1746149964371,1746150005182,40.811,0.6801833333333334,hjson
67a754a5c8614c52a939d87b,reading-task-tabular-1,1746150005473,1746150094965,89.492,1.4915333333333334,hjson
67a754a5c8614c52a939d87b,reading-task-tabular-1_post-task-question,1746150095389,1746150103645,8.256,0.1376,hjson
67a754a5c8614c52a939d87b,reading-task-tabular-2,1746150103907,1746150202429,98.522,1.6420333333333335,hjson
67a754a5c8614c52a939d87b,reading-task-tabular-2_post-task-question,1746150202851,1746150209181,6.33,0.1055,hjson
67a754a5c8614c52a939d87b,reading-task-tabular-3,1746150209411,1746150240302,30.891,0.5148499999999999,hjson
67a754a5c8614c52a939d87b,reading-task-tabular-3_post-task-question,1746150240690,1746150250292,9.602,0.16003333333333333,hjson
67a754a5c8614c52a939d87b,reading-task-tabular-4,1746150250487,1746150355989,105.502,1.7583666666666666,hjson
67a754a5c8614c52a939d87b,reading-task-tabular-4_post-task-question,1746150356434,1746150361254,4.82,0.08033333333333334,hjson
67a754a5c8614c52a939d87b,reading-task-tabular-5,1746150361512,1746150404436,42.924,0.7154,hjson
67a754a5c8614c52a939d87b,reading-task-tabular-5_post-task-question,1746150404880,1746150408819,3.939,0.06565,hjson
67a754a5c8614c52a939d87b,writing-task-tabular,1746150409076,1746151530018,1120.942,18.682366666666667,hjson
67a754a5c8614c52a939d87b,writing-task-tabular_post-task-question,1746151530542,1746151536026,5.484,0.0914,hjson
67a754a5c8614c52a939d87b,modifying-task-tabular-1,1746151536295,1746151823910,287.615,4.793583333333333,hjson
67a754a5c8614c52a939d87b,modifying-task-tabular-1_post-task-question,1746151824329,1746151831039,6.71,0.11183333333333333,hjson
67a754a5c8614c52a939d87b,modifying-task-tabular-2,1746151831296,1746152001681,170.385,2.83975,hjson
67a754a5c8614c52a939d87b,modifying-task-tabular-2_post-task-question,1746152002178,1746152011374,9.196,0.15326666666666666,hjson
67a754a5c8614c52a939d87b,modifying-task-tabular-3,1746152011678,1746152405830,394.152,6.5691999999999995,hjson
67a754a5c8614c52a939d87b,modifying-task-tabular-3_post-task-question,1746152406537,1746152413835,7.298,0.12163333333333333,hjson
67a754a5c8614c52a939d87b,modifying-task-tabular-4,1746152414171,1746153148015,733.844,12.230733333333335,hjson
67a754a5c8614c52a939d87b,modifying-task-tabular-4_post-task-question,1746153148587,1746153154765,6.178,0.10296666666666666,hjson
67a754a5c8614c52a939d87b,$nasa-tlx.co.nasa-tlx,1746153155384,1746153185702,30.318,0.5053,hjson
67a754a5c8614c52a939d87b,post-task-survey-tlx,1746153186389,1746153272094,85.705,1.4284166666666667,hjson
67a754a5c8614c52a939d87b,unqualified,0,-1,-0.001,-1.6666666666666667e-05,hjson
67ab214c2cde1be7c45535ac,introduction,1745931846682,1745931876301,29.619,0.49365,jsonc
67ab214c2cde1be7c45535ac,qualifications,1745931877016,1745931880944,3.928,0.06546666666666666,jsonc
67ab214c2cde1be7c45535ac,consent,1745931881601,1745932040232,158.631,2.64385,jsonc
67ab214c2cde1be7c45535ac,task,1745932040910,1745932046565,5.655,0.09425,jsonc
67ab214c2cde1be7c45535ac,writing-task-NL,1745932046913,1745932249704,202.791,3.37985,jsonc
67ab214c2cde1be7c45535ac,writing-task-NL_post-task-question,1745932250472,1745932256736,6.264,0.1044,jsonc
67ab214c2cde1be7c45535ac,tutorial-part1,1745932529622,1745932539808,10.186,0.16976666666666668,jsonc
67ab214c2cde1be7c45535ac,tutorial-part2,1745933073561,1745933106992,33.431,0.5571833333333333,jsonc
67ab214c2cde1be7c45535ac,reading-task-tabular-1,1745933107504,1745933188927,81.423,1.35705,jsonc
67ab214c2cde1be7c45535ac,reading-task-tabular-1_post-task-question,1745933189627,1745933200288,10.661,0.17768333333333333,jsonc
67ab214c2cde1be7c45535ac,reading-task-tabular-2,1745933200888,1745933217879,16.991,0.28318333333333334,jsonc
67ab214c2cde1be7c45535ac,reading-task-tabular-2_post-task-question,1745933218571,1745933223394,4.823,0.08038333333333333,jsonc
67ab214c2cde1be7c45535ac,reading-task-tabular-3,1745933223832,1745933234811,10.979,0.18298333333333333,jsonc
67ab214c2cde1be7c45535ac,reading-task-tabular-3_post-task-question,1745933235468,1745933241379,5.911,0.09851666666666666,jsonc
67ab214c2cde1be7c45535ac,reading-task-tabular-4,1745933241737,1745933264427,22.69,0.3781666666666667,jsonc
67ab214c2cde1be7c45535ac,reading-task-tabular-4_post-task-question,1745933265074,1745933271880,6.806,0.11343333333333333,jsonc
67ab214c2cde1be7c45535ac,reading-task-tabular-5,1745933272279,1745933317616,45.337,0.7556166666666667,jsonc
67ab214c2cde1be7c45535ac,reading-task-tabular-5_post-task-question,1745933318299,1745933324376,6.077,0.10128333333333334,jsonc
67ab214c2cde1be7c45535ac,writing-task-tabular,1745933324777,1745933775761,450.984,7.5164,jsonc
67ab214c2cde1be7c45535ac,writing-task-tabular_post-task-question,1745933776442,1745933783831,7.389,0.12315000000000001,jsonc
67ab214c2cde1be7c45535ac,modifying-task-tabular-1,1745933784242,1745933900139,115.897,1.9316166666666668,jsonc
67ab214c2cde1be7c45535ac,modifying-task-tabular-1_post-task-question,1745933900831,1745933906689,5.858,0.09763333333333332,jsonc
67ab214c2cde1be7c45535ac,modifying-task-tabular-2,1745933907100,1745933989079,81.979,1.3663166666666666,jsonc
67ab214c2cde1be7c45535ac,modifying-task-tabular-2_post-task-question,1745933989769,1745934000338,10.569,0.17615,jsonc
67ab214c2cde1be7c45535ac,modifying-task-tabular-3,1745934000779,1745934044978,44.199,0.7366499999999999,jsonc
67ab214c2cde1be7c45535ac,modifying-task-tabular-3_post-task-question,1745934045675,1745934075669,29.994,0.4999,jsonc
67ab214c2cde1be7c45535ac,modifying-task-tabular-4,1745934076077,1745934214048,137.971,2.299516666666667,jsonc
67ab214c2cde1be7c45535ac,modifying-task-tabular-4_post-task-question,1745934214768,1745934222567,7.799,0.12998333333333334,jsonc
67ab214c2cde1be7c45535ac,$nasa-tlx.co.nasa-tlx,1745934223410,1745934250743,27.333,0.45554999999999995,jsonc
67ab214c2cde1be7c45535ac,post-task-survey-tlx,1745934251723,1745934366318,114.595,1.9099166666666667,jsonc
67ab214c2cde1be7c45535ac,unqualified,0,-1,-0.001,-1.6666666666666667e-05,jsonc
67ab57e88fd0774428bd1f32,introduction,1746147529952,1746147567184,37.232,0.6205333333333333,xml
67ab57e88fd0774428bd1f32,qualifications,1746147567860,1746147577027,9.167,0.15278333333333333,xml
67ab57e88fd0774428bd1f32,consent,1746147577637,1746147611493,33.856,0.5642666666666667,xml
67ab57e88fd0774428bd1f32,task,1746147612131,1746147653192,41.061,0.68435,xml
67ab57e88fd0774428bd1f32,writing-task-NL,1746147653550,1746147947677,294.127,4.902116666666667,xml
67ab57e88fd0774428bd1f32,writing-task-NL_post-task-question,1746147948813,1746147962490,13.677,0.22794999999999999,xml
67ab57e88fd0774428bd1f32,tutorial-part1,1746147962941,1746148112850,149.909,2.498483333333333,xml
67ab57e88fd0774428bd1f32,tutorial-part2,1746148113353,1746148296714,183.361,3.0560166666666664,xml
67ab57e88fd0774428bd1f32,reading-task-tabular-1,1746148297294,1746148363979,66.685,1.1114166666666667,xml
67ab57e88fd0774428bd1f32,reading-task-tabular-1_post-task-question,1746148364913,1746148377093,12.18,0.20299999999999999,xml
67ab57e88fd0774428bd1f32,reading-task-tabular-2,1746148377530,1746148477383,99.853,1.6642166666666667,xml
67ab57e88fd0774428bd1f32,reading-task-tabular-2_post-task-question,1746148478328,1746148485747,7.419,0.12365,xml
67ab57e88fd0774428bd1f32,reading-task-tabular-3,1746148486238,1746148596490,110.252,1.8375333333333332,xml
67ab57e88fd0774428bd1f32,reading-task-tabular-3_post-task-question,1746148597318,1746148604732,7.414,0.12356666666666666,xml
67ab57e88fd0774428bd1f32,reading-task-tabular-4,1746148605308,1746148746362,141.054,2.3509,xml
67ab57e88fd0774428bd1f32,reading-task-tabular-4_post-task-question,1746148747188,1746148753096,5.908,0.09846666666666667,xml
67ab57e88fd0774428bd1f32,reading-task-tabular-5,1746148753504,1746148874792,121.288,2.0214666666666665,xml
67ab57e88fd0774428bd1f32,reading-task-tabular-5_post-task-question,1746148875435,1746148881017,5.582,0.09303333333333333,xml
67ab57e88fd0774428bd1f32,writing-task-tabular,1746148881412,1746149954587,1073.175,17.88625,xml
67ab57e88fd0774428bd1f32,writing-task-tabular_post-task-question,1746149955478,1746149960077,4.599,0.07665000000000001,xml
67ab57e88fd0774428bd1f32,modifying-task-tabular-1,1746149960499,1746150083825,123.326,2.0554333333333332,xml
67ab57e88fd0774428bd1f32,modifying-task-tabular-1_post-task-question,1746150084748,1746150127488,42.74,0.7123333333333334,xml
67ab57e88fd0774428bd1f32,modifying-task-tabular-2,1746150127955,1746150147985,20.03,0.33383333333333337,xml
67ab57e88fd0774428bd1f32,modifying-task-tabular-2_post-task-question,1746150148713,1746150154742,6.029,0.10048333333333333,xml
67ab57e88fd0774428bd1f32,modifying-task-tabular-3,1746150503282,1746150679921,176.639,2.9439833333333336,xml
67ab57e88fd0774428bd1f32,modifying-task-tabular-3_post-task-question,1746150681024,1746150685660,4.636,0.07726666666666666,xml
67ab57e88fd0774428bd1f32,modifying-task-tabular-4,1746150686150,1746151252497,566.347,9.439116666666667,xml
67ab57e88fd0774428bd1f32,modifying-task-tabular-4_post-task-question,1746151253662,1746151275058,21.396,0.35660000000000003,xml
67ab57e88fd0774428bd1f32,$nasa-tlx.co.nasa-tlx,1746151276059,1746151298333,22.274,0.37123333333333336,xml
67ab57e88fd0774428bd1f32,post-task-survey-tlx,1746151299540,1746151407621,108.081,1.80135,xml
67ab57e88fd0774428bd1f32,unqualified,0,-1,-0.001,-1.6666666666666667e-05,xml
67ab650c320eccf6141d4010,introduction,1746143390542,1746143413954,23.412,0.3902,jsonc
67ab650c320eccf6141d4010,qualifications,1746144226675,1746144245540,18.865,0.3144166666666666,jsonc
67ab650c320eccf6141d4010,consent,1746144246027,1746144303618,57.591,0.95985,jsonc
67ab650c320eccf6141d4010,task,1746144304188,1746144341776,37.588,0.6264666666666667,jsonc
67ab650c320eccf6141d4010,writing-task-NL,1746144342414,1746144910065,567.651,9.460849999999999,jsonc
67ab650c320eccf6141d4010,writing-task-NL_post-task-question,1746144910806,1746144925638,14.832,0.2472,jsonc
67ab650c320eccf6141d4010,tutorial-part1,1746144926047,1746145215233,289.186,4.819766666666666,jsonc
67ab650c320eccf6141d4010,tutorial-part2,1746145215635,1746145309195,93.56,1.5593333333333335,jsonc
67ab650c320eccf6141d4010,reading-task-tabular-1,1746145309474,1746145418397,108.923,1.8153833333333333,jsonc
67ab650c320eccf6141d4010,reading-task-tabular-1_post-task-question,1746145419059,1746145433835,14.776,0.24626666666666666,jsonc
67ab650c320eccf6141d4010,reading-task-tabular-2,1746145434204,1746145526162,91.958,1.5326333333333333,jsonc
67ab650c320eccf6141d4010,reading-task-tabular-2_post-task-question,1746145526715,1746145533442,6.727,0.11211666666666667,jsonc
67ab650c320eccf6141d4010,reading-task-tabular-3,1746145533913,1746145717396,183.483,3.05805,jsonc
67ab650c320eccf6141d4010,reading-task-tabular-3_post-task-question,1746145717990,1746145726445,8.455,0.14091666666666666,jsonc
67ab650c320eccf6141d4010,reading-task-tabular-4,1746145726730,1746145875053,148.323,2.4720500000000003,jsonc
67ab650c320eccf6141d4010,reading-task-tabular-4_post-task-question,1746145875629,1746145884078,8.449,0.14081666666666667,jsonc
67ab650c320eccf6141d4010,reading-task-tabular-5,1746145884493,1746146017741,133.248,2.2207999999999997,jsonc
67ab650c320eccf6141d4010,reading-task-tabular-5_post-task-question,1746146018219,1746146023873,5.654,0.09423333333333334,jsonc
67ab650c320eccf6141d4010,writing-task-tabular,1746146024272,1746147272533,1248.261,20.80435,jsonc
67ab650c320eccf6141d4010,writing-task-tabular_post-task-question,1746147273259,1746147282833,9.574,0.15956666666666666,jsonc
67ab650c320eccf6141d4010,modifying-task-tabular-1,1746147283121,1746147382692,99.571,1.6595166666666665,jsonc
67ab650c320eccf6141d4010,modifying-task-tabular-1_post-task-question,1746147383225,1746147391638,8.413,0.14021666666666668,jsonc
67ab650c320eccf6141d4010,modifying-task-tabular-2,1746147392081,1746147432521,40.44,0.6739999999999999,jsonc
67ab650c320eccf6141d4010,modifying-task-tabular-2_post-task-question,1746147433088,1746147442754,9.666,0.1611,jsonc
67ab650c320eccf6141d4010,modifying-task-tabular-3,1746147443057,1746147473168,30.111,0.50185,jsonc
67ab650c320eccf6141d4010,modifying-task-tabular-3_post-task-question,1746147473797,1746147480817,7.02,0.11699999999999999,jsonc
67ab650c320eccf6141d4010,modifying-task-tabular-4,1746147481236,1746147493284,12.048,0.2008,jsonc
67ab650c320eccf6141d4010,modifying-task-tabular-4_post-task-question,1746147493875,1746147500215,6.34,0.10566666666666666,jsonc
67ab650c320eccf6141d4010,$nasa-tlx.co.nasa-tlx,1746147500734,1746147519483,18.749,0.31248333333333334,jsonc
67ab650c320eccf6141d4010,post-task-survey-tlx,1746147520202,1746147573404,53.202,0.8866999999999999,jsonc
67ab650c320eccf6141d4010,unqualified,0,-1,-0.001,-1.6666666666666667e-05,jsonc
67adb27bd5f5776fcb16da62,introduction,1746143317097,1746143338425,21.328,0.35546666666666665,hjson
67adb27bd5f5776fcb16da62,qualifications,1746143963002,1746144006996,43.994,0.7332333333333333,hjson
67adb27bd5f5776fcb16da62,consent,1746144008379,1746144113623,105.244,1.7540666666666667,hjson
67adb27bd5f5776fcb16da62,task,1746144114840,1746144235144,120.304,2.0050666666666666,hjson
67adb27bd5f5776fcb16da62,writing-task-NL,1746144235420,1746144610421,375.001,6.250016666666666,hjson
67adb27bd5f5776fcb16da62,writing-task-NL_post-task-question,1746144615564,1746144626072,10.508,0.1751333333333333,hjson
67adb27bd5f5776fcb16da62,tutorial-part1,1746144626561,1746145289409,662.848,11.047466666666667,hjson
67adb27bd5f5776fcb16da62,tutorial-part2,1746145300435,1746145444130,143.695,2.3949166666666666,hjson
67adb27bd5f5776fcb16da62,reading-task-tabular-1,1746145448981,1746145614988,166.007,2.7667833333333336,hjson
67adb27bd5f5776fcb16da62,reading-task-tabular-1_post-task-question,1746145615510,1746145624138,8.628,0.1438,hjson
67adb27bd5f5776fcb16da62,reading-task-tabular-2,1746145624754,1746145764677,139.923,2.33205,hjson
67adb27bd5f5776fcb16da62,reading-task-tabular-2_post-task-question,1746145765008,1746145775017,10.009,0.16681666666666667,hjson
67adb27bd5f5776fcb16da62,reading-task-tabular-3,1746145776381,1746145870798,94.417,1.5736166666666667,hjson
67adb27bd5f5776fcb16da62,reading-task-tabular-3_post-task-question,1746145871250,1746145879354,8.104,0.13506666666666664,hjson
67adb27bd5f5776fcb16da62,reading-task-tabular-4,1746145879603,1746145964893,85.29,1.4215000000000002,hjson
67adb27bd5f5776fcb16da62,reading-task-tabular-4_post-task-question,1746145965429,1746145973508,8.079,0.13465000000000002,hjson
67adb27bd5f5776fcb16da62,reading-task-tabular-5,1746145973796,1746146228465,254.669,4.244483333333333,hjson
67adb27bd5f5776fcb16da62,reading-task-tabular-5_post-task-question,1746146228860,1746146238381,9.521,0.15868333333333334,hjson
67adb27bd5f5776fcb16da62,writing-task-tabular,1746146238628,1746146764449,525.821,8.763683333333335,hjson
67adb27bd5f5776fcb16da62,writing-task-tabular_post-task-question,1746146765439,1746146787422,21.983,0.36638333333333334,hjson
67adb27bd5f5776fcb16da62,modifying-task-tabular-1,1746146787684,1746147083895,296.211,4.936850000000001,hjson
67adb27bd5f5776fcb16da62,modifying-task-tabular-1_post-task-question,1746147085054,1746147096748,11.694,0.19490000000000002,hjson
67adb27bd5f5776fcb16da62,modifying-task-tabular-2,1746147097081,1746147260845,163.764,2.7294,hjson
67adb27bd5f5776fcb16da62,modifying-task-tabular-2_post-task-question,1746147261437,1746147292982,31.545,0.52575,hjson
67adb27bd5f5776fcb16da62,modifying-task-tabular-3,1746147293415,1746147364150,70.735,1.1789166666666666,hjson
67adb27bd5f5776fcb16da62,modifying-task-tabular-3_post-task-question,1746147364596,1746147371563,6.967,0.11611666666666666,hjson
67adb27bd5f5776fcb16da62,modifying-task-tabular-4,1746147371849,1746147498661,126.812,2.1135333333333333,hjson
67adb27bd5f5776fcb16da62,modifying-task-tabular-4_post-task-question,1746147499078,1746147508751,9.673,0.16121666666666667,hjson
67adb27bd5f5776fcb16da62,$nasa-tlx.co.nasa-tlx,1746147510098,1746147559334,49.236,0.8206,hjson
67adb27bd5f5776fcb16da62,post-task-survey-tlx,1746147560523,1746147715684,155.161,2.5860166666666666,hjson
67adb27bd5f5776fcb16da62,unqualified,0,-1,-0.001,-1.6666666666666667e-05,hjson
67adb520391eb17f214a50b4,introduction,1746143652856,1746143668435,15.579,0.25965,yaml
67adb520391eb17f214a50b4,qualifications,1746143668889,1746143679987,11.098,0.18496666666666667,yaml
67adb520391eb17f214a50b4,consent,1746143680340,1746143743780,63.44,1.0573333333333332,yaml
67adb520391eb17f214a50b4,task,1746143744157,1746143847081,102.924,1.7154,yaml
67adb520391eb17f214a50b4,writing-task-NL,1746143847288,1746144386107,538.819,8.980316666666665,yaml
67adb520391eb17f214a50b4,writing-task-NL_post-task-question,1746144386523,1746144404008,17.485,0.29141666666666666,yaml
67adb520391eb17f214a50b4,tutorial-part1,1746144404218,1746144799945,395.727,6.59545,yaml
67adb520391eb17f214a50b4,tutorial-part2,1746144800181,1746144977711,177.53,2.958833333333333,yaml
67adb520391eb17f214a50b4,reading-task-tabular-1,1746144977958,1746145091871,113.913,1.89855,yaml
67adb520391eb17f214a50b4,reading-task-tabular-1_post-task-question,1746145092245,1746145101382,9.137,0.15228333333333335,yaml
67adb520391eb17f214a50b4,reading-task-tabular-2,1746145101616,1746145132983,31.367,0.5227833333333334,yaml
67adb520391eb17f214a50b4,reading-task-tabular-2_post-task-question,1746145133371,1746145140738,7.367,0.12278333333333333,yaml
67adb520391eb17f214a50b4,reading-task-tabular-3,1746145140979,1746145174481,33.502,0.5583666666666667,yaml
67adb520391eb17f214a50b4,reading-task-tabular-3_post-task-question,1746145174848,1746145181649,6.801,0.11335,yaml
67adb520391eb17f214a50b4,reading-task-tabular-4,1746145181912,1746145262104,80.192,1.3365333333333331,yaml
67adb520391eb17f214a50b4,reading-task-tabular-4_post-task-question,1746145262451,1746145267910,5.459,0.09098333333333333,yaml
67adb520391eb17f214a50b4,reading-task-tabular-5,1746145268147,1746145343890,75.743,1.2623833333333332,yaml
67adb520391eb17f214a50b4,reading-task-tabular-5_post-task-question,1746145344272,1746145350552,6.28,0.10466666666666667,yaml
67adb520391eb17f214a50b4,writing-task-tabular,1746145350773,1746146081642,730.869,12.18115,yaml
67adb520391eb17f214a50b4,writing-task-tabular_post-task-question,1746146082028,1746146092851,10.823,0.18038333333333334,yaml
67adb520391eb17f214a50b4,modifying-task-tabular-1,1746146093099,1746146491665,398.566,6.642766666666666,yaml
67adb520391eb17f214a50b4,modifying-task-tabular-1_post-task-question,1746146492129,1746146498160,6.031,0.10051666666666666,yaml
67adb520391eb17f214a50b4,modifying-task-tabular-2,1746146498428,1746146632524,134.096,2.234933333333333,yaml
67adb520391eb17f214a50b4,modifying-task-tabular-2_post-task-question,1746146632921,1746146639335,6.414,0.1069,yaml
67adb520391eb17f214a50b4,modifying-task-tabular-3,1746146639597,1746146931010,291.413,4.856883333333333,yaml
67adb520391eb17f214a50b4,modifying-task-tabular-3_post-task-question,1746146931612,1746146939697,8.085,0.13475,yaml
67adb520391eb17f214a50b4,modifying-task-tabular-4,1746146940230,1746147270785,330.555,5.50925,yaml
67adb520391eb17f214a50b4,modifying-task-tabular-4_post-task-question,1746147271404,1746147278512,7.108,0.11846666666666666,yaml
67adb520391eb17f214a50b4,$nasa-tlx.co.nasa-tlx,1746147279348,1746147359405,80.057,1.3342833333333333,yaml
67adb520391eb17f214a50b4,post-task-survey-tlx,1746147360356,1746147436180,75.824,1.2637333333333334,yaml
67adb520391eb17f214a50b4,unqualified,0,-1,-0.001,-1.6666666666666667e-05,yaml
67aee0dfad3492b61a9ba0eb,introduction,1746149065161,1746149070321,5.16,0.08600000000000001,jsonc
67aee0dfad3492b61a9ba0eb,qualifications,1746149070417,1746149077465,7.048,0.11746666666666666,jsonc
67aee0dfad3492b61a9ba0eb,consent,1746149077603,1746149140504,62.901,1.0483500000000001,jsonc
67aee0dfad3492b61a9ba0eb,task,1746149140614,1746149146163,5.549,0.09248333333333333,jsonc
67aee0dfad3492b61a9ba0eb,writing-task-NL,1746149146268,1746149483610,337.342,5.622366666666666,jsonc
67aee0dfad3492b61a9ba0eb,writing-task-NL_post-task-question,1746149483725,1746149494259,10.534,0.17556666666666668,jsonc
67aee0dfad3492b61a9ba0eb,tutorial-part1,1746149494326,1746149960794,466.468,7.774466666666667,jsonc
67aee0dfad3492b61a9ba0eb,tutorial-part2,1746149960908,1746150135705,174.797,2.9132833333333332,jsonc
67aee0dfad3492b61a9ba0eb,reading-task-tabular-1,1746150135807,1746150154204,18.397,0.30661666666666665,jsonc
67aee0dfad3492b61a9ba0eb,reading-task-tabular-1_post-task-question,1746150154306,1746150160886,6.58,0.10966666666666666,jsonc
67aee0dfad3492b61a9ba0eb,reading-task-tabular-2,1746150160978,1746150220410,59.432,0.9905333333333334,jsonc
67aee0dfad3492b61a9ba0eb,reading-task-tabular-2_post-task-question,1746150220544,1746150227277,6.733,0.11221666666666666,jsonc
67aee0dfad3492b61a9ba0eb,reading-task-tabular-3,1746150227367,1746150265359,37.992,0.6332,jsonc
67aee0dfad3492b61a9ba0eb,reading-task-tabular-3_post-task-question,1746150265520,1746150270967,5.447,0.09078333333333334,jsonc
67aee0dfad3492b61a9ba0eb,reading-task-tabular-4,1746150271023,1746150281650,10.627,0.17711666666666667,jsonc
67aee0dfad3492b61a9ba0eb,reading-task-tabular-4_post-task-question,1746150281775,1746150287350,5.575,0.09291666666666668,jsonc
67aee0dfad3492b61a9ba0eb,reading-task-tabular-5,1746150287427,1746150328382,40.955,0.6825833333333333,jsonc
67aee0dfad3492b61a9ba0eb,reading-task-tabular-5_post-task-question,1746150328497,1746150333718,5.221,0.08701666666666667,jsonc
67aee0dfad3492b61a9ba0eb,writing-task-tabular,1746150333782,1746151111210,777.428,12.957133333333333,jsonc
67aee0dfad3492b61a9ba0eb,writing-task-tabular_post-task-question,1746151111334,1746151117020,5.686,0.09476666666666667,jsonc
67aee0dfad3492b61a9ba0eb,modifying-task-tabular-1,1746151117086,1746151221271,104.185,1.7364166666666667,jsonc
67aee0dfad3492b61a9ba0eb,modifying-task-tabular-1_post-task-question,1746151221399,1746151227200,5.801,0.09668333333333333,jsonc
67aee0dfad3492b61a9ba0eb,modifying-task-tabular-2,1746151227265,1746151519526,292.261,4.871016666666667,jsonc
67aee0dfad3492b61a9ba0eb,modifying-task-tabular-2_post-task-question,1746151519645,1746151525435,5.79,0.0965,jsonc
67aee0dfad3492b61a9ba0eb,modifying-task-tabular-3,1746151525515,1746151711739,186.224,3.103733333333333,jsonc
67aee0dfad3492b61a9ba0eb,modifying-task-tabular-3_post-task-question,1746151711900,1746151718204,6.304,0.10506666666666667,jsonc
67aee0dfad3492b61a9ba0eb,modifying-task-tabular-4,1746151718296,1746151940145,221.849,3.697483333333333,jsonc
67aee0dfad3492b61a9ba0eb,modifying-task-tabular-4_post-task-question,1746151940339,1746151949606,9.267,0.15445,jsonc
67aee0dfad3492b61a9ba0eb,$nasa-tlx.co.nasa-tlx,1746151949750,1746151992000,42.25,0.7041666666666667,jsonc
67aee0dfad3492b61a9ba0eb,post-task-survey-tlx,1746151992200,1746152102170,109.97,1.8328333333333333,jsonc
67aee0dfad3492b61a9ba0eb,unqualified,0,-1,-0.001,-1.6666666666666667e-05,jsonc
67bf88cc763aae600b429a3e,introduction,1746149674236,1746149781013,106.777,1.7796166666666666,toml
67bf88cc763aae600b429a3e,qualifications,1746149781495,1746149789518,8.023,0.13371666666666665,toml
67bf88cc763aae600b429a3e,consent,1746149789949,1746149822947,32.998,0.5499666666666666,toml
67bf88cc763aae600b429a3e,task,1746149823332,1746149861189,37.857,0.63095,toml
67bf88cc763aae600b429a3e,writing-task-NL,1746149861525,1746150186324,324.799,5.413316666666666,toml
67bf88cc763aae600b429a3e,writing-task-NL_post-task-question,1746150186800,1746150210933,24.133,0.40221666666666667,toml
67bf88cc763aae600b429a3e,tutorial-part1,1746150211187,1746150592462,381.275,6.354583333333333,toml
67bf88cc763aae600b429a3e,tutorial-part2,1746150592713,1746150726134,133.421,2.2236833333333332,toml
67bf88cc763aae600b429a3e,reading-task-tabular-1,1746150726411,1746150822268,95.857,1.5976166666666667,toml
67bf88cc763aae600b429a3e,reading-task-tabular-1_post-task-question,1746150822686,1746150832817,10.131,0.16885,toml
67bf88cc763aae600b429a3e,reading-task-tabular-2,1746150833061,1746150916296,83.235,1.38725,toml
67bf88cc763aae600b429a3e,reading-task-tabular-2_post-task-question,1746150916905,1746150931483,14.578,0.24296666666666666,toml
67bf88cc763aae600b429a3e,reading-task-tabular-3,1746150931718,1746151010004,78.286,1.3047666666666666,toml
67bf88cc763aae600b429a3e,reading-task-tabular-3_post-task-question,1746151010400,1746151015810,5.41,0.09016666666666667,toml
67bf88cc763aae600b429a3e,reading-task-tabular-4,1746151016077,1746151087602,71.525,1.1920833333333334,toml
67bf88cc763aae600b429a3e,reading-task-tabular-4_post-task-question,1746151088064,1746151093014,4.95,0.0825,toml
67bf88cc763aae600b429a3e,reading-task-tabular-5,1746151093236,1746151278146,184.91,3.0818333333333334,toml
67bf88cc763aae600b429a3e,reading-task-tabular-5_post-task-question,1746151278635,1746151283944,5.309,0.08848333333333333,toml
67bf88cc763aae600b429a3e,writing-task-tabular,1746151284153,1746151714629,430.476,7.1746,toml
67bf88cc763aae600b429a3e,writing-task-tabular_post-task-question,1746151715149,1746151720480,5.331,0.08885000000000001,toml
67bf88cc763aae600b429a3e,modifying-task-tabular-1,1746151720719,1746151858974,138.255,2.30425,toml
67bf88cc763aae600b429a3e,modifying-task-tabular-1_post-task-question,1746151859419,1746151869410,9.991,0.16651666666666667,toml
67bf88cc763aae600b429a3e,modifying-task-tabular-2,1746151869636,1746152069521,199.885,3.3314166666666667,toml
67bf88cc763aae600b429a3e,modifying-task-tabular-2_post-task-question,1746152069933,1746152074492,4.559,0.07598333333333333,toml
67bf88cc763aae600b429a3e,modifying-task-tabular-3,1746152074768,1746152136301,61.533,1.02555,toml
67bf88cc763aae600b429a3e,modifying-task-tabular-3_post-task-question,1746152136808,1746152142775,5.967,0.09945,toml
67bf88cc763aae600b429a3e,modifying-task-tabular-4,1746152143020,1746152400460,257.44,4.290666666666667,toml
67bf88cc763aae600b429a3e,modifying-task-tabular-4_post-task-question,1746152400911,1746152405825,4.914,0.0819,toml
67bf88cc763aae600b429a3e,$nasa-tlx.co.nasa-tlx,1746152406270,1746152431331,25.061,0.41768333333333335,toml
67bf88cc763aae600b429a3e,post-task-survey-tlx,1746152432053,1746152544622,112.569,1.87615,toml
67bf88cc763aae600b429a3e,unqualified,0,-1,-0.001,-1.6666666666666667e-05,toml
67c246023b44ca64d40ae45a,introduction,1745938435916,1745938520054,84.138,1.4023,json5
67c246023b44ca64d40ae45a,qualifications,1745938520356,1745938553966,33.61,0.5601666666666667,json5
67c246023b44ca64d40ae45a,consent,1745938554244,1745938616702,62.458,1.0409666666666666,json5
67c246023b44ca64d40ae45a,task,1745938616954,1745939123898,506.944,8.449066666666667,json5
67c246023b44ca64d40ae45a,writing-task-NL,1745939124136,1745940086310,962.174,16.036233333333332,json5
67c246023b44ca64d40ae45a,writing-task-NL_post-task-question,1745940086648,1745940102720,16.072,0.26786666666666664,json5
67c246023b44ca64d40ae45a,tutorial-part1,1745940102872,1745940326702,223.83,3.7305,json5
67c246023b44ca64d40ae45a,tutorial-part2,1745940326862,1745940402870,76.008,1.2668,json5
67c246023b44ca64d40ae45a,reading-task-tabular-1,1745940403085,1745940518757,115.672,1.9278666666666666,json5
67c246023b44ca64d40ae45a,reading-task-tabular-1_post-task-question,1745940519059,1745940532765,13.706,0.22843333333333332,json5
67c246023b44ca64d40ae45a,reading-task-tabular-2,1745940532896,1745940563885,30.989,0.5164833333333333,json5
67c246023b44ca64d40ae45a,reading-task-tabular-2_post-task-question,1745940564102,1745940568669,4.567,0.07611666666666667,json5
67c246023b44ca64d40ae45a,reading-task-tabular-3,1745940568779,1745940723821,155.042,2.584033333333333,json5
67c246023b44ca64d40ae45a,reading-task-tabular-3_post-task-question,1745940724060,1745940731511,7.451,0.12418333333333333,json5
67c246023b44ca64d40ae45a,reading-task-tabular-4,1745940731679,1745940830582,98.903,1.6483833333333335,json5
67c246023b44ca64d40ae45a,reading-task-tabular-4_post-task-question,1745940830857,1745940836197,5.34,0.089,json5
67c246023b44ca64d40ae45a,reading-task-tabular-5,1745940836339,1745941032973,196.634,3.277233333333333,json5
67c246023b44ca64d40ae45a,reading-task-tabular-5_post-task-question,1745941033325,1745941039925,6.6,0.11,json5
67c246023b44ca64d40ae45a,writing-task-tabular,1745941040102,1745941516767,476.665,7.944416666666667,json5
67c246023b44ca64d40ae45a,writing-task-tabular_post-task-question,1745941516996,1745941524557,7.561,0.12601666666666667,json5
67c246023b44ca64d40ae45a,modifying-task-tabular-1,1745941524703,1745941691397,166.694,2.778233333333333,json5
67c246023b44ca64d40ae45a,modifying-task-tabular-1_post-task-question,1745941691638,1745941697967,6.329,0.10548333333333333,json5
67c246023b44ca64d40ae45a,modifying-task-tabular-2,1745941698138,1745941721237,23.099,0.38498333333333334,json5
67c246023b44ca64d40ae45a,modifying-task-tabular-2_post-task-question,1745941721471,1745941727733,6.262,0.10436666666666666,json5
67c246023b44ca64d40ae45a,modifying-task-tabular-3,1745941727849,1745941756701,28.852,0.48086666666666666,json5
67c246023b44ca64d40ae45a,modifying-task-tabular-3_post-task-question,1745941756928,1745941761509,4.581,0.07635,json5
67c246023b44ca64d40ae45a,modifying-task-tabular-4,1745941761631,1745941942023,180.392,3.006533333333333,json5
67c246023b44ca64d40ae45a,modifying-task-tabular-4_post-task-question,1745941942346,1745941947045,4.699,0.07831666666666666,json5
67c246023b44ca64d40ae45a,$nasa-tlx.co.nasa-tlx,1745941947361,1745941974709,27.348,0.4558,json5
67c246023b44ca64d40ae45a,post-task-survey-tlx,1745941975009,1745942059967,84.958,1.4159666666666666,json5
67c246023b44ca64d40ae45a,unqualified,0,-1,-0.001,-1.6666666666666667e-05,json5
67cb01a82dda2577eb6ee320,introduction,1746391220331,1746391245976,25.645,0.42741666666666667,json
67cb01a82dda2577eb6ee320,qualifications,1746391246278,1746391376783,130.505,2.1750833333333333,json
67cb01a82dda2577eb6ee320,consent,1746391377111,1746391417324,40.213,0.6702166666666667,json
67cb01a82dda2577eb6ee320,task,1746391417643,1746391479713,62.07,1.0345,json
67cb01a82dda2577eb6ee320,writing-task-NL,1746391479878,1746391812783,332.905,5.548416666666666,json
67cb01a82dda2577eb6ee320,writing-task-NL_post-task-question,1746391813075,1746391829591,16.516,0.27526666666666666,json
67cb01a82dda2577eb6ee320,tutorial-part1,1746391829774,1746392839750,1009.976,16.832933333333333,json
67cb01a82dda2577eb6ee320,tutorial-part2,1746392840066,1746393251363,411.297,6.8549500000000005,json
67cb01a82dda2577eb6ee320,reading-task-tabular-1,1746393251647,1746393747417,495.77,8.262833333333333,json
67cb01a82dda2577eb6ee320,reading-task-tabular-1_post-task-question,1746393747716,1746393753914,6.198,0.1033,json
67cb01a82dda2577eb6ee320,reading-task-tabular-2,1746393754153,1746393828160,74.007,1.2334500000000002,json
67cb01a82dda2577eb6ee320,reading-task-tabular-2_post-task-question,1746393828511,1746393832700,4.189,0.06981666666666667,json
67cb01a82dda2577eb6ee320,reading-task-tabular-3,1746393832918,1746393923306,90.388,1.5064666666666668,json
67cb01a82dda2577eb6ee320,reading-task-tabular-3_post-task-question,1746393923623,1746393926703,3.08,0.051333333333333335,json
67cb01a82dda2577eb6ee320,reading-task-tabular-4,1746393926865,1746393990801,63.936,1.0656,json
67cb01a82dda2577eb6ee320,reading-task-tabular-4_post-task-question,1746393991136,1746393994877,3.741,0.06235,json
67cb01a82dda2577eb6ee320,reading-task-tabular-5,1746393995040,1746394121316,126.276,2.1046,json
67cb01a82dda2577eb6ee320,reading-task-tabular-5_post-task-question,1746394121661,1746394124034,2.373,0.03955,json
67cb01a82dda2577eb6ee320,writing-task-tabular,1746394124168,1746395164920,1040.752,17.345866666666666,json
67cb01a82dda2577eb6ee320,writing-task-tabular_post-task-question,1746395165266,1746395172438,7.172,0.11953333333333332,json
67cb01a82dda2577eb6ee320,modifying-task-tabular-1,1746395172595,1746395512253,339.658,5.660966666666667,json
67cb01a82dda2577eb6ee320,modifying-task-tabular-1_post-task-question,1746395512635,1746395517525,4.89,0.08149999999999999,json
67cb01a82dda2577eb6ee320,modifying-task-tabular-2,1746395517732,1746395743106,225.374,3.7562333333333333,json
67cb01a82dda2577eb6ee320,modifying-task-tabular-2_post-task-question,1746395743465,1746395749056,5.591,0.09318333333333334,json
67cb01a82dda2577eb6ee320,modifying-task-tabular-3,1746395749324,1746396197192,447.868,7.464466666666667,json
67cb01a82dda2577eb6ee320,modifying-task-tabular-3_post-task-question,1746396197571,1746396200285,2.714,0.045233333333333334,json
67cb01a82dda2577eb6ee320,modifying-task-tabular-4,1746396200520,1746397115789,915.269,15.254483333333333,json
67cb01a82dda2577eb6ee320,modifying-task-tabular-4_post-task-question,1746397116210,1746397121961,5.751,0.09585,json
67cb01a82dda2577eb6ee320,$nasa-tlx.co.nasa-tlx,1746397122343,1746397187292,64.949,1.0824833333333332,json
67cb01a82dda2577eb6ee320,post-task-survey-tlx,1746397187782,1746397330170,142.388,2.3731333333333335,json
67cb01a82dda2577eb6ee320,unqualified,0,-1,-0.001,-1.6666666666666667e-05,json
67cd944859dabbd1d4552d39,introduction,1746383669039,1746383702810,33.771,0.56285,json
67cd944859dabbd1d4552d39,qualifications,1746383703038,1746383713082,10.044,0.16740000000000002,json
67cd944859dabbd1d4552d39,consent,1746383713306,1746383774388,61.082,1.0180333333333333,json
67cd944859dabbd1d4552d39,task,1746383774647,1746383901092,126.445,2.1074166666666665,json
67cd944859dabbd1d4552d39,writing-task-NL,1746383901213,1746384084380,183.167,3.052783333333333,json
67cd944859dabbd1d4552d39,writing-task-NL_post-task-question,1746384084618,1746384094202,9.584,0.15973333333333334,json
67cd944859dabbd1d4552d39,tutorial-part1,1746384094359,1746384480731,386.372,6.439533333333333,json
67cd944859dabbd1d4552d39,tutorial-part2,1746384480877,1746384710619,229.742,3.8290333333333333,json
67cd944859dabbd1d4552d39,reading-task-tabular-1,1746384710770,1746384819340,108.57,1.8094999999999999,json
67cd944859dabbd1d4552d39,reading-task-tabular-1_post-task-question,1746384819595,1746384828822,9.227,0.15378333333333333,json
67cd944859dabbd1d4552d39,reading-task-tabular-2,1746384829000,1746384937325,108.325,1.8054166666666667,json
67cd944859dabbd1d4552d39,reading-task-tabular-2_post-task-question,1746384937561,1746384945562,8.001,0.13335,json
67cd944859dabbd1d4552d39,reading-task-tabular-3,1746384945703,1746385020309,74.606,1.2434333333333332,json
67cd944859dabbd1d4552d39,reading-task-tabular-3_post-task-question,1746385020558,1746385026891,6.333,0.10555,json
67cd944859dabbd1d4552d39,reading-task-tabular-4,1746385027027,1746385096893,69.866,1.1644333333333334,json
67cd944859dabbd1d4552d39,reading-task-tabular-4_post-task-question,1746385097124,1746385100433,3.309,0.055150000000000005,json
67cd944859dabbd1d4552d39,reading-task-tabular-5,1746385100652,1746385164456,63.804,1.0634000000000001,json
67cd944859dabbd1d4552d39,reading-task-tabular-5_post-task-question,1746385164697,1746385167376,2.679,0.044649999999999995,json
67cd944859dabbd1d4552d39,writing-task-tabular,1746385167581,1746385954897,787.316,13.121933333333335,json
67cd944859dabbd1d4552d39,writing-task-tabular_post-task-question,1746385955125,1746385962072,6.947,0.11578333333333334,json
67cd944859dabbd1d4552d39,modifying-task-tabular-1,1746385962216,1746386136700,174.484,2.908066666666667,json
67cd944859dabbd1d4552d39,modifying-task-tabular-1_post-task-question,1746386136945,1746386142376,5.431,0.09051666666666666,json
67cd944859dabbd1d4552d39,modifying-task-tabular-2,1746386142513,1746386300856,158.343,2.6390499999999997,json
67cd944859dabbd1d4552d39,modifying-task-tabular-2_post-task-question,1746386301132,1746386304502,3.37,0.05616666666666667,json
67cd944859dabbd1d4552d39,modifying-task-tabular-3,1746386304688,1746386379674,74.986,1.2497666666666667,json
67cd944859dabbd1d4552d39,modifying-task-tabular-3_post-task-question,1746386379973,1746386384418,4.445,0.07408333333333333,json
67cd944859dabbd1d4552d39,modifying-task-tabular-4,1746386384563,1746386688700,304.137,5.06895,json
67cd944859dabbd1d4552d39,modifying-task-tabular-4_post-task-question,1746386688967,1746386698236,9.269,0.15448333333333333,json
67cd944859dabbd1d4552d39,$nasa-tlx.co.nasa-tlx,1746386698534,1746386808971,110.437,1.8406166666666666,json
67cd944859dabbd1d4552d39,post-task-survey-tlx,1746386809380,1746386981929,172.549,2.8758166666666667,json
67cd944859dabbd1d4552d39,unqualified,0,-1,-0.001,-1.6666666666666667e-05,json
67d00f24466a67ba7e41228e,introduction,1745928965393,1745928994527,29.134,0.48556666666666665,toml
67d00f24466a67ba7e41228e,qualifications,1745928994796,1745929008226,13.43,0.22383333333333333,toml
67d00f24466a67ba7e41228e,consent,1745929008645,1745929035357,26.712,0.4452,toml
67d00f24466a67ba7e41228e,task,1745929035727,1745929112500,76.773,1.27955,toml
67d00f24466a67ba7e41228e,writing-task-NL,1745929112623,1745929415679,303.056,5.050933333333333,toml
67d00f24466a67ba7e41228e,writing-task-NL_post-task-question,1745929416086,1745929423208,7.122,0.1187,toml
67d00f24466a67ba7e41228e,tutorial-part1,1745929423351,1745929832278,408.927,6.81545,toml
67d00f24466a67ba7e41228e,tutorial-part2,1745929832472,1745930067866,235.394,3.9232333333333336,toml
67d00f24466a67ba7e41228e,reading-task-tabular-1,1745930068030,1745930169407,101.377,1.6896166666666665,toml
67d00f24466a67ba7e41228e,reading-task-tabular-1_post-task-question,1745930169690,1745930176076,6.386,0.10643333333333334,toml
67d00f24466a67ba7e41228e,reading-task-tabular-2,1745930176214,1745930322202,145.988,2.433133333333333,toml
67d00f24466a67ba7e41228e,reading-task-tabular-2_post-task-question,1745930322532,1745930326308,3.776,0.06293333333333333,toml
67d00f24466a67ba7e41228e,reading-task-tabular-3,1745930326486,1745930380081,53.595,0.89325,toml
67d00f24466a67ba7e41228e,reading-task-tabular-3_post-task-question,1745930380475,1745930384141,3.666,0.0611,toml
67d00f24466a67ba7e41228e,reading-task-tabular-4,1745930384273,1745930487581,103.308,1.7218000000000002,toml
67d00f24466a67ba7e41228e,reading-task-tabular-4_post-task-question,1745930487853,1745930492556,4.703,0.07838333333333333,toml
67d00f24466a67ba7e41228e,reading-task-tabular-5,1745930492806,1745930597246,104.44,1.7406666666666666,toml
67d00f24466a67ba7e41228e,reading-task-tabular-5_post-task-question,1745930597717,1745930601680,3.963,0.06605,toml
67d00f24466a67ba7e41228e,writing-task-tabular,1745930601970,1745932342937,1740.967,29.01611666666667,toml
67d00f24466a67ba7e41228e,writing-task-tabular_post-task-question,1745932343244,1745932368173,24.929,0.4154833333333333,toml
67d00f24466a67ba7e41228e,modifying-task-tabular-1,1745932368443,1745932811117,442.674,7.3778999999999995,toml
67d00f24466a67ba7e41228e,modifying-task-tabular-1_post-task-question,1745932811405,1745932817943,6.538,0.10896666666666667,toml
67d00f24466a67ba7e41228e,modifying-task-tabular-2,1745932818116,1745932944692,126.576,2.1096,toml
67d00f24466a67ba7e41228e,modifying-task-tabular-2_post-task-question,1745932945056,1745932952227,7.171,0.11951666666666667,toml
67d00f24466a67ba7e41228e,modifying-task-tabular-3,1745932952393,1745933163657,211.264,3.521066666666667,toml
67d00f24466a67ba7e41228e,modifying-task-tabular-3_post-task-question,1745933163978,1745933174261,10.283,0.17138333333333333,toml
67d00f24466a67ba7e41228e,modifying-task-tabular-4,1745933174429,1745933359880,185.451,3.09085,toml
67d00f24466a67ba7e41228e,modifying-task-tabular-4_post-task-question,1745933360217,1745933364443,4.226,0.07043333333333333,toml
67d00f24466a67ba7e41228e,$nasa-tlx.co.nasa-tlx,1745933364792,1745933382986,18.194,0.3032333333333333,toml
67d00f24466a67ba7e41228e,post-task-survey-tlx,1745933383518,1745933455680,72.162,1.2027,toml
67d00f24466a67ba7e41228e,unqualified,0,-1,-0.001,-1.6666666666666667e-05,toml
67d1283c8f6169900d0072d2,introduction,1745932215989,1745932237591,21.602,0.3600333333333333,yaml
67d1283c8f6169900d0072d2,qualifications,1745932400366,1745932421814,21.448,0.35746666666666665,yaml
67d1283c8f6169900d0072d2,consent,1745932559393,1745932649332,89.939,1.4989833333333331,yaml
67d1283c8f6169900d0072d2,task,1745932651563,1745932700148,48.585,0.80975,yaml
67d1283c8f6169900d0072d2,writing-task-NL,1745932703193,1745934299223,1596.03,26.6005,yaml
67d1283c8f6169900d0072d2,writing-task-NL_post-task-question,1745934307610,1745934324594,16.984,0.2830666666666667,yaml
67d1283c8f6169900d0072d2,tutorial-part1,1745934333072,1745934530894,197.822,3.2970333333333333,yaml
67d1283c8f6169900d0072d2,tutorial-part2,1745934535295,1745934689128,153.833,2.5638833333333335,yaml
67d1283c8f6169900d0072d2,reading-task-tabular-1,1745934693291,1745934806121,112.83,1.8805,yaml
67d1283c8f6169900d0072d2,reading-task-tabular-1_post-task-question,1745934808683,1745934818889,10.206,0.1701,yaml
67d1283c8f6169900d0072d2,reading-task-tabular-2,1745934819964,1745934923698,103.734,1.7288999999999999,yaml
67d1283c8f6169900d0072d2,reading-task-tabular-2_post-task-question,1745934930465,1745934939001,8.536,0.14226666666666665,yaml
67d1283c8f6169900d0072d2,reading-task-tabular-3,1745934942311,1745935037871,95.56,1.5926666666666667,yaml
67d1283c8f6169900d0072d2,reading-task-tabular-3_post-task-question,1745935040744,1745935050680,9.936,0.1656,yaml
67d1283c8f6169900d0072d2,reading-task-tabular-4,1745935051644,1745935116345,64.701,1.07835,yaml
67d1283c8f6169900d0072d2,reading-task-tabular-4_post-task-question,1745935118342,1745935122578,4.236,0.0706,yaml
67d1283c8f6169900d0072d2,reading-task-tabular-5,1745935123546,1745935153981,30.435,0.50725,yaml
67d1283c8f6169900d0072d2,reading-task-tabular-5_post-task-question,1745935156162,1745935161693,5.531,0.09218333333333333,yaml
67d1283c8f6169900d0072d2,writing-task-tabular,1745935162600,1745935594288,431.688,7.1948,yaml
67d1283c8f6169900d0072d2,writing-task-tabular_post-task-question,1745935597176,1745935604421,7.245,0.12075,yaml
67d1283c8f6169900d0072d2,modifying-task-tabular-1,1745935605457,1745935860866,255.409,4.2568166666666665,yaml
67d1283c8f6169900d0072d2,modifying-task-tabular-1_post-task-question,1745935863783,1745935871651,7.868,0.13113333333333335,yaml
67d1283c8f6169900d0072d2,modifying-task-tabular-2,1745935872666,1745935991375,118.709,1.9784833333333334,yaml
67d1283c8f6169900d0072d2,modifying-task-tabular-2_post-task-question,1745935994314,1745936002150,7.836,0.1306,yaml
67d1283c8f6169900d0072d2,modifying-task-tabular-3,1745936003267,1745936143443,140.176,2.3362666666666665,yaml
67d1283c8f6169900d0072d2,modifying-task-tabular-3_post-task-question,1745936147664,1745936154825,7.161,0.11935,yaml
67d1283c8f6169900d0072d2,modifying-task-tabular-4,1745936156604,1745936265295,108.691,1.8115166666666667,yaml
67d1283c8f6169900d0072d2,modifying-task-tabular-4_post-task-question,1745936274809,1745936286894,12.085,0.2014166666666667,yaml
67d1283c8f6169900d0072d2,$nasa-tlx.co.nasa-tlx,1745936292844,1745936342488,49.644,0.8274,yaml
67d1283c8f6169900d0072d2,post-task-survey-tlx,1745936351016,1745936556128,205.112,3.4185333333333334,yaml
67d1283c8f6169900d0072d2,unqualified,0,-1,-0.001,-1.6666666666666667e-05,yaml
67d163e7b7bcc1e9718e01da,introduction,1745928993500,1745929186275,192.775,3.2129166666666666,json5
67d163e7b7bcc1e9718e01da,qualifications,1745929186513,1745929199994,13.481,0.22468333333333332,json5
67d163e7b7bcc1e9718e01da,consent,1745929200283,1745929331396,131.113,2.185216666666667,json5
67d163e7b7bcc1e9718e01da,task,1745929331640,1745929571073,239.433,3.99055,json5
67d163e7b7bcc1e9718e01da,writing-task-NL,1745929571200,1745930316014,744.814,12.413566666666666,json5
67d163e7b7bcc1e9718e01da,writing-task-NL_post-task-question,1745930316314,1745930325265,8.951,0.14918333333333333,json5
67d163e7b7bcc1e9718e01da,tutorial-part1,1745930325392,1745930489787,164.395,2.739916666666667,json5
67d163e7b7bcc1e9718e01da,tutorial-part2,1745930489950,1745930603758,113.808,1.8968,json5
67d163e7b7bcc1e9718e01da,reading-task-tabular-1,1745930603886,1745930625099,21.213,0.35355000000000003,json5
67d163e7b7bcc1e9718e01da,reading-task-tabular-1_post-task-question,1745930625362,1745930635461,10.099,0.16831666666666667,json5
67d163e7b7bcc1e9718e01da,reading-task-tabular-2,1745930635594,1745930870657,235.063,3.9177166666666663,json5
67d163e7b7bcc1e9718e01da,reading-task-tabular-2_post-task-question,1745930870873,1745930882123,11.25,0.1875,json5
67d163e7b7bcc1e9718e01da,reading-task-tabular-3,1745930882267,1745931002902,120.635,2.0105833333333334,json5
67d163e7b7bcc1e9718e01da,reading-task-tabular-3_post-task-question,1745931003229,1745931016475,13.246,0.22076666666666667,json5
67d163e7b7bcc1e9718e01da,reading-task-tabular-4,1745931016600,1745931214358,197.758,3.2959666666666667,json5
67d163e7b7bcc1e9718e01da,reading-task-tabular-4_post-task-question,1745931214958,1745931246687,31.729,0.5288166666666666,json5
67d163e7b7bcc1e9718e01da,reading-task-tabular-5,1745931247009,1745931440424,193.415,3.223583333333333,json5
67d163e7b7bcc1e9718e01da,reading-task-tabular-5_post-task-question,1745931440660,1745931472037,31.377,0.52295,json5
67d163e7b7bcc1e9718e01da,writing-task-tabular,1745931472149,1745932833891,1361.742,22.6957,json5
67d163e7b7bcc1e9718e01da,writing-task-tabular_post-task-question,1745932834171,1745932844371,10.2,0.16999999999999998,json5
67d163e7b7bcc1e9718e01da,modifying-task-tabular-1,1745932844502,1745933288699,444.197,7.403283333333333,json5
67d163e7b7bcc1e9718e01da,modifying-task-tabular-1_post-task-question,1745933288959,1745933298059,9.1,0.15166666666666667,json5
67d163e7b7bcc1e9718e01da,modifying-task-tabular-2,1745933298211,1745933569333,271.122,4.5187,json5
67d163e7b7bcc1e9718e01da,modifying-task-tabular-2_post-task-question,1745933569596,1745933578400,8.804,0.14673333333333333,json5
67d163e7b7bcc1e9718e01da,modifying-task-tabular-3,1745933578542,1745933730990,152.448,2.5408,json5
67d163e7b7bcc1e9718e01da,modifying-task-tabular-3_post-task-question,1745933731465,1745933744038,12.573,0.20955000000000001,json5
67d163e7b7bcc1e9718e01da,modifying-task-tabular-4,1745933744265,1745935106278,1362.013,22.700216666666666,json5
67d163e7b7bcc1e9718e01da,modifying-task-tabular-4_post-task-question,1745935106628,1745935115587,8.959,0.14931666666666665,json5
67d163e7b7bcc1e9718e01da,$nasa-tlx.co.nasa-tlx,1745935115871,1745935228325,112.454,1.8742333333333332,json5
67d163e7b7bcc1e9718e01da,post-task-survey-tlx,1745935228730,1745935416689,187.959,3.13265,json5
67d163e7b7bcc1e9718e01da,unqualified,0,-1,-0.001,-1.6666666666666667e-05,json5
67d188bcc201cc08eac23f92,introduction,1746144617647,1746144638976,21.329,0.3554833333333333,json5
67d188bcc201cc08eac23f92,qualifications,1746144639145,1746144657550,18.405,0.30675,json5
67d188bcc201cc08eac23f92,consent,1746144657708,1746144705062,47.354,0.7892333333333333,json5
67d188bcc201cc08eac23f92,task,1746144705232,1746144753346,48.114,0.8019,json5
67d188bcc201cc08eac23f92,writing-task-NL,1746144753438,1746145189463,436.025,7.267083333333333,json5
67d188bcc201cc08eac23f92,writing-task-NL_post-task-question,1746145189638,1746145198177,8.539,0.14231666666666667,json5
67d188bcc201cc08eac23f92,tutorial-part1,1746145198258,1746145622968,424.71,7.0785,json5
67d188bcc201cc08eac23f92,tutorial-part2,1746145623072,1746145742117,119.045,1.9840833333333334,json5
67d188bcc201cc08eac23f92,reading-task-tabular-1,1746145742216,1746145794007,51.791,0.8631833333333333,json5
67d188bcc201cc08eac23f92,reading-task-tabular-1_post-task-question,1746145794171,1746145802041,7.87,0.13116666666666668,json5
67d188bcc201cc08eac23f92,reading-task-tabular-2,1746145802137,1746145871475,69.338,1.1556333333333333,json5
67d188bcc201cc08eac23f92,reading-task-tabular-2_post-task-question,1746145871630,1746145880148,8.518,0.14196666666666669,json5
67d188bcc201cc08eac23f92,reading-task-tabular-3,1746145880309,1746146052283,171.974,2.866233333333333,json5
67d188bcc201cc08eac23f92,reading-task-tabular-3_post-task-question,1746146052443,1746146059107,6.664,0.11106666666666666,json5
67d188bcc201cc08eac23f92,reading-task-tabular-4,1746146059200,1746146110067,50.867,0.8477833333333333,json5
67d188bcc201cc08eac23f92,reading-task-tabular-4_post-task-question,1746146110228,1746146120806,10.578,0.17629999999999998,json5
67d188bcc201cc08eac23f92,reading-task-tabular-5,1746146120927,1746146179382,58.455,0.97425,json5
67d188bcc201cc08eac23f92,reading-task-tabular-5_post-task-question,1746146179604,1746146185574,5.97,0.09949999999999999,json5
67d188bcc201cc08eac23f92,writing-task-tabular,1746146185662,1746146896329,710.667,11.84445,json5
67d188bcc201cc08eac23f92,writing-task-tabular_post-task-question,1746146896501,1746146903530,7.029,0.11715,json5
67d188bcc201cc08eac23f92,modifying-task-tabular-1,1746146903624,1746147310921,407.297,6.788283333333334,json5
67d188bcc201cc08eac23f92,modifying-task-tabular-1_post-task-question,1746147311101,1746147317197,6.096,0.1016,json5
67d188bcc201cc08eac23f92,modifying-task-tabular-2,1746147317308,1746147438771,121.463,2.024383333333333,json5
67d188bcc201cc08eac23f92,modifying-task-tabular-2_post-task-question,1746147438952,1746147446351,7.399,0.12331666666666667,json5
67d188bcc201cc08eac23f92,modifying-task-tabular-3,1746147446474,1746147557523,111.049,1.8508166666666668,json5
67d188bcc201cc08eac23f92,modifying-task-tabular-3_post-task-question,1746147557704,1746147563625,5.921,0.09868333333333333,json5
67d188bcc201cc08eac23f92,modifying-task-tabular-4,1746147563734,1746147776509,212.775,3.54625,json5
67d188bcc201cc08eac23f92,modifying-task-tabular-4_post-task-question,1746147776702,1746147784181,7.479,0.12465,json5
67d188bcc201cc08eac23f92,$nasa-tlx.co.nasa-tlx,1746147784372,1746147818041,33.669,0.5611499999999999,json5
67d188bcc201cc08eac23f92,post-task-survey-tlx,1746147818321,1746148122788,304.467,5.07445,json5
67d188bcc201cc08eac23f92,unqualified,0,-1,-0.001,-1.6666666666666667e-05,json5
67d29234dbfdb6668d124115,introduction,1746148577690,1746148603692,26.002,0.4333666666666666,yaml
67d29234dbfdb6668d124115,qualifications,1746148603931,1746148619658,15.727,0.26211666666666666,yaml
67d29234dbfdb6668d124115,consent,1746148619834,1746148668053,48.219,0.80365,yaml
67d29234dbfdb6668d124115,task,1746148668238,1746148775670,107.432,1.7905333333333333,yaml
67d29234dbfdb6668d124115,writing-task-NL,1746148775766,1746149249601,473.835,7.89725,yaml
67d29234dbfdb6668d124115,writing-task-NL_post-task-question,1746149249828,1746149258188,8.36,0.13933333333333334,yaml
67d29234dbfdb6668d124115,tutorial-part1,1746149258279,1746149551093,292.814,4.880233333333334,yaml
67d29234dbfdb6668d124115,tutorial-part2,1746149578632,1746149669977,91.345,1.5224166666666668,yaml
67d29234dbfdb6668d124115,reading-task-tabular-1,1746149670117,1746149727475,57.358,0.9559666666666666,yaml
67d29234dbfdb6668d124115,reading-task-tabular-1_post-task-question,1746149727632,1746149736756,9.124,0.15206666666666668,yaml
67d29234dbfdb6668d124115,reading-task-tabular-2,1746149736889,1746149804184,67.295,1.1215833333333334,yaml
67d29234dbfdb6668d124115,reading-task-tabular-2_post-task-question,1746149804376,1746149809975,5.599,0.09331666666666667,yaml
67d29234dbfdb6668d124115,reading-task-tabular-3,1746149810065,1746149893621,83.556,1.3926,yaml
67d29234dbfdb6668d124115,reading-task-tabular-3_post-task-question,1746149893777,1746149905326,11.549,0.1924833333333333,yaml
67d29234dbfdb6668d124115,reading-task-tabular-4,1746149905406,1746149955392,49.986,0.8331,yaml
67d29234dbfdb6668d124115,reading-task-tabular-4_post-task-question,1746149955558,1746149961755,6.197,0.10328333333333334,yaml
67d29234dbfdb6668d124115,reading-task-tabular-5,1746149961858,1746150056725,94.867,1.5811166666666667,yaml
67d29234dbfdb6668d124115,reading-task-tabular-5_post-task-question,1746150056970,1746150063505,6.535,0.10891666666666668,yaml
67d29234dbfdb6668d124115,writing-task-tabular,1746150063599,1746150661358,597.759,9.96265,yaml
67d29234dbfdb6668d124115,writing-task-tabular_post-task-question,1746150661578,1746150670926,9.348,0.15580000000000002,yaml
67d29234dbfdb6668d124115,modifying-task-tabular-1,1746150671031,1746150817893,146.862,2.4476999999999998,yaml
67d29234dbfdb6668d124115,modifying-task-tabular-1_post-task-question,1746150818070,1746150823765,5.695,0.09491666666666668,yaml
67d29234dbfdb6668d124115,modifying-task-tabular-2,1746150823869,1746151034434,210.565,3.5094166666666666,yaml
67d29234dbfdb6668d124115,modifying-task-tabular-2_post-task-question,1746151034626,1746151043022,8.396,0.13993333333333335,yaml
67d29234dbfdb6668d124115,modifying-task-tabular-3,1746151043123,1746151216364,173.241,2.88735,yaml
67d29234dbfdb6668d124115,modifying-task-tabular-3_post-task-question,1746151216562,1746151225322,8.76,0.146,yaml
67d29234dbfdb6668d124115,modifying-task-tabular-4,1746151225428,1746151494041,268.613,4.476883333333333,yaml
67d29234dbfdb6668d124115,modifying-task-tabular-4_post-task-question,1746151494341,1746151499473,5.132,0.08553333333333332,yaml
67d29234dbfdb6668d124115,$nasa-tlx.co.nasa-tlx,1746151499727,1746151547289,47.562,0.7927,yaml
67d29234dbfdb6668d124115,post-task-survey-tlx,1746151547572,1746151725328,177.756,2.9626,yaml
67d29234dbfdb6668d124115,unqualified,0,-1,-0.001,-1.6666666666666667e-05,yaml
67d548b5aa5737666a77a6d2,introduction,1746145098400,1746145111702,13.302,0.22169999999999998,json5
67d548b5aa5737666a77a6d2,qualifications,1746145111930,1746145174404,62.474,1.0412333333333332,json5
67d548b5aa5737666a77a6d2,consent,1746145174628,1746145387993,213.365,3.5560833333333335,json5
67d548b5aa5737666a77a6d2,task,1746145388107,1746145442766,54.659,0.9109833333333334,json5
67d548b5aa5737666a77a6d2,writing-task-NL,1746145442824,1746146081594,638.77,10.646166666666666,json5
67d548b5aa5737666a77a6d2,writing-task-NL_post-task-question,1746146081722,1746146112544,30.822,0.5136999999999999,json5
67d548b5aa5737666a77a6d2,tutorial-part1,1746146112599,1746146511431,398.832,6.6472,json5
67d548b5aa5737666a77a6d2,tutorial-part2,1746146511502,1746146719751,208.249,3.4708166666666664,json5
67d548b5aa5737666a77a6d2,reading-task-tabular-1,1746146719823,1746146954422,234.599,3.9099833333333334,json5
67d548b5aa5737666a77a6d2,reading-task-tabular-1_post-task-question,1746146954531,1746146980443,25.912,0.4318666666666667,json5
67d548b5aa5737666a77a6d2,reading-task-tabular-2,1746146980505,1746147076420,95.915,1.5985833333333335,json5
67d548b5aa5737666a77a6d2,reading-task-tabular-2_post-task-question,1746147076536,1746147085042,8.506,0.14176666666666668,json5
67d548b5aa5737666a77a6d2,reading-task-tabular-3,1746147085112,1746147209834,124.722,2.0787,json5
67d548b5aa5737666a77a6d2,reading-task-tabular-3_post-task-question,1746147209949,1746147216180,6.231,0.10385,json5
67d548b5aa5737666a77a6d2,reading-task-tabular-4,1746147216246,1746147329501,113.255,1.8875833333333332,json5
67d548b5aa5737666a77a6d2,reading-task-tabular-4_post-task-question,1746147329609,1746147334784,5.175,0.08625,json5
67d548b5aa5737666a77a6d2,reading-task-tabular-5,1746147334851,1746147457358,122.507,2.0417833333333335,json5
67d548b5aa5737666a77a6d2,reading-task-tabular-5_post-task-question,1746147457480,1746147463314,5.834,0.09723333333333332,json5
67d548b5aa5737666a77a6d2,writing-task-tabular,1746147463379,1746148467855,1004.476,16.741266666666668,json5
67d548b5aa5737666a77a6d2,writing-task-tabular_post-task-question,1746148467990,1746148476008,8.018,0.13363333333333335,json5
67d548b5aa5737666a77a6d2,modifying-task-tabular-1,1746148476079,1746148703490,227.411,3.7901833333333332,json5
67d548b5aa5737666a77a6d2,modifying-task-tabular-1_post-task-question,1746148703629,1746148709508,5.879,0.09798333333333333,json5
67d548b5aa5737666a77a6d2,modifying-task-tabular-2,1746148709581,1746148922048,212.467,3.541116666666667,json5
67d548b5aa5737666a77a6d2,modifying-task-tabular-2_post-task-question,1746148922187,1746148928422,6.235,0.10391666666666667,json5
67d548b5aa5737666a77a6d2,modifying-task-tabular-3,1746148928503,1746149240625,312.122,5.2020333333333335,json5
67d548b5aa5737666a77a6d2,modifying-task-tabular-3_post-task-question,1746149240771,1746149244942,4.171,0.06951666666666667,json5
67d548b5aa5737666a77a6d2,modifying-task-tabular-4,1746149245031,1746149315054,70.023,1.16705,json5
67d548b5aa5737666a77a6d2,modifying-task-tabular-4_post-task-question,1746149315190,1746149322256,7.066,0.11776666666666666,json5
67d548b5aa5737666a77a6d2,$nasa-tlx.co.nasa-tlx,1746149322392,1746149428547,106.155,1.76925,json5
67d548b5aa5737666a77a6d2,post-task-survey-tlx,1746149428729,1746149609098,180.369,3.00615,json5
67d548b5aa5737666a77a6d2,unqualified,0,-1,-0.001,-1.6666666666666667e-05,json5
67d7fa657f5ac0292a291a38,introduction,1746143814452,1746143837159,22.707,0.37845,hjson
67d7fa657f5ac0292a291a38,qualifications,1746143837472,1746143869192,31.72,0.5286666666666666,hjson
67d7fa657f5ac0292a291a38,consent,1746143869433,1746143923852,54.419,0.9069833333333333,hjson
67d7fa657f5ac0292a291a38,task,1746143924165,1746143972229,48.064,0.8010666666666667,hjson
67d7fa657f5ac0292a291a38,writing-task-NL,1746143972396,1746144326870,354.474,5.9079,hjson
67d7fa657f5ac0292a291a38,writing-task-NL_post-task-question,1746144327145,1746144336536,9.391,0.15651666666666667,hjson
67d7fa657f5ac0292a291a38,tutorial-part1,1746144336685,1746144684538,347.853,5.79755,hjson
67d7fa657f5ac0292a291a38,tutorial-part2,1746144684890,1746145047162,362.272,6.037866666666667,hjson
67d7fa657f5ac0292a291a38,reading-task-tabular-1,1746145047840,1746145111475,63.635,1.0605833333333332,hjson
67d7fa657f5ac0292a291a38,reading-task-tabular-1_post-task-question,1746145111715,1746145122486,10.771,0.17951666666666669,hjson
67d7fa657f5ac0292a291a38,reading-task-tabular-2,1746145122683,1746145283371,160.688,2.6781333333333333,hjson
67d7fa657f5ac0292a291a38,reading-task-tabular-2_post-task-question,1746145283620,1746145294134,10.514,0.17523333333333332,hjson
67d7fa657f5ac0292a291a38,reading-task-tabular-3,1746145294286,1746145398254,103.968,1.7328000000000001,hjson
67d7fa657f5ac0292a291a38,reading-task-tabular-3_post-task-question,1746145398507,1746145406936,8.429,0.14048333333333335,hjson
67d7fa657f5ac0292a291a38,reading-task-tabular-4,1746145407140,1746145549830,142.69,2.3781666666666665,hjson
67d7fa657f5ac0292a291a38,reading-task-tabular-4_post-task-question,1746145550108,1746145556847,6.739,0.11231666666666666,hjson
67d7fa657f5ac0292a291a38,reading-task-tabular-5,1746145556986,1746145776090,219.104,3.6517333333333335,hjson
67d7fa657f5ac0292a291a38,reading-task-tabular-5_post-task-question,1746145776343,1746145784424,8.081,0.13468333333333332,hjson
67d7fa657f5ac0292a291a38,writing-task-tabular,1746145784555,1746146419295,634.74,10.579,hjson
67d7fa657f5ac0292a291a38,writing-task-tabular_post-task-question,1746146419665,1746146426541,6.876,0.11460000000000001,hjson
67d7fa657f5ac0292a291a38,modifying-task-tabular-1,1746146426690,1746146498600,71.91,1.1985,hjson
67d7fa657f5ac0292a291a38,modifying-task-tabular-1_post-task-question,1746146498916,1746146507133,8.217,0.13695000000000002,hjson
67d7fa657f5ac0292a291a38,modifying-task-tabular-2,1746146507274,1746146531446,24.172,0.40286666666666665,hjson
67d7fa657f5ac0292a291a38,modifying-task-tabular-2_post-task-question,1746146531706,1746146538483,6.777,0.11295000000000001,hjson
67d7fa657f5ac0292a291a38,modifying-task-tabular-3,1746146538636,1746146638788,100.152,1.6692,hjson
67d7fa657f5ac0292a291a38,modifying-task-tabular-3_post-task-question,1746146639036,1746146646430,7.394,0.12323333333333333,hjson
67d7fa657f5ac0292a291a38,modifying-task-tabular-4,1746146646556,1746146714960,68.404,1.1400666666666666,hjson
67d7fa657f5ac0292a291a38,modifying-task-tabular-4_post-task-question,1746146715273,1746146722016,6.743,0.11238333333333334,hjson
67d7fa657f5ac0292a291a38,$nasa-tlx.co.nasa-tlx,1746146722307,1746146778497,56.19,0.9365,hjson
67d7fa657f5ac0292a291a38,post-task-survey-tlx,1746146778903,1746146905785,126.882,2.1147,hjson
67d7fa657f5ac0292a291a38,unqualified,0,-1,-0.001,-1.6666666666666667e-05,hjson
67d95269b47464c18da766ca,introduction,1746148208999,1746148238918,29.919,0.49865,xml
67d95269b47464c18da766ca,qualifications,1746148239072,1746148255086,16.014,0.26689999999999997,xml
67d95269b47464c18da766ca,consent,1746148255262,1746148361596,106.334,1.7722333333333333,xml
67d95269b47464c18da766ca,task,1746148361723,1746148706054,344.331,5.73885,xml
67d95269b47464c18da766ca,writing-task-NL,1746148706124,1746149014580,308.456,5.140933333333334,xml
67d95269b47464c18da766ca,writing-task-NL_post-task-question,1746149014730,1746149032916,18.186,0.3031,xml
67d95269b47464c18da766ca,tutorial-part1,1746149032980,1746149592766,559.786,9.329766666666666,xml
67d95269b47464c18da766ca,tutorial-part2,1746149592828,1746149904613,311.785,5.196416666666667,xml
67d95269b47464c18da766ca,reading-task-tabular-1,1746149904694,1746150001888,97.194,1.6199000000000001,xml
67d95269b47464c18da766ca,reading-task-tabular-1_post-task-question,1746150002026,1746150016279,14.253,0.23755,xml
67d95269b47464c18da766ca,reading-task-tabular-2,1746150016350,1746150168240,151.89,2.5315,xml
67d95269b47464c18da766ca,reading-task-tabular-2_post-task-question,1746150168355,1746150175589,7.234,0.12056666666666667,xml
67d95269b47464c18da766ca,reading-task-tabular-3,1746150175648,1746150263483,87.835,1.4639166666666665,xml
67d95269b47464c18da766ca,reading-task-tabular-3_post-task-question,1746150263598,1746150271823,8.225,0.13708333333333333,xml
67d95269b47464c18da766ca,reading-task-tabular-4,1746150271884,1746150380215,108.331,1.8055166666666667,xml
67d95269b47464c18da766ca,reading-task-tabular-4_post-task-question,1746150380331,1746150386321,5.99,0.09983333333333334,xml
67d95269b47464c18da766ca,reading-task-tabular-5,1746150386378,1746150475946,89.568,1.4928,xml
67d95269b47464c18da766ca,reading-task-tabular-5_post-task-question,1746150476075,1746150481669,5.594,0.09323333333333333,xml
67d95269b47464c18da766ca,writing-task-tabular,1746150481726,1746151603170,1121.444,18.690733333333334,xml
67d95269b47464c18da766ca,writing-task-tabular_post-task-question,1746151603312,1746151616852,13.54,0.22566666666666665,xml
67d95269b47464c18da766ca,modifying-task-tabular-1,1746151616925,1746152173276,556.351,9.272516666666666,xml
67d95269b47464c18da766ca,modifying-task-tabular-1_post-task-question,1746152173397,1746152182361,8.964,0.1494,xml
67d95269b47464c18da766ca,modifying-task-tabular-2,1746152182435,1746152419333,236.898,3.9483,xml
67d95269b47464c18da766ca,modifying-task-tabular-2_post-task-question,1746152419453,1746152429074,9.621,0.16035000000000002,xml
67d95269b47464c18da766ca,modifying-task-tabular-3,1746152429133,1746152523495,94.362,1.5727,xml
67d95269b47464c18da766ca,modifying-task-tabular-3_post-task-question,1746152523625,1746152529155,5.53,0.09216666666666667,xml
67d95269b47464c18da766ca,modifying-task-tabular-4,1746152529230,1746152688897,159.667,2.6611166666666666,xml
67d95269b47464c18da766ca,modifying-task-tabular-4_post-task-question,1746152689035,1746152697840,8.805,0.14675,xml
67d95269b47464c18da766ca,$nasa-tlx.co.nasa-tlx,1746152697982,1746152729760,31.778,0.5296333333333333,xml
67d95269b47464c18da766ca,post-task-survey-tlx,1746152729926,1746152828387,98.461,1.6410166666666666,xml
67d95269b47464c18da766ca,unqualified,0,-1,-0.001,-1.6666666666666667e-05,xml
67d9788747176969d8d0fa1d,introduction,1746383351416,1746383399797,48.381,0.80635,hjson
67d9788747176969d8d0fa1d,qualifications,1746383400007,1746383417945,17.938,0.29896666666666666,hjson
67d9788747176969d8d0fa1d,consent,1746383418156,1746383551285,133.129,2.2188166666666667,hjson
67d9788747176969d8d0fa1d,task,1746383551482,1746383655005,103.523,1.7253833333333333,hjson
67d9788747176969d8d0fa1d,writing-task-NL,1746383655120,1746384157208,502.088,8.368133333333335,hjson
67d9788747176969d8d0fa1d,writing-task-NL_post-task-question,1746384157472,1746384175354,17.882,0.2980333333333334,hjson
67d9788747176969d8d0fa1d,tutorial-part1,1746384175465,1746384647426,471.961,7.866016666666667,hjson
67d9788747176969d8d0fa1d,tutorial-part2,1746384647653,1746385271453,623.8,10.396666666666667,hjson
67d9788747176969d8d0fa1d,reading-task-tabular-1,1746385271587,1746385405593,134.006,2.233433333333333,hjson
67d9788747176969d8d0fa1d,reading-task-tabular-1_post-task-question,1746385405797,1746385422057,16.26,0.271,hjson
67d9788747176969d8d0fa1d,reading-task-tabular-2,1746385422195,1746385555841,133.646,2.227433333333333,hjson
67d9788747176969d8d0fa1d,reading-task-tabular-2_post-task-question,1746385556117,1746385566577,10.46,0.17433333333333334,hjson
67d9788747176969d8d0fa1d,reading-task-tabular-3,1746385566696,1746385734644,167.948,2.7991333333333333,hjson
67d9788747176969d8d0fa1d,reading-task-tabular-3_post-task-question,1746385734871,1746385743729,8.858,0.14763333333333334,hjson
67d9788747176969d8d0fa1d,reading-task-tabular-4,1746385743852,1746385824883,81.031,1.3505166666666668,hjson
67d9788747176969d8d0fa1d,reading-task-tabular-4_post-task-question,1746385825306,1746385831217,5.911,0.09851666666666666,hjson
67d9788747176969d8d0fa1d,reading-task-tabular-5,1746385831447,1746385907893,76.446,1.2741,hjson
67d9788747176969d8d0fa1d,reading-task-tabular-5_post-task-question,1746385908206,1746385915886,7.68,0.128,hjson
67d9788747176969d8d0fa1d,writing-task-tabular,1746385916076,1746386793181,877.105,14.618416666666667,hjson
67d9788747176969d8d0fa1d,writing-task-tabular_post-task-question,1746386793542,1746386805105,11.563,0.19271666666666668,hjson
67d9788747176969d8d0fa1d,modifying-task-tabular-1,1746386805338,1746387502017,696.679,11.611316666666665,hjson
67d9788747176969d8d0fa1d,modifying-task-tabular-1_post-task-question,1746387502354,1746387511244,8.89,0.14816666666666667,hjson
67d9788747176969d8d0fa1d,modifying-task-tabular-2,1746387511444,1746387988681,477.237,7.953950000000001,hjson
67d9788747176969d8d0fa1d,modifying-task-tabular-2_post-task-question,1746387989013,1746387998133,9.12,0.152,hjson
67d9788747176969d8d0fa1d,modifying-task-tabular-3,1746387998354,1746388280484,282.13,4.702166666666667,hjson
67d9788747176969d8d0fa1d,modifying-task-tabular-3_post-task-question,1746388280842,1746388286745,5.903,0.09838333333333332,hjson
67d9788747176969d8d0fa1d,modifying-task-tabular-4,1746388286936,1746388699716,412.78,6.879666666666666,hjson
67d9788747176969d8d0fa1d,modifying-task-tabular-4_post-task-question,1746388700092,1746388706342,6.25,0.10416666666666667,hjson
67d9788747176969d8d0fa1d,$nasa-tlx.co.nasa-tlx,1746388706764,1746388754489,47.725,0.7954166666666667,hjson
67d9788747176969d8d0fa1d,post-task-survey-tlx,1746388754978,1746388864063,109.085,1.8180833333333333,hjson
67d9788747176969d8d0fa1d,unqualified,0,-1,-0.001,-1.6666666666666667e-05,hjson
67dc19c31078d1581e39e75a,introduction,1746143566639,1746143576165,9.526,0.15876666666666667,yaml
67dc19c31078d1581e39e75a,qualifications,1746143576543,1746143589184,12.641,0.21068333333333333,yaml
67dc19c31078d1581e39e75a,consent,1746143589399,1746143673655,84.256,1.4042666666666668,yaml
67dc19c31078d1581e39e75a,task,1746143673921,1746143702524,28.603,0.4767166666666667,yaml
67dc19c31078d1581e39e75a,writing-task-NL,1746143702658,1746143897184,194.526,3.2421,yaml
67dc19c31078d1581e39e75a,writing-task-NL_post-task-question,1746143897434,1746143907301,9.867,0.16445,yaml
67dc19c31078d1581e39e75a,tutorial-part1,1746143907444,1746144091838,184.394,3.0732333333333335,yaml
67dc19c31078d1581e39e75a,tutorial-part2,1746144091976,1746144234236,142.26,2.371,yaml
67dc19c31078d1581e39e75a,reading-task-tabular-1,1746144234390,1746144301825,67.435,1.1239166666666667,yaml
67dc19c31078d1581e39e75a,reading-task-tabular-1_post-task-question,1746144302070,1746144309163,7.093,0.11821666666666666,yaml
67dc19c31078d1581e39e75a,reading-task-tabular-2,1746144309291,1746144359952,50.661,0.84435,yaml
67dc19c31078d1581e39e75a,reading-task-tabular-2_post-task-question,1746144360184,1746144366702,6.518,0.10863333333333333,yaml
67dc19c31078d1581e39e75a,reading-task-tabular-3,1746144366823,1746144397258,30.435,0.50725,yaml
67dc19c31078d1581e39e75a,reading-task-tabular-3_post-task-question,1746144397491,1746144402880,5.389,0.08981666666666667,yaml
67dc19c31078d1581e39e75a,reading-task-tabular-4,1746144403012,1746144435710,32.698,0.5449666666666667,yaml
67dc19c31078d1581e39e75a,reading-task-tabular-4_post-task-question,1746144435918,1746144441369,5.451,0.09085,yaml
67dc19c31078d1581e39e75a,reading-task-tabular-5,1746144441513,1746144487304,45.791,0.7631833333333333,yaml
67dc19c31078d1581e39e75a,reading-task-tabular-5_post-task-question,1746144487522,1746144493891,6.369,0.10615,yaml
67dc19c31078d1581e39e75a,writing-task-tabular,1746144494016,1746145183877,689.861,11.497683333333333,yaml
67dc19c31078d1581e39e75a,writing-task-tabular_post-task-question,1746145184103,1746145192937,8.834,0.14723333333333333,yaml
67dc19c31078d1581e39e75a,modifying-task-tabular-1,1746145193101,1746145441965,248.864,4.147733333333333,yaml
67dc19c31078d1581e39e75a,modifying-task-tabular-1_post-task-question,1746145442207,1746145449008,6.801,0.11335,yaml
67dc19c31078d1581e39e75a,modifying-task-tabular-2,1746145449143,1746145614641,165.498,2.7582999999999998,yaml
67dc19c31078d1581e39e75a,modifying-task-tabular-2_post-task-question,1746145614917,1746145623954,9.037,0.15061666666666668,yaml
67dc19c31078d1581e39e75a,modifying-task-tabular-3,1746145624077,1746145776115,152.038,2.5339666666666667,yaml
67dc19c31078d1581e39e75a,modifying-task-tabular-3_post-task-question,1746145776435,1746145802128,25.693,0.4282166666666667,yaml
67dc19c31078d1581e39e75a,modifying-task-tabular-4,1746145802340,1746146086120,283.78,4.729666666666666,yaml
67dc19c31078d1581e39e75a,modifying-task-tabular-4_post-task-question,1746146086453,1746146093112,6.659,0.11098333333333334,yaml
67dc19c31078d1581e39e75a,$nasa-tlx.co.nasa-tlx,1746146093438,1746146140217,46.779,0.7796500000000001,yaml
67dc19c31078d1581e39e75a,post-task-survey-tlx,1746146140674,1746146230523,89.849,1.4974833333333335,yaml
67dc19c31078d1581e39e75a,unqualified,0,-1,-0.001,-1.6666666666666667e-05,yaml
67debe02a893eea51e8d02f2,introduction,1745928951956,1745929011245,59.289,0.98815,json
67debe02a893eea51e8d02f2,qualifications,1745929011919,1745929023883,11.964,0.1994,json
67debe02a893eea51e8d02f2,consent,1745929024557,1745929061799,37.242,0.6206999999999999,json
67debe02a893eea51e8d02f2,task,1745929062487,1745929133519,71.032,1.1838666666666666,json
67debe02a893eea51e8d02f2,writing-task-NL,1745929133945,1745929312425,178.48,2.9746666666666663,json
67debe02a893eea51e8d02f2,writing-task-NL_post-task-question,1745929313134,1745929321071,7.937,0.13228333333333334,json
67debe02a893eea51e8d02f2,tutorial-part1,1745929321514,1745929661113,339.599,5.659983333333333,json
67debe02a893eea51e8d02f2,tutorial-part2,1745929661601,1745929926853,265.252,4.420866666666667,json
67debe02a893eea51e8d02f2,reading-task-tabular-1,1745929927333,1745930009879,82.546,1.3757666666666668,json
67debe02a893eea51e8d02f2,reading-task-tabular-1_post-task-question,1745930010616,1745930020439,9.823,0.16371666666666668,json
67debe02a893eea51e8d02f2,reading-task-tabular-2,1745930020902,1745930060642,39.74,0.6623333333333333,json
67debe02a893eea51e8d02f2,reading-task-tabular-2_post-task-question,1745930061367,1745930068682,7.315,0.12191666666666667,json
67debe02a893eea51e8d02f2,reading-task-tabular-3,1745930069148,1745930099691,30.543,0.50905,json
67debe02a893eea51e8d02f2,reading-task-tabular-3_post-task-question,1745930100450,1745930105923,5.473,0.09121666666666667,json
67debe02a893eea51e8d02f2,reading-task-tabular-4,1745930106380,1745930140881,34.501,0.5750166666666666,json
67debe02a893eea51e8d02f2,reading-task-tabular-4_post-task-question,1745930141611,1745930148725,7.114,0.11856666666666667,json
67debe02a893eea51e8d02f2,reading-task-tabular-5,1745930149150,1745930231829,82.679,1.3779833333333333,json
67debe02a893eea51e8d02f2,reading-task-tabular-5_post-task-question,1745930232571,1745930246968,14.397,0.23995,json
67debe02a893eea51e8d02f2,writing-task-tabular,1745930247389,1745931209450,962.061,16.03435,json
67debe02a893eea51e8d02f2,writing-task-tabular_post-task-question,1745931210314,1745931218026,7.712,0.12853333333333333,json
67debe02a893eea51e8d02f2,modifying-task-tabular-1,1745931218494,1745931395544,177.05,2.9508333333333336,json
67debe02a893eea51e8d02f2,modifying-task-tabular-1_post-task-question,1745931396364,1745931403996,7.632,0.1272,json
67debe02a893eea51e8d02f2,modifying-task-tabular-2,1745931404504,1745931498128,93.624,1.5604,json
67debe02a893eea51e8d02f2,modifying-task-tabular-2_post-task-question,1745931498963,1745931505189,6.226,0.10376666666666666,json
67debe02a893eea51e8d02f2,modifying-task-tabular-3,1745931505695,1745931613139,107.444,1.7907333333333333,json
67debe02a893eea51e8d02f2,modifying-task-tabular-3_post-task-question,1745931613968,1745931619265,5.297,0.08828333333333332,json
67debe02a893eea51e8d02f2,modifying-task-tabular-4,1745931619757,1745931799611,179.854,2.9975666666666667,json
67debe02a893eea51e8d02f2,modifying-task-tabular-4_post-task-question,1745931800567,1745931821044,20.477,0.3412833333333333,json
67debe02a893eea51e8d02f2,$nasa-tlx.co.nasa-tlx,1745931821952,1745931865591,43.639,0.7273166666666667,json
67debe02a893eea51e8d02f2,post-task-survey-tlx,1745931866671,1745931969720,103.049,1.7174833333333335,json
67debe02a893eea51e8d02f2,unqualified,0,-1,-0.001,-1.6666666666666667e-05,json
67e12acb51605ac16c227598,introduction,1746143301281,1746143364150,62.869,1.0478166666666666,jsonc
67e12acb51605ac16c227598,qualifications,1746143364901,1746143379977,15.076,0.2512666666666667,jsonc
67e12acb51605ac16c227598,consent,1746143380747,1746143461010,80.263,1.3377166666666667,jsonc
67e12acb51605ac16c227598,task,1746143461719,1746143585561,123.842,2.064033333333333,jsonc
67e12acb51605ac16c227598,writing-task-NL,1746143818892,1746144133372,314.48,5.241333333333333,jsonc
67e12acb51605ac16c227598,writing-task-NL_post-task-question,1746144133713,1746144148940,15.227,0.25378333333333336,jsonc
67e12acb51605ac16c227598,tutorial-part1,1746144149108,1746144625404,476.296,7.938266666666666,jsonc
67e12acb51605ac16c227598,tutorial-part2,1746144625609,1746144851956,226.347,3.77245,jsonc
67e12acb51605ac16c227598,reading-task-tabular-1,1746144852111,1746144911376,59.265,0.98775,jsonc
67e12acb51605ac16c227598,reading-task-tabular-1_post-task-question,1746144911683,1746144919268,7.585,0.12641666666666668,jsonc
67e12acb51605ac16c227598,reading-task-tabular-2,1746144919406,1746145046504,127.098,2.1183,jsonc
67e12acb51605ac16c227598,reading-task-tabular-2_post-task-question,1746145046829,1746145051524,4.695,0.07825,jsonc
67e12acb51605ac16c227598,reading-task-tabular-3,1746145051683,1746145107098,55.415,0.9235833333333333,jsonc
67e12acb51605ac16c227598,reading-task-tabular-3_post-task-question,1746145107367,1746145111819,4.452,0.0742,jsonc
67e12acb51605ac16c227598,reading-task-tabular-4,1746145111961,1746145163573,51.612,0.8602000000000001,jsonc
67e12acb51605ac16c227598,reading-task-tabular-4_post-task-question,1746145163920,1746145170749,6.829,0.11381666666666666,jsonc
67e12acb51605ac16c227598,reading-task-tabular-5,1746145170877,1746145231864,60.987,1.01645,jsonc
67e12acb51605ac16c227598,reading-task-tabular-5_post-task-question,1746145232118,1746145236862,4.744,0.07906666666666666,jsonc
67e12acb51605ac16c227598,writing-task-tabular,1746145236988,1746147011550,1774.562,29.57603333333333,jsonc
67e12acb51605ac16c227598,writing-task-tabular_post-task-question,1746147718861,1746147722170,3.309,0.055150000000000005,jsonc
67e12acb51605ac16c227598,modifying-task-tabular-1,1746147722424,1746147926049,203.625,3.39375,jsonc
67e12acb51605ac16c227598,modifying-task-tabular-1_post-task-question,1746147926650,1746147930367,3.717,0.06195,jsonc
67e12acb51605ac16c227598,modifying-task-tabular-2,1746147930538,1746147976533,45.995,0.7665833333333333,jsonc
67e12acb51605ac16c227598,modifying-task-tabular-2_post-task-question,1746147976953,1746147984076,7.123,0.11871666666666666,jsonc
67e12acb51605ac16c227598,modifying-task-tabular-3,1746147984296,1746148109851,125.555,2.0925833333333332,jsonc
67e12acb51605ac16c227598,modifying-task-tabular-3_post-task-question,1746148110594,1746148115516,4.922,0.08203333333333333,jsonc
67e12acb51605ac16c227598,modifying-task-tabular-4,1746148115899,1746148180108,64.209,1.0701500000000002,jsonc
67e12acb51605ac16c227598,modifying-task-tabular-4_post-task-question,1746148180932,1746148183911,2.979,0.04965,jsonc
67e12acb51605ac16c227598,$nasa-tlx.co.nasa-tlx,1746148184526,1746148213953,29.427,0.49045,jsonc
67e12acb51605ac16c227598,post-task-survey-tlx,1746148214583,1746148693836,479.253,7.98755,jsonc
67e12acb51605ac16c227598,unqualified,0,-1,-0.001,-1.6666666666666667e-05,jsonc
67e17bac09359e09118892b4,introduction,1746144436539,1746144463185,26.646,0.4441,json5
67e17bac09359e09118892b4,qualifications,1746144464095,1746144518341,54.246,0.9041,json5
67e17bac09359e09118892b4,consent,1746144519264,1746144599145,79.881,1.33135,json5
67e17bac09359e09118892b4,task,1746144600043,1746144710493,110.45,1.8408333333333333,json5
67e17bac09359e09118892b4,writing-task-NL,1746146217486,1746146428101,210.615,3.51025,json5
67e17bac09359e09118892b4,writing-task-NL_post-task-question,1746146428846,1746146445986,17.14,0.2856666666666667,json5
67e17bac09359e09118892b4,tutorial-part1,1746146446249,1746146600711,154.462,2.5743666666666667,json5
67e17bac09359e09118892b4,tutorial-part2,1746146601047,1746146633268,32.221,0.5370166666666666,json5
67e17bac09359e09118892b4,reading-task-tabular-1,1746146633576,1746146734366,100.79,1.6798333333333335,json5
67e17bac09359e09118892b4,reading-task-tabular-1_post-task-question,1746146734826,1746146740913,6.087,0.10145,json5
67e17bac09359e09118892b4,reading-task-tabular-2,1746146741191,1746146814500,73.309,1.2218166666666666,json5
67e17bac09359e09118892b4,reading-task-tabular-2_post-task-question,1746146814996,1746146817955,2.959,0.04931666666666667,json5
67e17bac09359e09118892b4,reading-task-tabular-3,1746146818224,1746146893411,75.187,1.2531166666666667,json5
67e17bac09359e09118892b4,reading-task-tabular-3_post-task-question,1746146893912,1746146900527,6.615,0.11025,json5
67e17bac09359e09118892b4,reading-task-tabular-4,1746146900790,1746147118971,218.181,3.63635,json5
67e17bac09359e09118892b4,reading-task-tabular-4_post-task-question,1746147119464,1746147124095,4.631,0.07718333333333334,json5
67e17bac09359e09118892b4,reading-task-tabular-5,1746147124366,1746147238344,113.978,1.8996333333333333,json5
67e17bac09359e09118892b4,reading-task-tabular-5_post-task-question,1746147238827,1746147247181,8.354,0.13923333333333332,json5
67e17bac09359e09118892b4,writing-task-tabular,1746147247447,1746147644571,397.124,6.618733333333334,json5
67e17bac09359e09118892b4,writing-task-tabular_post-task-question,1746147645094,1746147654303,9.209,0.15348333333333333,json5
67e17bac09359e09118892b4,modifying-task-tabular-1,1746147654602,1746147809381,154.779,2.57965,json5
67e17bac09359e09118892b4,modifying-task-tabular-1_post-task-question,1746147809969,1746147815804,5.835,0.09725,json5
67e17bac09359e09118892b4,modifying-task-tabular-2,1746147816060,1746147839123,23.063,0.3843833333333333,json5
67e17bac09359e09118892b4,modifying-task-tabular-2_post-task-question,1746147839702,1746147845115,5.413,0.09021666666666667,json5
67e17bac09359e09118892b4,modifying-task-tabular-3,1746147845389,1746147878986,33.597,0.5599500000000001,json5
67e17bac09359e09118892b4,modifying-task-tabular-3_post-task-question,1746147879448,1746147882620,3.172,0.052866666666666666,json5
67e17bac09359e09118892b4,modifying-task-tabular-4,1746147990535,1746148275326,284.791,4.7465166666666665,json5
67e17bac09359e09118892b4,modifying-task-tabular-4_post-task-question,1746148275984,1746148284291,8.307,0.13845000000000002,json5
67e17bac09359e09118892b4,$nasa-tlx.co.nasa-tlx,1746148284878,1746148340364,55.486,0.9247666666666666,json5
67e17bac09359e09118892b4,post-task-survey-tlx,1746148341089,1746148432894,91.805,1.5300833333333335,json5
67e17bac09359e09118892b4,unqualified,0,-1,-0.001,-1.6666666666666667e-05,json5
67e25388d573ec2d5f1c8442,introduction,1746144139413,1746144417340,277.927,4.632116666666667,yaml
67e25388d573ec2d5f1c8442,qualifications,1746144417489,1746144426155,8.666,0.14443333333333333,yaml
67e25388d573ec2d5f1c8442,consent,1746144426309,1746144455636,29.327,0.48878333333333335,yaml
67e25388d573ec2d5f1c8442,task,1746144455752,1746144598844,143.092,2.384866666666667,yaml
67e25388d573ec2d5f1c8442,writing-task-NL,1746144598943,1746144889999,291.056,4.850933333333333,yaml
67e25388d573ec2d5f1c8442,writing-task-NL_post-task-question,1746144890121,1746144907381,17.26,0.2876666666666667,yaml
67e25388d573ec2d5f1c8442,tutorial-part1,1746144907462,1746145138311,230.849,3.8474833333333334,yaml
67e25388d573ec2d5f1c8442,tutorial-part2,1746145138410,1746146460853,1322.443,22.040716666666665,yaml
67e25388d573ec2d5f1c8442,reading-task-tabular-1,1746146460986,1746146564264,103.278,1.7213,yaml
67e25388d573ec2d5f1c8442,reading-task-tabular-1_post-task-question,1746146564398,1746146571705,7.307,0.12178333333333334,yaml
67e25388d573ec2d5f1c8442,reading-task-tabular-2,1746146571775,1746146663763,91.988,1.5331333333333332,yaml
67e25388d573ec2d5f1c8442,reading-task-tabular-2_post-task-question,1746146663927,1746146670766,6.839,0.11398333333333334,yaml
67e25388d573ec2d5f1c8442,reading-task-tabular-3,1746146670830,1746146712838,42.008,0.7001333333333334,yaml
67e25388d573ec2d5f1c8442,reading-task-tabular-3_post-task-question,1746146713034,1746146717695,4.661,0.07768333333333333,yaml
67e25388d573ec2d5f1c8442,reading-task-tabular-4,1746146717813,1746146761811,43.998,0.7333,yaml
67e25388d573ec2d5f1c8442,reading-task-tabular-4_post-task-question,1746146761902,1746146768044,6.142,0.10236666666666668,yaml
67e25388d573ec2d5f1c8442,reading-task-tabular-5,1746146768133,1746146822026,53.893,0.8982166666666667,yaml
67e25388d573ec2d5f1c8442,reading-task-tabular-5_post-task-question,1746146822148,1746146837724,15.576,0.2596,yaml
67e25388d573ec2d5f1c8442,writing-task-tabular,1746146837797,1746147375040,537.243,8.95405,yaml
67e25388d573ec2d5f1c8442,writing-task-tabular_post-task-question,1746147375175,1746147382735,7.56,0.126,yaml
67e25388d573ec2d5f1c8442,modifying-task-tabular-1,1746147382803,1746147671485,288.682,4.811366666666667,yaml
67e25388d573ec2d5f1c8442,modifying-task-tabular-1_post-task-question,1746147671627,1746147676803,5.176,0.08626666666666667,yaml
67e25388d573ec2d5f1c8442,modifying-task-tabular-2,1746147676874,1746147831224,154.35,2.5725,yaml
67e25388d573ec2d5f1c8442,modifying-task-tabular-2_post-task-question,1746147831377,1746147843643,12.266,0.20443333333333333,yaml
67e25388d573ec2d5f1c8442,modifying-task-tabular-3,1746147843725,1746147987991,144.266,2.404433333333333,yaml
67e25388d573ec2d5f1c8442,modifying-task-tabular-3_post-task-question,1746147988116,1746147992735,4.619,0.07698333333333333,yaml
67e25388d573ec2d5f1c8442,modifying-task-tabular-4,1746147992820,1746148163022,170.202,2.8367,yaml
67e25388d573ec2d5f1c8442,modifying-task-tabular-4_post-task-question,1746148163149,1746148170106,6.957,0.11595,yaml
67e25388d573ec2d5f1c8442,$nasa-tlx.co.nasa-tlx,1746148170240,1746148206380,36.14,0.6023333333333334,yaml
67e25388d573ec2d5f1c8442,post-task-survey-tlx,1746148206548,1746148357751,151.203,2.52005,yaml
67e25388d573ec2d5f1c8442,unqualified,0,-1,-0.001,-1.6666666666666667e-05,yaml
67e4920c40c9561040ca01d0,introduction,1745928739761,1745928802023,62.262,1.0377,xml
67e4920c40c9561040ca01d0,qualifications,1745928802306,1745928833066,30.76,0.5126666666666667,xml
67e4920c40c9561040ca01d0,consent,1745928833294,1745928947596,114.302,1.9050333333333334,xml
67e4920c40c9561040ca01d0,task,1745928947847,1745929059573,111.726,1.8621,xml
67e4920c40c9561040ca01d0,writing-task-NL,1745929059708,1745929322632,262.924,4.382066666666666,xml
67e4920c40c9561040ca01d0,writing-task-NL_post-task-question,1745929322884,1745929343971,21.087,0.35145,xml
67e4920c40c9561040ca01d0,tutorial-part1,1745929344087,1745929742190,398.103,6.635050000000001,xml
67e4920c40c9561040ca01d0,tutorial-part2,1745929742341,1745929945782,203.441,3.3906833333333335,xml
67e4920c40c9561040ca01d0,reading-task-tabular-1,1745929945921,1745930092169,146.248,2.4374666666666664,xml
67e4920c40c9561040ca01d0,reading-task-tabular-1_post-task-question,1745930092402,1745930103869,11.467,0.19111666666666668,xml
67e4920c40c9561040ca01d0,reading-task-tabular-2,1745930103984,1745930182523,78.539,1.3089833333333334,xml
67e4920c40c9561040ca01d0,reading-task-tabular-2_post-task-question,1745930182731,1745930190908,8.177,0.13628333333333334,xml
67e4920c40c9561040ca01d0,reading-task-tabular-3,1745930191034,1745930239216,48.182,0.8030333333333334,xml
67e4920c40c9561040ca01d0,reading-task-tabular-3_post-task-question,1745930239451,1745930252003,12.552,0.2092,xml
67e4920c40c9561040ca01d0,reading-task-tabular-4,1745930252128,1745930318641,66.513,1.1085500000000001,xml
67e4920c40c9561040ca01d0,reading-task-tabular-4_post-task-question,1745930318891,1745930325152,6.261,0.10435,xml
67e4920c40c9561040ca01d0,reading-task-tabular-5,1745930325267,1745930361722,36.455,0.6075833333333333,xml
67e4920c40c9561040ca01d0,reading-task-tabular-5_post-task-question,1745930361963,1745930367362,5.399,0.08998333333333333,xml
67e4920c40c9561040ca01d0,writing-task-tabular,1745930367478,1745931021457,653.979,10.899650000000001,xml
67e4920c40c9561040ca01d0,writing-task-tabular_post-task-question,1745931021710,1745931031138,9.428,0.15713333333333335,xml
67e4920c40c9561040ca01d0,modifying-task-tabular-1,1745931031317,1745931196038,164.721,2.74535,xml
67e4920c40c9561040ca01d0,modifying-task-tabular-1_post-task-question,1745931196268,1745931211136,14.868,0.2478,xml
67e4920c40c9561040ca01d0,modifying-task-tabular-2,1745931211335,1745931264551,53.216,0.8869333333333334,xml
67e4920c40c9561040ca01d0,modifying-task-tabular-2_post-task-question,1745931264802,1745931275516,10.714,0.17856666666666668,xml
67e4920c40c9561040ca01d0,modifying-task-tabular-3,1745931275646,1745931456787,181.141,3.0190166666666665,xml
67e4920c40c9561040ca01d0,modifying-task-tabular-3_post-task-question,1745931457040,1745931464236,7.196,0.11993333333333332,xml
67e4920c40c9561040ca01d0,modifying-task-tabular-4,1745931464351,1745931484545,20.194,0.3365666666666666,xml
67e4920c40c9561040ca01d0,modifying-task-tabular-4_post-task-question,1745931484788,1745931493148,8.36,0.13933333333333334,xml
67e4920c40c9561040ca01d0,$nasa-tlx.co.nasa-tlx,1745931493391,1745931575335,81.944,1.3657333333333335,xml
67e4920c40c9561040ca01d0,post-task-survey-tlx,1745931575632,1745931687695,112.063,1.8677166666666667,xml
67e4920c40c9561040ca01d0,unqualified,0,-1,-0.001,-1.6666666666666667e-05,xml
67e571bef6af7ecd9c29ad72,introduction,1746143299783,1746143323902,24.119,0.4019833333333333,json
67e571bef6af7ecd9c29ad72,qualifications,1746143324169,1746143355365,31.196,0.5199333333333334,json
67e571bef6af7ecd9c29ad72,consent,1746143355599,1746143406349,50.75,0.8458333333333333,json
67e571bef6af7ecd9c29ad72,task,1746143406641,1746143588669,182.028,3.0338,json
67e571bef6af7ecd9c29ad72,writing-task-NL,1746143588797,1746143993722,404.925,6.74875,json
67e571bef6af7ecd9c29ad72,writing-task-NL_post-task-question,1746143993965,1746144000612,6.647,0.11078333333333333,json
67e571bef6af7ecd9c29ad72,tutorial-part1,1746144000742,1746145659683,1658.941,27.649016666666668,json
67e571bef6af7ecd9c29ad72,tutorial-part2,1746145659851,1746146271445,611.594,10.193233333333334,json
67e571bef6af7ecd9c29ad72,reading-task-tabular-1,1746146271590,1746146454241,182.651,3.0441833333333337,json
67e571bef6af7ecd9c29ad72,reading-task-tabular-1_post-task-question,1746146454521,1746146462418,7.897,0.13161666666666666,json
67e571bef6af7ecd9c29ad72,reading-task-tabular-2,1746146462558,1746146549449,86.891,1.4481833333333334,json
67e571bef6af7ecd9c29ad72,reading-task-tabular-2_post-task-question,1746146549678,1746146555032,5.354,0.08923333333333333,json
67e571bef6af7ecd9c29ad72,reading-task-tabular-3,1746146555178,1746146618215,63.037,1.0506166666666668,json
67e571bef6af7ecd9c29ad72,reading-task-tabular-3_post-task-question,1746146618430,1746146623864,5.434,0.09056666666666667,json
67e571bef6af7ecd9c29ad72,reading-task-tabular-4,1746146623994,1746146712975,88.981,1.4830166666666666,json
67e571bef6af7ecd9c29ad72,reading-task-tabular-4_post-task-question,1746146713241,1746146718975,5.734,0.09556666666666666,json
67e571bef6af7ecd9c29ad72,reading-task-tabular-5,1746146719107,1746146818581,99.474,1.6579000000000002,json
67e571bef6af7ecd9c29ad72,reading-task-tabular-5_post-task-question,1746146818817,1746146822741,3.924,0.0654,json
67e571bef6af7ecd9c29ad72,writing-task-tabular,1746146822874,1746147358937,536.063,8.934383333333333,json
67e571bef6af7ecd9c29ad72,writing-task-tabular_post-task-question,1746147359191,1746147363503,4.312,0.07186666666666668,json
67e571bef6af7ecd9c29ad72,modifying-task-tabular-1,1746147363645,1746147647376,283.731,4.7288499999999996,json
67e571bef6af7ecd9c29ad72,modifying-task-tabular-1_post-task-question,1746147647644,1746147654147,6.503,0.10838333333333333,json
67e571bef6af7ecd9c29ad72,modifying-task-tabular-2,1746147654365,1746147871474,217.109,3.6184833333333333,json
67e571bef6af7ecd9c29ad72,modifying-task-tabular-2_post-task-question,1746147871784,1746147874481,2.697,0.044950000000000004,json
67e571bef6af7ecd9c29ad72,modifying-task-tabular-3,1746147874630,1746147973225,98.595,1.6432499999999999,json
67e571bef6af7ecd9c29ad72,modifying-task-tabular-3_post-task-question,1746147973490,1746147978055,4.565,0.07608333333333334,json
67e571bef6af7ecd9c29ad72,modifying-task-tabular-4,1746147978220,1746148086984,108.764,1.8127333333333333,json
67e571bef6af7ecd9c29ad72,modifying-task-tabular-4_post-task-question,1746148087305,1746148091903,4.598,0.07663333333333333,json
67e571bef6af7ecd9c29ad72,$nasa-tlx.co.nasa-tlx,1746148092234,1746148128008,35.774,0.5962333333333334,json
67e571bef6af7ecd9c29ad72,post-task-survey-tlx,1746148128343,1746148341196,212.853,3.54755,json
67e571bef6af7ecd9c29ad72,unqualified,0,-1,-0.001,-1.6666666666666667e-05,json
67e5cf90b79d0874e1cf16b0,introduction,1746143276603,1746143883493,606.89,10.114833333333333,toml
67e5cf90b79d0874e1cf16b0,qualifications,1746143883692,1746143891570,7.878,0.1313,toml
67e5cf90b79d0874e1cf16b0,consent,1746143891714,1746143917470,25.756,0.4292666666666667,toml
67e5cf90b79d0874e1cf16b0,task,1746143917620,1746143936698,19.078,0.3179666666666667,toml
67e5cf90b79d0874e1cf16b0,writing-task-NL,1746143936801,1746144261203,324.402,5.4067,toml
67e5cf90b79d0874e1cf16b0,writing-task-NL_post-task-question,1746144261356,1746144269566,8.21,0.13683333333333333,toml
67e5cf90b79d0874e1cf16b0,tutorial-part1,1746144269665,1746144400073,130.408,2.1734666666666667,toml
67e5cf90b79d0874e1cf16b0,tutorial-part2,1746144400218,1746144743610,343.392,5.7232,toml
67e5cf90b79d0874e1cf16b0,reading-task-tabular-1,1746144743732,1746145134356,390.624,6.510400000000001,toml
67e5cf90b79d0874e1cf16b0,reading-task-tabular-1_post-task-question,1746145134530,1746145142560,8.03,0.13383333333333333,toml
67e5cf90b79d0874e1cf16b0,reading-task-tabular-2,1746145142676,1746145567173,424.497,7.07495,toml
67e5cf90b79d0874e1cf16b0,reading-task-tabular-2_post-task-question,1746145567352,1746145576327,8.975,0.14958333333333332,toml
67e5cf90b79d0874e1cf16b0,reading-task-tabular-3,1746145576436,1746145610847,34.411,0.5735166666666667,toml
67e5cf90b79d0874e1cf16b0,reading-task-tabular-3_post-task-question,1746145611047,1746145614329,3.282,0.0547,toml
67e5cf90b79d0874e1cf16b0,reading-task-tabular-4,1746145614451,1746145664079,49.628,0.8271333333333334,toml
67e5cf90b79d0874e1cf16b0,reading-task-tabular-4_post-task-question,1746145664264,1746145671818,7.554,0.1259,toml
67e5cf90b79d0874e1cf16b0,reading-task-tabular-5,1746145671931,1746145741814,69.883,1.1647166666666666,toml
67e5cf90b79d0874e1cf16b0,reading-task-tabular-5_post-task-question,1746145742011,1746145745459,3.448,0.057466666666666666,toml
67e5cf90b79d0874e1cf16b0,writing-task-tabular,1746145745579,1746146463120,717.541,11.959016666666667,toml
67e5cf90b79d0874e1cf16b0,writing-task-tabular_post-task-question,1746146463369,1746146468523,5.154,0.0859,toml
67e5cf90b79d0874e1cf16b0,modifying-task-tabular-1,1746146468632,1746146726507,257.875,4.297916666666667,toml
67e5cf90b79d0874e1cf16b0,modifying-task-tabular-1_post-task-question,1746146726735,1746146730097,3.362,0.05603333333333334,toml
67e5cf90b79d0874e1cf16b0,modifying-task-tabular-2,1746146730222,1746146969326,239.104,3.985066666666667,toml
67e5cf90b79d0874e1cf16b0,modifying-task-tabular-2_post-task-question,1746146969600,1746146973550,3.95,0.06583333333333334,toml
67e5cf90b79d0874e1cf16b0,modifying-task-tabular-3,1746146973677,1746147050984,77.307,1.28845,toml
67e5cf90b79d0874e1cf16b0,modifying-task-tabular-3_post-task-question,1746147051259,1746147053673,2.414,0.040233333333333336,toml
67e5cf90b79d0874e1cf16b0,modifying-task-tabular-4,1746147053772,1746147485016,431.244,7.1874,toml
67e5cf90b79d0874e1cf16b0,modifying-task-tabular-4_post-task-question,1746147485320,1746147492022,6.702,0.1117,toml
67e5cf90b79d0874e1cf16b0,$nasa-tlx.co.nasa-tlx,1746147492250,1746147510048,17.798,0.2966333333333333,toml
67e5cf90b79d0874e1cf16b0,post-task-survey-tlx,1746147510413,1746147647680,137.267,2.287783333333333,toml
67e5cf90b79d0874e1cf16b0,unqualified,0,-1,-0.001,-1.6666666666666667e-05,toml
67eefd0739d752c54dd52686,introduction,1746148978537,1746149012856,34.319,0.5719833333333334,toml
67eefd0739d752c54dd52686,qualifications,1746149013232,1746149040595,27.363,0.45605,toml
67eefd0739d752c54dd52686,consent,1746149041149,1746149095778,54.629,0.9104833333333333,toml
67eefd0739d752c54dd52686,task,1746149096124,1746149152576,56.452,0.9408666666666666,toml
67eefd0739d752c54dd52686,writing-task-NL,1746149152780,1746149333761,180.981,3.01635,toml
67eefd0739d752c54dd52686,writing-task-NL_post-task-question,1746149334094,1746149358727,24.633,0.41054999999999997,toml
67eefd0739d752c54dd52686,tutorial-part1,1746149359225,1746149648791,289.566,4.826099999999999,toml
67eefd0739d752c54dd52686,tutorial-part2,1746149649006,1746149745127,96.121,1.6020166666666666,toml
67eefd0739d752c54dd52686,reading-task-tabular-1,1746149745342,1746149824059,78.717,1.31195,toml
67eefd0739d752c54dd52686,reading-task-tabular-1_post-task-question,1746149824474,1746149833398,8.924,0.14873333333333333,toml
67eefd0739d752c54dd52686,reading-task-tabular-2,1746149833623,1746149978199,144.576,2.4095999999999997,toml
67eefd0739d752c54dd52686,reading-task-tabular-2_post-task-question,1746149978571,1746149982655,4.084,0.06806666666666666,toml
67eefd0739d752c54dd52686,reading-task-tabular-3,1746149982857,1746150033294,50.437,0.8406166666666667,toml
67eefd0739d752c54dd52686,reading-task-tabular-3_post-task-question,1746150033665,1746150038699,5.034,0.0839,toml
67eefd0739d752c54dd52686,reading-task-tabular-4,1746150038893,1746150165086,126.193,2.1032166666666665,toml
67eefd0739d752c54dd52686,reading-task-tabular-4_post-task-question,1746150165445,1746150170146,4.701,0.07834999999999999,toml
67eefd0739d752c54dd52686,reading-task-tabular-5,1746150170324,1746150247754,77.43,1.2905000000000002,toml
67eefd0739d752c54dd52686,reading-task-tabular-5_post-task-question,1746150248116,1746150254155,6.039,0.10064999999999999,toml
67eefd0739d752c54dd52686,writing-task-tabular,1746150254332,1746150563762,309.43,5.157166666666667,toml
67eefd0739d752c54dd52686,writing-task-tabular_post-task-question,1746150564072,1746150573758,9.686,0.16143333333333335,toml
67eefd0739d752c54dd52686,modifying-task-tabular-1,1746150573983,1746150781363,207.38,3.4563333333333333,toml
67eefd0739d752c54dd52686,modifying-task-tabular-1_post-task-question,1746150781841,1746150788810,6.969,0.11615,toml
67eefd0739d752c54dd52686,modifying-task-tabular-2,1746150789040,1746150887196,98.156,1.6359333333333335,toml
67eefd0739d752c54dd52686,modifying-task-tabular-2_post-task-question,1746150887613,1746150894854,7.241,0.12068333333333332,toml
67eefd0739d752c54dd52686,modifying-task-tabular-3,1746150895020,1746150995240,100.22,1.6703333333333332,toml
67eefd0739d752c54dd52686,modifying-task-tabular-3_post-task-question,1746150995715,1746151001978,6.263,0.10438333333333333,toml
67eefd0739d752c54dd52686,modifying-task-tabular-4,1746151002280,1746151094132,91.852,1.5308666666666668,toml
67eefd0739d752c54dd52686,modifying-task-tabular-4_post-task-question,1746151094728,1746151099438,4.71,0.0785,toml
67eefd0739d752c54dd52686,$nasa-tlx.co.nasa-tlx,1746151099886,1746151130646,30.76,0.5126666666666667,toml
67eefd0739d752c54dd52686,post-task-survey-tlx,1746151131170,1746151295408,164.238,2.7373,toml
67eefd0739d752c54dd52686,unqualified,0,-1,-0.001,-1.6666666666666667e-05,toml
67eff2b1a264260e948a4d14,introduction,1746388677445,1746388682838,5.393,0.08988333333333333,xml
67eff2b1a264260e948a4d14,qualifications,1746388683235,1746388691856,8.621,0.14368333333333333,xml
67eff2b1a264260e948a4d14,consent,1746388692181,1746388735691,43.51,0.7251666666666666,xml
67eff2b1a264260e948a4d14,task,1746388736011,1746388808369,72.358,1.2059666666666666,xml
67eff2b1a264260e948a4d14,writing-task-NL,1746388808534,1746389095186,286.652,4.777533333333333,xml
67eff2b1a264260e948a4d14,writing-task-NL_post-task-question,1746389095486,1746389106846,11.36,0.18933333333333333,xml
67eff2b1a264260e948a4d14,tutorial-part1,1746389106996,1746389614031,507.035,8.450583333333334,xml
67eff2b1a264260e948a4d14,tutorial-part2,1746389614349,1746389963462,349.113,5.81855,xml
67eff2b1a264260e948a4d14,reading-task-tabular-1,1746389963694,1746390228465,264.771,4.412850000000001,xml
67eff2b1a264260e948a4d14,reading-task-tabular-1_post-task-question,1746390228779,1746390237207,8.428,0.14046666666666668,xml
67eff2b1a264260e948a4d14,reading-task-tabular-2,1746390237385,1746390420137,182.752,3.045866666666667,xml
67eff2b1a264260e948a4d14,reading-task-tabular-2_post-task-question,1746390420454,1746390427558,7.104,0.1184,xml
67eff2b1a264260e948a4d14,reading-task-tabular-3,1746390427737,1746390472938,45.201,0.75335,xml
67eff2b1a264260e948a4d14,reading-task-tabular-3_post-task-question,1746390473230,1746390477503,4.273,0.07121666666666666,xml
67eff2b1a264260e948a4d14,reading-task-tabular-4,1746390477661,1746390525013,47.352,0.7891999999999999,xml
67eff2b1a264260e948a4d14,reading-task-tabular-4_post-task-question,1746390525324,1746390528575,3.251,0.05418333333333333,xml
67eff2b1a264260e948a4d14,reading-task-tabular-5,1746390528757,1746390585100,56.343,0.93905,xml
67eff2b1a264260e948a4d14,reading-task-tabular-5_post-task-question,1746390585394,1746390588203,2.809,0.046816666666666666,xml
67eff2b1a264260e948a4d14,writing-task-tabular,1746390588360,1746391647518,1059.158,17.65263333333333,xml
67eff2b1a264260e948a4d14,writing-task-tabular_post-task-question,1746391647822,1746391655427,7.605,0.12675,xml
67eff2b1a264260e948a4d14,modifying-task-tabular-1,1746391655586,1746392136064,480.478,8.007966666666666,xml
67eff2b1a264260e948a4d14,modifying-task-tabular-1_post-task-question,1746392136416,1746392142708,6.292,0.10486666666666666,xml
67eff2b1a264260e948a4d14,modifying-task-tabular-2,1746392142897,1746392381512,238.615,3.976916666666667,xml
67eff2b1a264260e948a4d14,modifying-task-tabular-2_post-task-question,1746392381841,1746392389667,7.826,0.13043333333333332,xml
67eff2b1a264260e948a4d14,modifying-task-tabular-3,1746392389861,1746392513364,123.503,2.0583833333333335,xml
67eff2b1a264260e948a4d14,modifying-task-tabular-3_post-task-question,1746392513690,1746392517924,4.234,0.07056666666666667,xml
67eff2b1a264260e948a4d14,modifying-task-tabular-4,1746392518119,1746392748002,229.883,3.8313833333333336,xml
67eff2b1a264260e948a4d14,modifying-task-tabular-4_post-task-question,1746392748343,1746392754737,6.394,0.10656666666666667,xml
67eff2b1a264260e948a4d14,$nasa-tlx.co.nasa-tlx,1746392755086,1746392795922,40.836,0.6806,xml
67eff2b1a264260e948a4d14,post-task-survey-tlx,1746392796342,1746392848282,51.94,0.8656666666666666,xml
67eff2b1a264260e948a4d14,unqualified,0,-1,-0.001,-1.6666666666666667e-05,xml
67f0c5d37f91ceae5cb3b318,introduction,1746143391872,1746143396388,4.516,0.07526666666666666,jsonc
67f0c5d37f91ceae5cb3b318,qualifications,1746143396578,1746143410737,14.159,0.23598333333333335,jsonc
67f0c5d37f91ceae5cb3b318,consent,1746143410887,1746143462402,51.515,0.8585833333333334,jsonc
67f0c5d37f91ceae5cb3b318,task,1746143462564,1746143528011,65.447,1.0907833333333334,jsonc
67f0c5d37f91ceae5cb3b318,writing-task-NL,1746143528131,1746143952474,424.343,7.072383333333334,jsonc
67f0c5d37f91ceae5cb3b318,writing-task-NL_post-task-question,1746143952714,1746143968575,15.861,0.26435000000000003,jsonc
67f0c5d37f91ceae5cb3b318,tutorial-part1,1746143968675,1746144164157,195.482,3.258033333333333,jsonc
67f0c5d37f91ceae5cb3b318,tutorial-part2,1746144164263,1746144229308,65.045,1.0840833333333333,jsonc
67f0c5d37f91ceae5cb3b318,reading-task-tabular-1,1746144229415,1746144270996,41.581,0.6930166666666667,jsonc
67f0c5d37f91ceae5cb3b318,reading-task-tabular-1_post-task-question,1746144271168,1746144277151,5.983,0.09971666666666666,jsonc
67f0c5d37f91ceae5cb3b318,reading-task-tabular-2,1746144277257,1746144325246,47.989,0.7998166666666666,jsonc
67f0c5d37f91ceae5cb3b318,reading-task-tabular-2_post-task-question,1746144325403,1746144343049,17.646,0.29410000000000003,jsonc
67f0c5d37f91ceae5cb3b318,reading-task-tabular-3,1746144343133,1746144375340,32.207,0.5367833333333334,jsonc
67f0c5d37f91ceae5cb3b318,reading-task-tabular-3_post-task-question,1746144375486,1746144383628,8.142,0.1357,jsonc
67f0c5d37f91ceae5cb3b318,reading-task-tabular-4,1746144383707,1746144526669,142.962,2.3827,jsonc
67f0c5d37f91ceae5cb3b318,reading-task-tabular-4_post-task-question,1746144526838,1746144533856,7.018,0.11696666666666666,jsonc
67f0c5d37f91ceae5cb3b318,reading-task-tabular-5,1746144533962,1746144676153,142.191,2.36985,jsonc
67f0c5d37f91ceae5cb3b318,reading-task-tabular-5_post-task-question,1746144676318,1746144691417,15.099,0.25165,jsonc
67f0c5d37f91ceae5cb3b318,writing-task-tabular,1746144691529,1746145533883,842.354,14.039233333333334,jsonc
67f0c5d37f91ceae5cb3b318,writing-task-tabular_post-task-question,1746145534093,1746145540089,5.996,0.09993333333333335,jsonc
67f0c5d37f91ceae5cb3b318,modifying-task-tabular-1,1746145540174,1746145679313,139.139,2.3189833333333336,jsonc
67f0c5d37f91ceae5cb3b318,modifying-task-tabular-1_post-task-question,1746145679493,1746145684966,5.473,0.09121666666666667,jsonc
67f0c5d37f91ceae5cb3b318,modifying-task-tabular-2,1746145685076,1746145793733,108.657,1.8109499999999998,jsonc
67f0c5d37f91ceae5cb3b318,modifying-task-tabular-2_post-task-question,1746145793912,1746145799326,5.414,0.09023333333333333,jsonc
67f0c5d37f91ceae5cb3b318,modifying-task-tabular-3,1746145799484,1746145886528,87.044,1.4507333333333332,jsonc
67f0c5d37f91ceae5cb3b318,modifying-task-tabular-3_post-task-question,1746145886701,1746145891945,5.244,0.08739999999999999,jsonc
67f0c5d37f91ceae5cb3b318,modifying-task-tabular-4,1746145892082,1746146099469,207.387,3.45645,jsonc
67f0c5d37f91ceae5cb3b318,modifying-task-tabular-4_post-task-question,1746146099665,1746146104231,4.566,0.0761,jsonc
67f0c5d37f91ceae5cb3b318,$nasa-tlx.co.nasa-tlx,1746146104413,1746146139075,34.662,0.5777,jsonc
67f0c5d37f91ceae5cb3b318,post-task-survey-tlx,1746146139308,1746146332560,193.252,3.2208666666666668,jsonc
67f0c5d37f91ceae5cb3b318,unqualified,0,-1,-0.001,-1.6666666666666667e-05,jsonc
67f184a3b82990251abd1592,introduction,1746383316168,1746383435361,119.193,1.98655,yaml
67f184a3b82990251abd1592,qualifications,1746383435679,1746383443754,8.075,0.13458333333333333,yaml
67f184a3b82990251abd1592,consent,1746383444020,1746383502056,58.036,0.9672666666666667,yaml
67f184a3b82990251abd1592,task,1746383502332,1746383650778,148.446,2.4741,yaml
67f184a3b82990251abd1592,writing-task-NL,1746383650927,1746383907103,256.176,4.2696,yaml
67f184a3b82990251abd1592,writing-task-NL_post-task-question,1746383907361,1746383914874,7.513,0.12521666666666667,yaml
67f184a3b82990251abd1592,tutorial-part1,1746383915000,1746384306553,391.553,6.525883333333334,yaml
67f184a3b82990251abd1592,tutorial-part2,1746384306798,1746384536193,229.395,3.8232500000000003,yaml
67f184a3b82990251abd1592,reading-task-tabular-1,1746384536400,1746384627131,90.731,1.5121833333333332,yaml
67f184a3b82990251abd1592,reading-task-tabular-1_post-task-question,1746384627426,1746384636714,9.288,0.1548,yaml
67f184a3b82990251abd1592,reading-task-tabular-2,1746384636841,1746384768397,131.556,2.1926,yaml
67f184a3b82990251abd1592,reading-task-tabular-2_post-task-question,1746384768651,1746384776383,7.732,0.12886666666666666,yaml
67f184a3b82990251abd1592,reading-task-tabular-3,1746384776522,1746385003805,227.283,3.7880499999999997,yaml
67f184a3b82990251abd1592,reading-task-tabular-3_post-task-question,1746385004059,1746385015180,11.121,0.18535000000000001,yaml
67f184a3b82990251abd1592,reading-task-tabular-4,1746385015318,1746385062199,46.881,0.78135,yaml
67f184a3b82990251abd1592,reading-task-tabular-4_post-task-question,1746385062445,1746385068668,6.223,0.10371666666666667,yaml
67f184a3b82990251abd1592,reading-task-tabular-5,1746385068798,1746385112663,43.865,0.7310833333333334,yaml
67f184a3b82990251abd1592,reading-task-tabular-5_post-task-question,1746385112921,1746385119781,6.86,0.11433333333333334,yaml
67f184a3b82990251abd1592,writing-task-tabular,1746385119905,1746386266226,1146.321,19.105349999999998,yaml
67f184a3b82990251abd1592,writing-task-tabular_post-task-question,1746386266589,1746386278604,12.015,0.20025,yaml
67f184a3b82990251abd1592,modifying-task-tabular-1,1746386278788,1746386523479,244.691,4.0781833333333335,yaml
67f184a3b82990251abd1592,modifying-task-tabular-1_post-task-question,1746386523795,1746386530700,6.905,0.11508333333333334,yaml
67f184a3b82990251abd1592,modifying-task-tabular-2,1746386530885,1746386689275,158.39,2.6398333333333333,yaml
67f184a3b82990251abd1592,modifying-task-tabular-2_post-task-question,1746386689612,1746386696652,7.04,0.11733333333333333,yaml
67f184a3b82990251abd1592,modifying-task-tabular-3,1746386696863,1746386890941,194.078,3.2346333333333335,yaml
67f184a3b82990251abd1592,modifying-task-tabular-3_post-task-question,1746386891451,1746386899249,7.798,0.12996666666666667,yaml
67f184a3b82990251abd1592,modifying-task-tabular-4,1746386899553,1746387672172,772.619,12.876983333333333,yaml
67f184a3b82990251abd1592,modifying-task-tabular-4_post-task-question,1746387672592,1746387679365,6.773,0.11288333333333332,yaml
67f184a3b82990251abd1592,$nasa-tlx.co.nasa-tlx,1746387679772,1746387705335,25.563,0.42605,yaml
67f184a3b82990251abd1592,post-task-survey-tlx,1746387705835,1746387818053,112.218,1.8703,yaml
67f184a3b82990251abd1592,unqualified,0,-1,-0.001,-1.6666666666666667e-05,yaml
67f1a4f8dd44e7cd5adffa29,introduction,1746386713845,1746386771131,57.286,0.9547666666666667,json5
67f1a4f8dd44e7cd5adffa29,qualifications,1746386771306,1746386790691,19.385,0.32308333333333333,json5
67f1a4f8dd44e7cd5adffa29,consent,1746386790866,1746386829395,38.529,0.6421500000000001,json5
67f1a4f8dd44e7cd5adffa29,task,1746386829558,1746386943747,114.189,1.90315,json5
67f1a4f8dd44e7cd5adffa29,writing-task-NL,1746386944009,1746387182975,238.966,3.982766666666667,json5
67f1a4f8dd44e7cd5adffa29,writing-task-NL_post-task-question,1746387183136,1746387197314,14.178,0.2363,json5
67f1a4f8dd44e7cd5adffa29,tutorial-part1,1746387197421,1746387807083,609.662,10.161033333333334,json5
67f1a4f8dd44e7cd5adffa29,tutorial-part2,1746387807347,1746387903955,96.608,1.6101333333333334,json5
67f1a4f8dd44e7cd5adffa29,reading-task-tabular-1,1746387904064,1746388233339,329.275,5.487916666666666,json5
67f1a4f8dd44e7cd5adffa29,reading-task-tabular-1_post-task-question,1746388233541,1746388245450,11.909,0.19848333333333334,json5
67f1a4f8dd44e7cd5adffa29,reading-task-tabular-2,1746388245562,1746388456395,210.833,3.5138833333333332,json5
67f1a4f8dd44e7cd5adffa29,reading-task-tabular-2_post-task-question,1746388456587,1746388466730,10.143,0.16905,json5
67f1a4f8dd44e7cd5adffa29,reading-task-tabular-3,1746388466843,1746388634642,167.799,2.79665,json5
67f1a4f8dd44e7cd5adffa29,reading-task-tabular-3_post-task-question,1746388634847,1746388640418,5.571,0.09285,json5
67f1a4f8dd44e7cd5adffa29,reading-task-tabular-4,1746388640535,1746388695842,55.307,0.9217833333333334,json5
67f1a4f8dd44e7cd5adffa29,reading-task-tabular-4_post-task-question,1746388696068,1746388702002,5.934,0.0989,json5
67f1a4f8dd44e7cd5adffa29,reading-task-tabular-5,1746388702110,1746388995770,293.66,4.894333333333334,json5
67f1a4f8dd44e7cd5adffa29,reading-task-tabular-5_post-task-question,1746388995959,1746389005282,9.323,0.15538333333333335,json5
67f1a4f8dd44e7cd5adffa29,writing-task-tabular,1746389005374,1746389786204,780.83,13.013833333333334,json5
67f1a4f8dd44e7cd5adffa29,writing-task-tabular_post-task-question,1746389786542,1746389797345,10.803,0.18005000000000002,json5
67f1a4f8dd44e7cd5adffa29,modifying-task-tabular-1,1746389797466,1746390207082,409.616,6.826933333333333,json5
67f1a4f8dd44e7cd5adffa29,modifying-task-tabular-1_post-task-question,1746390207307,1746390216201,8.894,0.14823333333333333,json5
67f1a4f8dd44e7cd5adffa29,modifying-task-tabular-2,1746390216332,1746390251761,35.429,0.5904833333333334,json5
67f1a4f8dd44e7cd5adffa29,modifying-task-tabular-2_post-task-question,1746390251942,1746390256305,4.363,0.07271666666666668,json5
67f1a4f8dd44e7cd5adffa29,modifying-task-tabular-3,1746390256428,1746390260153,3.725,0.06208333333333334,json5
67f1a4f8dd44e7cd5adffa29,modifying-task-tabular-3_post-task-question,1746390260374,1746390265049,4.675,0.07791666666666666,json5
67f1a4f8dd44e7cd5adffa29,modifying-task-tabular-4,1746390265161,1746390268513,3.352,0.05586666666666666,json5
67f1a4f8dd44e7cd5adffa29,modifying-task-tabular-4_post-task-question,1746390268684,1746390274169,5.485,0.09141666666666667,json5
67f1a4f8dd44e7cd5adffa29,$nasa-tlx.co.nasa-tlx,1746390274587,1746390313075,38.488,0.6414666666666666,json5
67f1a4f8dd44e7cd5adffa29,post-task-survey-tlx,1746390313602,1746390444330,130.728,2.1788000000000003,json5
67f1a4f8dd44e7cd5adffa29,unqualified,0,-1,-0.001,-1.6666666666666667e-05,json5
67f1c7bd6f1c4a3d8deae02f,introduction,1746143257299,1746143321657,64.358,1.0726333333333333,toml
67f1c7bd6f1c4a3d8deae02f,qualifications,1746143321996,1746143353573,31.577,0.5262833333333333,toml
67f1c7bd6f1c4a3d8deae02f,consent,1746143353804,1746143400639,46.835,0.7805833333333333,toml
67f1c7bd6f1c4a3d8deae02f,task,1746143400885,1746143547108,146.223,2.43705,toml
67f1c7bd6f1c4a3d8deae02f,writing-task-NL,1746143547272,1746143826156,278.884,4.648066666666667,toml
67f1c7bd6f1c4a3d8deae02f,writing-task-NL_post-task-question,1746143826427,1746143838704,12.277,0.20461666666666664,toml
67f1c7bd6f1c4a3d8deae02f,tutorial-part1,1746143838851,1746144294621,455.77,7.596166666666666,toml
67f1c7bd6f1c4a3d8deae02f,tutorial-part2,1746144294796,1746144427938,133.142,2.2190333333333334,toml
67f1c7bd6f1c4a3d8deae02f,reading-task-tabular-1,1746144428166,1746144591063,162.897,2.71495,toml
67f1c7bd6f1c4a3d8deae02f,reading-task-tabular-1_post-task-question,1746144591508,1746144604249,12.741,0.21234999999999998,toml
67f1c7bd6f1c4a3d8deae02f,reading-task-tabular-2,1746144604600,1746144676076,71.476,1.1912666666666667,toml
67f1c7bd6f1c4a3d8deae02f,reading-task-tabular-2_post-task-question,1746144676466,1746144684497,8.031,0.13385,toml
67f1c7bd6f1c4a3d8deae02f,reading-task-tabular-3,1746144684715,1746144902850,218.135,3.6355833333333334,toml
67f1c7bd6f1c4a3d8deae02f,reading-task-tabular-3_post-task-question,1746144903275,1746144908967,5.692,0.09486666666666667,toml
67f1c7bd6f1c4a3d8deae02f,reading-task-tabular-4,1746144909111,1746144963206,54.095,0.9015833333333333,toml
67f1c7bd6f1c4a3d8deae02f,reading-task-tabular-4_post-task-question,1746144963378,1746144972921,9.543,0.15905,toml
67f1c7bd6f1c4a3d8deae02f,reading-task-tabular-5,1746144973027,1746145043861,70.834,1.1805666666666668,toml
67f1c7bd6f1c4a3d8deae02f,reading-task-tabular-5_post-task-question,1746145044026,1746145051533,7.507,0.12511666666666665,toml
67f1c7bd6f1c4a3d8deae02f,writing-task-tabular,1746145051620,1746145550967,499.347,8.32245,toml
67f1c7bd6f1c4a3d8deae02f,writing-task-tabular_post-task-question,1746145551118,1746145558823,7.705,0.12841666666666668,toml
67f1c7bd6f1c4a3d8deae02f,modifying-task-tabular-1,1746145558905,1746145985427,426.522,7.1087,toml
67f1c7bd6f1c4a3d8deae02f,modifying-task-tabular-1_post-task-question,1746145985591,1746145993083,7.492,0.12486666666666667,toml
67f1c7bd6f1c4a3d8deae02f,modifying-task-tabular-2,1746145993242,1746146180852,187.61,3.1268333333333334,toml
67f1c7bd6f1c4a3d8deae02f,modifying-task-tabular-2_post-task-question,1746146181123,1746146186783,5.66,0.09433333333333334,toml
67f1c7bd6f1c4a3d8deae02f,modifying-task-tabular-3,1746146186924,1746146491406,304.482,5.074700000000001,toml
67f1c7bd6f1c4a3d8deae02f,modifying-task-tabular-3_post-task-question,1746146491682,1746146497175,5.493,0.09155,toml
67f1c7bd6f1c4a3d8deae02f,modifying-task-tabular-4,1746146497351,1746146627029,129.678,2.1612999999999998,toml
67f1c7bd6f1c4a3d8deae02f,modifying-task-tabular-4_post-task-question,1746146627320,1746146632540,5.22,0.087,toml
67f1c7bd6f1c4a3d8deae02f,$nasa-tlx.co.nasa-tlx,1746146632834,1746146718970,86.136,1.4356,toml
67f1c7bd6f1c4a3d8deae02f,post-task-survey-tlx,1746146719288,1746146833910,114.622,1.9103666666666668,toml
67f1c7bd6f1c4a3d8deae02f,unqualified,0,-1,-0.001,-1.6666666666666667e-05,toml
67f3619e16d4ca195fbd1bd0,introduction,1746158917520,1746159088526,171.006,2.8501,yaml
67f3619e16d4ca195fbd1bd0,qualifications,1746159088854,1746159101115,12.261,0.20434999999999998,yaml
67f3619e16d4ca195fbd1bd0,consent,1746159101407,1746159335009,233.602,3.8933666666666666,yaml
67f3619e16d4ca195fbd1bd0,task,1746159335296,1746159365503,30.207,0.5034500000000001,yaml
67f3619e16d4ca195fbd1bd0,writing-task-NL,1746159365628,1746159805784,440.156,7.335933333333333,yaml
67f3619e16d4ca195fbd1bd0,writing-task-NL_post-task-question,1746159806026,1746159815788,9.762,0.1627,yaml
67f3619e16d4ca195fbd1bd0,tutorial-part1,1746159815912,1746160031770,215.858,3.5976333333333335,yaml
67f3619e16d4ca195fbd1bd0,tutorial-part2,1746160031915,1746160156875,124.96,2.0826666666666664,yaml
67f3619e16d4ca195fbd1bd0,reading-task-tabular-1,1746160157117,1746160289540,132.423,2.20705,yaml
67f3619e16d4ca195fbd1bd0,reading-task-tabular-1_post-task-question,1746160289827,1746160299913,10.086,0.1681,yaml
67f3619e16d4ca195fbd1bd0,reading-task-tabular-2,1746160300092,1746160356437,56.345,0.9390833333333333,yaml
67f3619e16d4ca195fbd1bd0,reading-task-tabular-2_post-task-question,1746160356706,1746160360827,4.121,0.06868333333333335,yaml
67f3619e16d4ca195fbd1bd0,reading-task-tabular-3,1746160360953,1746160434849,73.896,1.2316,yaml
67f3619e16d4ca195fbd1bd0,reading-task-tabular-3_post-task-question,1746160435116,1746160441597,6.481,0.10801666666666666,yaml
67f3619e16d4ca195fbd1bd0,reading-task-tabular-4,1746160441726,1746160655363,213.637,3.5606166666666668,yaml
67f3619e16d4ca195fbd1bd0,reading-task-tabular-4_post-task-question,1746160655728,1746160660632,4.904,0.08173333333333334,yaml
67f3619e16d4ca195fbd1bd0,reading-task-tabular-5,1746160660768,1746160788346,127.578,2.1263,yaml
67f3619e16d4ca195fbd1bd0,reading-task-tabular-5_post-task-question,1746160788650,1746160792444,3.794,0.06323333333333334,yaml
67f3619e16d4ca195fbd1bd0,writing-task-tabular,1746160792565,1746161292111,499.546,8.325766666666667,yaml
67f3619e16d4ca195fbd1bd0,writing-task-tabular_post-task-question,1746161292355,1746161299030,6.675,0.11125,yaml
67f3619e16d4ca195fbd1bd0,modifying-task-tabular-1,1746161299144,1746161448317,149.173,2.4862166666666665,yaml
67f3619e16d4ca195fbd1bd0,modifying-task-tabular-1_post-task-question,1746161448597,1746161454701,6.104,0.10173333333333333,yaml
67f3619e16d4ca195fbd1bd0,modifying-task-tabular-2,1746161454838,1746161675481,220.643,3.6773833333333332,yaml
67f3619e16d4ca195fbd1bd0,modifying-task-tabular-2_post-task-question,1746161675713,1746161680965,5.252,0.08753333333333332,yaml
67f3619e16d4ca195fbd1bd0,modifying-task-tabular-3,1746161681088,1746161919529,238.441,3.9740166666666665,yaml
67f3619e16d4ca195fbd1bd0,modifying-task-tabular-3_post-task-question,1746161919777,1746161925245,5.468,0.09113333333333333,yaml
67f3619e16d4ca195fbd1bd0,modifying-task-tabular-4,1746161925374,1746162876591,951.217,15.853616666666666,yaml
67f3619e16d4ca195fbd1bd0,modifying-task-tabular-4_post-task-question,1746162876928,1746162883819,6.891,0.11485,yaml
67f3619e16d4ca195fbd1bd0,$nasa-tlx.co.nasa-tlx,1746162884082,1746162948692,64.61,1.0768333333333333,yaml
67f3619e16d4ca195fbd1bd0,post-task-survey-tlx,1746162949041,1746163176097,227.056,3.784266666666667,yaml
67f3619e16d4ca195fbd1bd0,unqualified,0,-1,-0.001,-1.6666666666666667e-05,yaml
67f5bb69760b211cdfe8021c,introduction,1746149313627,1746149356936,43.309,0.7218166666666667,jsonc
67f5bb69760b211cdfe8021c,qualifications,1746149358034,1746149371570,13.536,0.2256,jsonc
67f5bb69760b211cdfe8021c,consent,1746149372488,1746149388311,15.823,0.26371666666666665,jsonc
67f5bb69760b211cdfe8021c,task,1746149389195,1746149392894,3.699,0.061649999999999996,jsonc
67f5bb69760b211cdfe8021c,writing-task-NL,1746149393386,1746149540584,147.198,2.4533,jsonc
67f5bb69760b211cdfe8021c,writing-task-NL_post-task-question,1746149541853,1746149550234,8.381,0.13968333333333333,jsonc
67f5bb69760b211cdfe8021c,tutorial-part1,1746149550792,1746149658268,107.476,1.7912666666666666,jsonc
67f5bb69760b211cdfe8021c,tutorial-part2,1746149659071,1746149829093,170.022,2.8337,jsonc
67f5bb69760b211cdfe8021c,reading-task-tabular-1,1746149829980,1746149858304,28.324,0.4720666666666667,jsonc
67f5bb69760b211cdfe8021c,reading-task-tabular-1_post-task-question,1746149859240,1746149866485,7.245,0.12075,jsonc
67f5bb69760b211cdfe8021c,reading-task-tabular-2,1746149867264,1746149900161,32.897,0.5482833333333333,jsonc
67f5bb69760b211cdfe8021c,reading-task-tabular-2_post-task-question,1746149901352,1746149908565,7.213,0.12021666666666667,jsonc
67f5bb69760b211cdfe8021c,reading-task-tabular-3,1746149909189,1746149933321,24.132,0.4022,jsonc
67f5bb69760b211cdfe8021c,reading-task-tabular-3_post-task-question,1746149934414,1746149942269,7.855,0.13091666666666668,jsonc
67f5bb69760b211cdfe8021c,reading-task-tabular-4,1746149943180,1746149982477,39.297,0.6549499999999999,jsonc
67f5bb69760b211cdfe8021c,reading-task-tabular-4_post-task-question,1746149983549,1746149990633,7.084,0.11806666666666667,jsonc
67f5bb69760b211cdfe8021c,reading-task-tabular-5,1746149991246,1746150040179,48.933,0.81555,jsonc
67f5bb69760b211cdfe8021c,reading-task-tabular-5_post-task-question,1746150041331,1746150047497,6.166,0.10276666666666667,jsonc
67f5bb69760b211cdfe8021c,writing-task-tabular,1746150048109,1746150828548,780.439,13.007316666666666,jsonc
67f5bb69760b211cdfe8021c,writing-task-tabular_post-task-question,1746150829840,1746150837555,7.715,0.12858333333333333,jsonc
67f5bb69760b211cdfe8021c,modifying-task-tabular-1,1746150838143,1746151021012,182.869,3.047816666666667,jsonc
67f5bb69760b211cdfe8021c,modifying-task-tabular-1_post-task-question,1746151022268,1746151036148,13.88,0.23133333333333334,jsonc
67f5bb69760b211cdfe8021c,modifying-task-tabular-2,1746151036793,1746151172946,136.153,2.2692166666666664,jsonc
67f5bb69760b211cdfe8021c,modifying-task-tabular-2_post-task-question,1746151174171,1746151180085,5.914,0.09856666666666666,jsonc
67f5bb69760b211cdfe8021c,modifying-task-tabular-3,1746151180748,1746151249747,68.999,1.1499833333333334,jsonc
67f5bb69760b211cdfe8021c,modifying-task-tabular-3_post-task-question,1746151251020,1746151258957,7.937,0.13228333333333334,jsonc
67f5bb69760b211cdfe8021c,modifying-task-tabular-4,1746151259803,1746151654929,395.126,6.585433333333333,jsonc
67f5bb69760b211cdfe8021c,modifying-task-tabular-4_post-task-question,1746151656409,1746151664535,8.126,0.13543333333333332,jsonc
67f5bb69760b211cdfe8021c,$nasa-tlx.co.nasa-tlx,1746151665791,1746151712316,46.525,0.7754166666666666,jsonc
67f5bb69760b211cdfe8021c,post-task-survey-tlx,1746151714161,1746151780054,65.893,1.0982166666666666,jsonc
67f5bb69760b211cdfe8021c,unqualified,0,-1,-0.001,-1.6666666666666667e-05,jsonc
67f913a9b5c79e960807c7e3,introduction,1745931182584,1745931207113,24.529,0.40881666666666666,yaml
67f913a9b5c79e960807c7e3,qualifications,1745931207446,1745931290502,83.056,1.3842666666666665,yaml
67f913a9b5c79e960807c7e3,consent,1745931290791,1745931329816,39.025,0.6504166666666666,yaml
67f913a9b5c79e960807c7e3,task,1745931330449,1745931863712,533.263,8.887716666666668,yaml
67f913a9b5c79e960807c7e3,writing-task-NL,1745931863851,1745932034712,170.861,2.8476833333333333,yaml
67f913a9b5c79e960807c7e3,writing-task-NL_post-task-question,1745932034968,1745932040165,5.197,0.08661666666666666,yaml
67f913a9b5c79e960807c7e3,tutorial-part1,1745932040284,1745932466517,426.233,7.103883333333333,yaml
67f913a9b5c79e960807c7e3,tutorial-part2,1745932466647,1745932672434,205.787,3.4297833333333334,yaml
67f913a9b5c79e960807c7e3,reading-task-tabular-1,1745932672556,1745932773309,100.753,1.6792166666666666,yaml
67f913a9b5c79e960807c7e3,reading-task-tabular-1_post-task-question,1745932773505,1745932781110,7.605,0.12675,yaml
67f913a9b5c79e960807c7e3,reading-task-tabular-2,1745932781232,1745932864532,83.3,1.3883333333333332,yaml
67f913a9b5c79e960807c7e3,reading-task-tabular-2_post-task-question,1745932864707,1745932868522,3.815,0.06358333333333334,yaml
67f913a9b5c79e960807c7e3,reading-task-tabular-3,1745932868709,1745932975202,106.493,1.7748833333333331,yaml
67f913a9b5c79e960807c7e3,reading-task-tabular-3_post-task-question,1745932975552,1745932983493,7.941,0.13235,yaml
67f913a9b5c79e960807c7e3,reading-task-tabular-4,1745932983660,1745933067354,83.694,1.3949,yaml
67f913a9b5c79e960807c7e3,reading-task-tabular-4_post-task-question,1745933067577,1745933076227,8.65,0.14416666666666667,yaml
67f913a9b5c79e960807c7e3,reading-task-tabular-5,1745933076419,1745933234189,157.77,2.6295,yaml
67f913a9b5c79e960807c7e3,reading-task-tabular-5_post-task-question,1745933234382,1745933241908,7.526,0.12543333333333334,yaml
67f913a9b5c79e960807c7e3,writing-task-tabular,1745933242018,1745933869137,627.119,10.451983333333335,yaml
67f913a9b5c79e960807c7e3,writing-task-tabular_post-task-question,1745933869459,1745933877867,8.408,0.14013333333333333,yaml
67f913a9b5c79e960807c7e3,modifying-task-tabular-1,1745933878034,1745934162105,284.071,4.734516666666667,yaml
67f913a9b5c79e960807c7e3,modifying-task-tabular-1_post-task-question,1745934162459,1745934167299,4.84,0.08066666666666666,yaml
67f913a9b5c79e960807c7e3,modifying-task-tabular-2,1745934167513,1745934264461,96.948,1.6158,yaml
67f913a9b5c79e960807c7e3,modifying-task-tabular-2_post-task-question,1745934264804,1745934272259,7.455,0.12425,yaml
67f913a9b5c79e960807c7e3,modifying-task-tabular-3,1745934273550,1745934471698,198.148,3.3024666666666667,yaml
67f913a9b5c79e960807c7e3,modifying-task-tabular-3_post-task-question,1745934472031,1745934478546,6.515,0.10858333333333332,yaml
67f913a9b5c79e960807c7e3,modifying-task-tabular-4,1745934479158,1745934837302,358.144,5.9690666666666665,yaml
67f913a9b5c79e960807c7e3,modifying-task-tabular-4_post-task-question,1745934837526,1745934847755,10.229,0.17048333333333332,yaml
67f913a9b5c79e960807c7e3,$nasa-tlx.co.nasa-tlx,1745934847962,1745934890600,42.638,0.7106333333333333,yaml
67f913a9b5c79e960807c7e3,post-task-survey-tlx,1745934890913,1745935015832,124.919,2.081983333333333,yaml
67f913a9b5c79e960807c7e3,unqualified,0,-1,-0.001,-1.6666666666666667e-05,yaml
